date,instrument,realized_range_atr,rth_ret_pct,on_ret_pct
2021-01-26,SPY,0.5287356,-0.4203316,0.2653555
2021-01-27,SPY,1.979581,-1.533242,-0.924985
2021-01-28,SPY,1.348859,0.3614426,0.4967816
2021-01-29,SPY,1.84124,-1.464441,-0.5455075
2021-02-01,SPY,1.203776,0.6393109,1.018726
2021-02-02,SPY,0.698264,0.49252,0.9169923
2021-02-03,SPY,0.5925342,-0.1516617,0.2306382
2021-02-04,SPY,0.6349456,0.8250007,0.3090219
2021-02-09,SPY,0.3232649,0.1796945,-0.2458324
2021-02-11,SPY,0.683347,-0.1609853,0.3230107
2021-02-12,SPY,0.5878078,0.7079101,-0.2124338
2021-02-17,SPY,0.6466965,0.5020106,-0.476676
2021-02-18,SPY,0.83831,0.2977718,-0.7212212
2021-02-19,SPY,0.6581794,-0.5279265,0.3531941
2021-02-22,SPY,0.7528709,-0.007750736,-0.7614799
2021-02-24,SPY,1.895762,1.434378,-0.3277419
2021-02-25,SPY,2.820089,-2.094697,-0.3216173
2021-02-26,SPY,1.666262,-1.061284,0.5518793
2021-03-01,SPY,1.122933,1.019059,1.390788
2021-03-02,SPY,0.764268,-0.8541309,0.07443914
2021-03-03,SPY,1.004876,-1.14299,-0.1836809
2021-03-04,SPY,2.185049,-1.185667,-0.05243564
2021-03-05,SPY,1.966707,0.8464551,0.9848686
2021-03-08,SPY,0.9206366,-0.7720502,0.2763079
2021-03-09,SPY,0.651591,0.3343008,1.089804
2021-03-10,SPY,0.4346107,-0.002566801,0.6250484
2021-03-12,SPY,0.3954951,0.5024357,-0.3659187
2021-03-15,SPY,0.6119319,0.5096349,0.08628128
2021-03-17,SPY,0.6887471,0.6843066,-0.3409866
2021-03-18,SPY,0.8930811,-0.7630105,-0.6972763
2021-03-19,SPY,0.6803681,-0.1179669,-0.393379
2021-03-22,SPY,0.6719073,0.6615215,0.1360789
2021-03-23,SPY,0.7897984,-0.609865,-0.1783031
2021-03-24,SPY,0.8745333,-0.8697432,0.36457
2021-03-26,SPY,1.189092,1.278838,0.3284578
2021-03-29,SPY,0.7588442,0.362622,-0.411637
2021-03-30,SPY,0.4923438,0.0963611,-0.3613118
2021-03-31,SPY,0.5588257,0.2478816,0.1570694
2021-04-06,SPY,0.3804405,0.07145849,-0.1304262
2021-04-07,SPY,0.317965,0.1576549,-0.04185955
2021-04-12,SPY,0.4226139,0.1898457,-0.1531021
2021-04-13,SPY,0.618025,0.3134339,-0.01700515
2021-04-14,SPY,0.8278775,-0.3415201,0.0
2021-04-15,SPY,0.6930554,0.5026704,0.5687204
2021-04-19,SPY,0.9478411,-0.2522462,-0.2396587
2021-04-20,SPY,1.323091,-0.4251927,-0.3082777
2021-04-21,SPY,1.534375,1.098287,-0.1504234
2021-04-22,SPY,1.700075,-0.8751893,-0.03845507
2021-04-23,SPY,1.598073,0.9495664,0.1334077
2021-04-26,SPY,0.3693152,0.0455177,0.1631713
2021-04-27,SPY,0.5416091,-0.1076632,0.08620483
2021-04-28,SPY,0.6236673,-0.1053035,0.07664304
2021-04-30,SPY,0.6367583,-0.08858668,-0.5689663
2021-05-03,SPY,0.6046465,-0.2885005,0.5056314
2021-05-04,SPY,1.365482,-0.08894445,-0.5284553
2021-05-05,SPY,0.6981185,-0.4024627,0.435494
2021-05-06,SPY,1.490997,0.7864358,0.01202646
2021-05-07,SPY,0.925735,0.5406693,0.1861264
2021-05-10,SPY,1.239852,-1.090995,0.1018668
2021-05-11,SPY,1.30518,0.2638459,-1.153276
2021-05-12,SPY,1.85065,-1.415266,-0.7194418
2021-05-13,SPY,1.189301,0.8009434,0.3971288
2021-05-14,SPY,0.948966,0.8106865,0.7190212
2021-05-17,SPY,0.609969,0.03129589,-0.2856594
2021-05-18,SPY,0.8493248,-0.9259482,0.06497882
2021-05-19,SPY,1.096646,0.9657681,-1.216197
2021-05-20,SPY,0.9213588,0.8524176,0.2214866
2021-05-24,SPY,0.5780921,0.4264597,0.5904468
2021-05-25,SPY,0.5595292,-0.4972284,0.2767374
2021-05-26,SPY,0.333269,0.04297071,0.1554132
2021-05-27,SPY,0.2997231,-0.207064,0.2600997
2021-05-28,SPY,0.2841652,-0.2351376,0.4149872
2021-06-02,SPY,0.4203684,-0.00475794,0.1620321
2021-06-04,SPY,0.5766679,0.4444656,0.4680373
2021-06-07,SPY,0.4348081,-0.08519702,-0.01183152
2021-06-08,SPY,0.8163018,-0.2079592,0.2297544
2021-06-09,SPY,0.5348282,-0.3544842,0.2060244
2021-06-11,SPY,0.5503009,0.04479864,0.1203938
2021-06-14,SPY,0.7952276,0.1955564,0.02828121
2021-06-15,SPY,0.7580942,-0.2303389,0.04703005
2021-06-16,SPY,2.00234,-0.5887756,0.03062571
2021-06-17,SPY,1.38195,0.08301314,-0.1160835
2021-06-21,SPY,1.608437,0.9619767,0.4651499
2021-06-22,SPY,1.163081,0.5346196,0.0
2021-06-23,SPY,0.4356758,-0.1417769,0.02127106
2021-06-24,SPY,0.2791296,0.04000659,0.5513488
2021-06-28,SPY,0.5374046,0.07960106,0.1218912
2021-06-30,SPY,0.4994355,0.2060022,-0.1215805
2021-07-06,SPY,1.238116,-0.189049,0.006916905
2021-07-07,SPY,0.9586812,0.170617,0.1824775
2021-07-08,SPY,1.289171,0.5084667,-1.316577
2021-07-09,SPY,0.9986714,0.6842981,0.3805811
2021-07-12,SPY,0.7098507,0.3674107,-0.009184423
2021-07-13,SPY,0.8282474,-0.1421334,-0.1990482
2021-07-14,SPY,1.018489,-0.2606429,0.4109369
2021-07-15,SPY,0.9179792,-0.009199844,-0.3323858
2021-07-16,SPY,1.653886,-1.077883,0.2967223
2021-07-20,SPY,1.958837,1.251967,0.1788362
2021-07-21,SPY,0.5915983,0.499549,0.3085417
2021-07-22,SPY,0.4554122,0.1494906,0.05983201
2021-07-23,SPY,0.7916633,0.5416276,0.4845451
2021-07-26,SPY,0.3929279,0.3778223,-0.1318362
2021-07-27,SPY,0.9090162,-0.2113925,-0.2448869
2021-07-28,SPY,0.6617166,-0.2024015,0.1617275
2021-07-29,SPY,0.4750213,0.1841579,0.2301575
2021-07-30,SPY,0.5650335,0.1210101,-0.6059231
2021-08-02,SPY,0.8875306,-0.6335438,0.4264441
2021-08-03,SPY,1.240233,0.6158057,0.196531
2021-08-04,SPY,0.3840053,-0.1909872,-0.3014848
2021-08-05,SPY,0.4642316,0.3498251,0.282473
2021-08-09,SPY,0.4233756,-0.07684137,-0.004519876
2021-08-10,SPY,0.5098039,0.01355565,0.1108271
2021-08-12,SPY,0.9084771,0.3426588,-0.04281401
2021-08-16,SPY,1.611948,0.5330634,-0.2960172
2021-08-17,SPY,1.596781,-0.05401999,-0.6018301
2021-08-18,SPY,2.03776,-0.8466349,-0.2499775
2021-08-20,SPY,1.270706,0.7315854,0.06365662
2021-08-23,SPY,0.9734473,0.444664,0.4330567
2021-08-24,SPY,0.3552333,0.01339555,0.1453293
2021-08-25,SPY,0.5435945,0.1539423,0.05580731
2021-08-26,SPY,0.9040899,-0.5216228,-0.06905616
2021-08-27,SPY,1.158065,0.7045404,0.1882311
2021-08-31,SPY,0.4620559,-0.1326964,-0.01547885
2021-09-01,SPY,0.4576023,-0.1767565,0.2303127
2021-09-03,SPY,0.6035233,0.2345029,-0.2581699
2021-09-07,SPY,0.6287698,-0.2871278,-0.0706277
2021-09-08,SPY,0.9267139,0.0,-0.121827
2021-09-09,SPY,1.358243,-0.386049,-0.04213701
2021-09-10,SPY,2.265099,-1.248143,0.4654996
2021-09-13,SPY,1.667781,-0.4591655,0.7183908
2021-09-14,SPY,1.774438,-0.8814603,0.344843
2021-09-15,SPY,1.576098,0.7286794,0.1058153
2021-09-16,SPY,1.277636,-0.03353304,-0.1250335
2021-09-17,SPY,1.242173,-0.7978425,-0.4964555
2021-09-21,SPY,1.117557,-0.6870806,0.5967192
2021-09-22,SPY,1.088965,0.4127872,0.5603856
2021-09-23,SPY,1.07752,0.7639489,0.4476317
2021-09-24,SPY,0.6592433,0.5481438,-0.3813349
2021-09-27,SPY,0.4026917,-0.03161841,-0.2545561
2021-09-28,SPY,1.329274,-1.366748,-0.6574191
2021-09-29,SPY,0.5482647,-0.1654526,0.3343171
2021-09-30,SPY,1.354086,-1.568879,0.3521694
2021-10-01,SPY,1.491435,0.7587535,0.4264343
2021-10-04,SPY,1.227092,-1.006928,-0.2855564
2021-10-05,SPY,0.9540648,0.6436921,0.3942703
2021-10-06,SPY,1.162255,1.306809,-0.8797045
2021-10-07,SPY,0.5141285,0.03420675,0.8300759
2021-10-08,SPY,0.3959626,-0.3890165,0.20745
2021-10-11,SPY,0.9244663,-0.5513612,-0.1735715
2021-10-12,SPY,0.5368348,-0.4705396,0.225448
2021-10-13,SPY,0.7577146,0.112724,0.2467598
2021-10-14,SPY,0.7101828,0.783492,0.8915851
2021-10-18,SPY,0.696218,0.7184685,-0.4194048
2021-10-21,SPY,0.4688103,0.3984152,-0.1370438
2021-10-25,SPY,0.7613883,0.2883938,0.2471751
2021-10-27,SPY,0.8142845,-0.5586103,0.1162383
2021-10-28,SPY,0.7753603,0.6190999,0.3436578
2021-10-29,SPY,1.021059,0.7348103,-0.5280154
2021-11-03,SPY,1.204511,0.7391992,-0.1277333
2021-11-08,SPY,0.629774,-0.1533057,0.2390455
2021-11-09,SPY,1.189911,-0.4197294,0.08956561
2021-11-10,SPY,1.65767,-0.4273963,-0.3787068
2021-11-11,SPY,0.4478361,-0.2966785,0.3300116
2021-11-12,SPY,1.14404,0.455767,0.2975613
2021-11-15,SPY,0.7712503,-0.2624504,0.2974726
2021-11-16,SPY,1.037318,0.453806,-0.05776266
2021-11-17,SPY,0.516499,-0.1769836,-0.06605864
2021-11-18,SPY,1.17778,0.1065576,0.2328363
2021-11-19,SPY,0.7869535,-0.1533187,-0.02554659
2021-11-23,SPY,1.377146,0.2183359,-0.08554869
2021-11-24,SPY,1.290947,0.7079418,-0.4378564
2021-11-29,SPY,1.173361,0.1055784,1.119899
2021-11-30,SPY,1.936737,-1.393939,-0.5596212
2021-12-01,SPY,2.92945,-2.421591,1.343402
2021-12-02,SPY,1.574471,1.464064,0.06659267
2021-12-03,SPY,1.875582,-1.25656,0.3913424
2021-12-06,SPY,1.09792,0.594194,0.5866526
2021-12-07,SPY,0.6532129,0.8311442,1.227141
2021-12-08,SPY,0.4279506,0.1770893,0.08755445
2021-12-09,SPY,0.3963586,-0.3781082,-0.2981769
2021-12-10,SPY,0.5874594,0.3111149,0.6282835
2021-12-13,SPY,0.5626757,-0.7804525,-0.1062157
2021-12-14,SPY,0.7317909,0.07126968,-0.7587286
2021-12-15,SPY,1.325087,1.538395,0.02373964
2021-12-21,SPY,0.8857104,0.9461109,0.8220142
2021-12-22,SPY,0.7113918,1.054428,-0.05398868
2021-12-23,SPY,0.4999246,0.3903833,0.2309222
2021-12-29,SPY,0.4288079,0.09223545,0.03564913
2021-12-30,SPY,0.5534322,-0.3807691,0.1047164
2021-12-31,SPY,0.363658,-0.1387662,-0.1134073
2022-01-03,SPY,0.6857949,0.2644559,0.3137106
2022-01-05,SPY,1.713961,-1.858565,-0.06282065
2022-01-06,SPY,0.9547879,-0.01282051,-0.08113071
2022-01-07,SPY,0.8348455,-0.4081197,0.01282216
2022-01-11,SPY,1.496403,0.9693921,-0.0580009
2022-01-12,SPY,0.8221104,-0.1335736,0.4044705
2022-01-13,SPY,1.840587,-1.624312,0.2505201
2022-01-14,SPY,0.9444989,0.7850792,-0.7383807
2022-01-18,SPY,0.8650163,-0.7285143,-1.050095
2022-01-19,SPY,1.397769,-1.40553,0.3724068
2022-01-20,SPY,2.003558,-1.5427,0.4427227
2022-01-25,SPY,1.465565,0.2954824,-1.511913
2022-01-26,SPY,1.655162,-1.865858,1.645683
2022-01-27,SPY,1.269867,-1.572593,1.096036
2022-01-28,SPY,1.415472,2.13774,0.3385586
2022-01-31,SPY,0.9750826,1.918721,-0.1153977
2022-02-01,SPY,0.6195101,0.5126043,0.1622547
2022-02-03,SPY,0.6738366,-0.9602377,-1.403739
2022-02-04,SPY,0.8160408,0.5512729,-0.08060905
2022-02-07,SPY,0.4576975,-0.4983315,0.1782928
2022-02-08,SPY,0.614809,0.9582233,-0.1341502
2022-02-09,SPY,0.2588727,0.4941905,0.9646516
2022-02-10,SPY,1.011874,-0.4607887,-1.341959
2022-02-11,SPY,1.216033,-1.967505,-0.004451171
2022-02-14,SPY,0.6306306,-0.1955079,-0.1316805
2022-02-15,SPY,0.3279432,0.5046636,1.102455
2022-02-16,SPY,0.6872891,0.5991801,-0.4841964
2022-02-17,SPY,0.8704204,-1.380929,-0.7657859
2022-02-18,SPY,0.8354375,-0.7496971,0.1029607
2022-02-22,SPY,1.217556,-0.5509897,-0.5250674
2022-02-23,SPY,1.463843,-2.473131,0.7169961
2022-02-25,SPY,1.096686,1.887627,0.3128648
2022-02-28,SPY,0.8177481,1.017977,-1.260994
2022-03-01,SPY,1.064876,-1.181283,-0.3458306
2022-03-02,SPY,0.8369685,1.293084,0.53956
2022-03-04,SPY,0.5773781,0.1111909,-0.922632
2022-03-07,SPY,1.359689,-2.815237,-0.1365204
2022-03-08,SPY,1.249944,-0.8621716,0.1049043
2022-03-09,SPY,0.6667431,0.5292125,2.140541
2022-03-10,SPY,0.569885,0.7243975,-1.167497
2022-03-11,SPY,0.8990173,-1.898645,0.639278
2022-03-14,SPY,0.8353829,-0.9454131,0.2166306
2022-03-15,SPY,0.8117817,1.551256,0.6378897
2022-03-17,SPY,0.8108467,1.739211,-0.479776
2022-03-18,SPY,0.800479,1.532628,-0.7391117
2022-03-23,SPY,0.521312,-0.6936675,-0.5983229
2022-03-24,SPY,0.6395768,1.047508,0.45516
2022-03-28,SPY,0.7099515,0.8561189,-0.1435861
2022-03-30,SPY,0.6473988,-0.3454344,-0.2729932
2022-03-31,SPY,1.013176,-1.371419,-0.1700458
2022-04-01,SPY,0.6129722,-0.08382969,0.3675494
2022-04-04,SPY,0.6820896,0.7943513,0.06182107
2022-04-05,SPY,1.261945,-0.9226105,-0.3436953
2022-04-07,SPY,1.16776,0.6955819,-0.190361
2022-04-08,SPY,0.7689769,-0.1049013,-0.1626668
2022-04-11,SPY,0.938015,-0.94346,-0.7730634
2022-04-12,SPY,1.485071,-1.067672,0.7046736
2022-04-13,SPY,0.9764699,1.221573,-0.07529261
2022-04-14,SPY,1.114562,-1.27413,0.02932485
2022-04-18,SPY,0.6349311,0.2839283,-0.2421252
2022-04-19,SPY,1.269237,1.637472,-0.02283261
2022-04-20,SPY,0.6272663,-0.5011746,0.4291749
2022-04-26,SPY,1.27418,-2.305597,-0.60442
2022-04-27,SPY,0.9701329,-0.02635488,0.3076184
2022-04-28,SPY,1.472911,1.335955,1.1743
2022-04-29,SPY,1.716269,-2.729247,-0.9934317
2022-05-02,SPY,1.155978,0.5995,0.002427184
2022-05-03,SPY,0.5800082,0.3542937,0.1037445
2022-05-04,SPY,1.707814,2.86002,0.1801239
2022-05-05,SPY,1.551567,-2.536624,-1.044143
2022-05-06,SPY,0.8300974,0.04377858,-0.6403905
2022-05-09,SPY,0.8777152,-1.734946,-1.492682
2022-05-10,SPY,0.9574248,-1.337454,1.589773
2022-05-11,SPY,0.9834711,-1.316616,-0.2756271
2022-05-13,SPY,0.6262351,1.257782,1.118927
2022-05-16,SPY,0.5237955,0.01249875,-0.4182017
2022-05-17,SPY,0.4936856,0.4452535,1.604639
2022-05-18,SPY,1.124772,-2.889572,-1.175549
2022-05-19,SPY,0.5775918,0.2161495,-0.8268259
2022-05-20,SPY,1.160617,-0.8575064,0.9089509
2022-05-23,SPY,0.6320162,1.041163,0.821292
2022-05-24,SPY,0.6931911,0.3490268,-1.108536
2022-05-25,SPY,0.6621175,1.276889,-0.3884333
2022-05-26,SPY,0.8186243,1.662988,0.3296676
2022-05-31,SPY,0.6296984,-0.1185235,-0.4430959
2022-06-01,SPY,0.9452119,-1.351156,0.54973
2022-06-02,SPY,1.076923,1.906831,-0.002441466
2022-06-03,SPY,0.469123,-0.4679128,-1.178754
2022-06-06,SPY,0.6408974,-0.7160768,1.027914
2022-06-07,SPY,0.9124886,1.864602,-0.8888025
2022-06-08,SPY,0.5740923,-0.6547001,-0.4353683
2022-06-09,SPY,1.203244,-1.934727,-0.4523126
2022-06-14,SPY,0.7921983,-0.7881329,0.4906667
2022-06-15,SPY,1.295205,0.4955874,0.9254554
2022-06-17,SPY,0.736869,0.1176696,-0.3327424
2022-06-21,SPY,0.4923651,0.8523797,1.650905
2022-06-22,SPY,0.8643289,1.000863,-1.170448
2022-06-23,SPY,0.6042872,0.3636943,0.6143326
2022-06-24,SPY,0.9184472,2.267782,0.8913929
2022-06-27,SPY,0.4003794,-0.6468603,0.266612
2022-06-29,SPY,0.3863424,-0.2151328,0.1339813
2022-06-30,SPY,0.8233196,0.2604513,-1.070095
2022-07-01,SPY,0.8139354,1.232076,-0.1722995
2022-07-05,SPY,0.9654805,1.585106,-1.374462
2022-07-06,SPY,0.7060152,0.3088439,0.02879883
2022-07-07,SPY,0.5356343,1.004882,0.4879322
2022-07-08,SPY,0.59258,0.3900196,-0.4704491
2022-07-11,SPY,0.4387817,-0.4353347,-0.710114
2022-07-12,SPY,0.9495237,-0.7376323,-0.1483486
2022-07-13,SPY,0.9938229,0.997094,-1.507234
2022-07-15,SPY,0.6415819,0.6560033,1.246328
2022-07-18,SPY,1.204467,-1.627733,0.8153091
2022-07-19,SPY,1.020231,1.579615,1.104857
2022-07-20,SPY,0.7260156,0.5783439,0.05863308
2022-07-21,SPY,0.9878092,1.179784,-0.1595866
2022-07-25,SPY,0.4531644,-0.03790559,0.1594573
2022-07-26,SPY,0.604758,-0.7490351,-0.4373436
2022-07-27,SPY,1.311284,1.675836,0.9056256
2022-07-28,SPY,1.213313,1.052658,0.1994813
2022-08-01,SPY,0.6644853,0.3934891,-0.6869099
2022-08-02,SPY,0.8375336,-0.2371464,-0.4235947
2022-08-03,SPY,0.7790831,0.9868421,0.5734451
2022-08-04,SPY,0.3620096,-0.01931201,-0.04825673
2022-08-05,SPY,0.6552577,0.9251123,-1.084096
2022-08-09,SPY,0.4024085,-0.2304147,-0.1670743
2022-08-12,SPY,1.008891,1.184553,0.5023929
2022-08-15,SPY,0.7341234,0.9771373,-0.5595879
2022-08-16,SPY,0.7654767,0.4864132,-0.2891386
2022-08-17,SPY,0.8533858,0.1666901,-0.8750291
2022-08-18,SPY,0.5589935,0.2600872,0.03046994
2022-08-19,SPY,0.7638082,-0.6425495,-0.7057889
2022-08-23,SPY,0.6434245,-0.1477141,-0.09435103
2022-08-24,SPY,0.6893623,0.3809755,-0.06062811
2022-08-25,SPY,1.000196,1.021022,0.3867817
2022-08-26,SPY,2.645315,-3.373385,-0.01191867
2022-08-30,SPY,1.279413,-1.396558,0.3030077
2022-08-31,SPY,0.9851409,-1.185237,0.4294217
2022-09-02,SPY,1.789372,-2.01349,0.9787599
2022-09-06,SPY,0.8461008,-0.602854,0.2269019
2022-09-07,SPY,1.232677,1.898199,-0.09980551
2022-09-08,SPY,0.957569,1.246681,-0.5857509
2022-09-09,SPY,0.6902906,0.9509149,0.5969329
2022-09-13,SPY,1.599346,-2.126282,-2.270239
2022-09-14,SPY,0.6241723,0.02027781,0.3612312
2022-09-15,SPY,0.8758398,-0.7050319,-0.4333502
2022-09-19,SPY,0.8165919,1.642818,-0.8533043
2022-09-20,SPY,0.6196142,-0.2622695,-0.8879166
2022-09-21,SPY,1.511797,-2.245765,0.5129006
2022-09-26,SPY,0.8873762,-0.5731285,-0.4185351
2022-09-27,SPY,1.161881,-1.258118,1.015619
2022-09-28,SPY,1.172312,1.671057,0.2917057
2022-09-29,SPY,0.8741153,-1.101328,-0.9985696
2022-09-30,SPY,1.0067,-1.296046,-0.2535902
2022-10-03,SPY,1.037366,1.52027,1.103085
2022-10-05,SPY,0.9531676,1.009857,-1.230256
2022-10-06,SPY,0.6698937,-0.6522028,-0.3818717
2022-10-07,SPY,0.9514673,-1.698911,-1.109325
2022-10-10,SPY,0.7025321,-1.093407,0.3335263
2022-10-11,SPY,0.7938033,-0.1562936,-0.4777512
2022-10-12,SPY,0.3923868,-0.4328279,0.1034271
2022-10-14,SPY,1.406775,-2.96033,0.7022434
2022-10-17,SPY,0.4046828,0.7774939,1.778374
2022-10-19,SPY,0.6374231,-0.1300884,-0.5793118
2022-10-20,SPY,0.8434997,-0.7226886,-0.1166893
2022-10-21,SPY,1.184405,2.514311,-0.08209956
2022-10-25,SPY,0.7125487,1.637093,-0.03959142
2022-10-26,SPY,0.6892512,0.0864576,-0.8391354
2022-10-27,SPY,0.6273611,-0.8118197,0.28009
2022-10-28,SPY,1.149742,2.403327,-0.02368546
2022-10-31,SPY,0.354912,-0.07244689,-0.6503522
2022-11-02,SPY,1.565775,-2.367434,-0.1456361
2022-11-04,SPY,1.124106,-0.1724138,1.614512
2022-11-07,SPY,0.646055,0.5957109,0.3587086
2022-11-08,SPY,0.9829222,0.2493111,0.2895118
2022-11-09,SPY,0.9884518,-1.534372,-0.5340314
2022-11-10,SPY,1.230438,1.698016,3.733996
2022-11-11,SPY,0.6897262,0.7355915,0.2305607
2022-11-14,SPY,0.6471813,-0.3982859,-0.4541919
2022-11-16,SPY,0.355204,-0.347756,-0.4165726
2022-11-17,SPY,0.5898237,0.9603319,-1.254267
2022-11-18,SPY,0.6105639,-0.4149065,0.8725649
2022-11-21,SPY,0.3876356,-0.03293474,-0.330783
2022-11-22,SPY,0.6464475,0.8168205,0.5245951
2022-11-23,SPY,0.517011,0.7157874,-0.08502126
2022-11-28,SPY,0.9030719,-0.7769229,-0.8251932
2022-11-29,SPY,0.6174988,-0.1944444,0.02273244
2022-11-30,SPY,2.288314,3.118756,0.03036207
2022-12-02,SPY,1.040473,1.186154,-1.286268
2022-12-05,SPY,1.229969,-1.069545,-0.7372638
2022-12-06,SPY,1.453052,-1.419274,-0.02252309
2022-12-07,SPY,0.6351443,0.06872153,-0.2386817
2022-12-08,SPY,0.6716123,0.3088451,0.4730898
2022-12-09,SPY,0.7826523,-0.4329224,-0.3154654
2022-12-12,SPY,0.9740815,1.233221,0.2059601
2022-12-14,SPY,1.449265,-0.5453323,-0.09453442
2022-12-15,SPY,1.105382,-1.206927,-1.254382
2022-12-19,SPY,0.7398998,-0.884171,0.03652777
2022-12-20,SPY,0.5750811,0.3322084,-0.1947266
2022-12-21,SPY,0.6843059,0.7538999,0.7357965
2022-12-22,SPY,1.227682,-0.6290293,-0.8026306
2022-12-23,SPY,0.6762569,0.8560291,-0.2784198
2022-12-27,SPY,0.4862033,-0.3709315,-0.02350422
2022-12-28,SPY,1.023441,-1.24279,0.0
2022-12-29,SPY,0.7450961,1.006269,0.7858546
2022-12-30,SPY,0.5674842,0.4623427,-0.7224077
2023-01-03,SPY,1.169223,-0.9467825,0.5308161
2023-01-04,SPY,0.7796931,0.1409112,0.630219
2023-01-05,SPY,0.4295852,-0.6234283,-0.5211591
2023-01-06,SPY,1.426845,1.448215,0.832938
2023-01-10,SPY,0.6683015,0.8651189,-0.1624297
2023-01-11,SPY,0.6521331,0.859365,0.4019663
2023-01-12,SPY,0.9298044,0.08320097,0.2806432
2023-01-13,SPY,0.888594,1.232059,-0.8338372
2023-01-17,SPY,0.5230479,-0.1631444,-0.02007528
2023-01-18,SPY,1.491914,-1.867449,0.2941398
2023-01-19,SPY,0.6031062,-0.149016,-0.579836
2023-01-20,SPY,1.25158,1.520708,0.3370729
2023-01-23,SPY,1.135113,0.9932189,0.2046075
2023-01-24,SPY,0.559455,0.3309266,-0.436812
2023-01-25,SPY,1.213617,1.118913,-1.069465
2023-01-27,SPY,0.7924212,0.5004211,-0.269302
2023-01-30,SPY,0.8615798,-0.5363128,-0.7222441
2023-01-31,SPY,1.039376,1.346365,0.1223196
2023-02-01,SPY,1.993556,1.379532,-0.3124385
2023-02-03,SPY,0.9446715,0.1822157,-1.242862
2023-02-06,SPY,0.5119301,0.01464236,-0.6256821
2023-02-07,SPY,1.416856,1.523376,-0.2122831
2023-02-08,SPY,0.7306627,-0.6123239,-0.4841157
2023-02-09,SPY,1.37395,-1.785327,0.9351029
2023-02-10,SPY,0.5304146,0.5396082,-0.3046009
2023-02-13,SPY,0.7616062,1.017936,0.1543966
2023-02-14,SPY,1.036578,0.3282356,-0.3730349
2023-02-15,SPY,0.7192273,0.8772357,-0.5476929
2023-02-16,SPY,0.7625797,-0.112541,-1.265762
2023-02-17,SPY,0.5453269,0.2807052,-0.5290487
2023-02-22,SPY,0.6418365,-0.2527844,0.1152622
2023-02-23,SPY,1.008134,-0.1669449,0.7000552
2023-02-27,SPY,0.7709646,-0.5451227,0.8905596
2023-02-28,SPY,0.524541,-0.2492133,-0.1206849
2023-03-01,SPY,0.6005538,-0.1795423,-0.2044112
2023-03-03,SPY,1.045467,1.158775,0.4399085
2023-03-07,SPY,1.327456,-1.53287,0.0
2023-03-08,SPY,0.5819689,0.1430902,0.02008688
2023-03-09,SPY,2.087845,-2.038978,0.1980347
2023-03-14,SPY,1.060015,0.3303965,1.318248
2023-03-15,SPY,0.9140594,0.8889465,-1.501034
2023-03-16,SPY,1.569573,2.388399,-0.6190917
2023-03-17,SPY,0.8753273,-0.7961945,-0.7548408
2023-03-20,SPY,0.5906989,0.7574594,0.2025693
2023-03-22,SPY,1.462445,-1.652872,-0.05264345
2023-03-23,SPY,1.205535,-0.4683307,0.7421387
2023-03-24,SPY,0.8506062,1.003012,-0.3433629
2023-03-27,SPY,0.4315003,-0.4219303,0.6114972
2023-03-28,SPY,0.3721637,-0.05558082,-0.1689828
2023-03-29,SPY,0.3839269,0.385183,1.064206
2023-04-03,SPY,0.4530094,0.4964296,-0.114805
2023-04-04,SPY,0.767303,-0.7022062,0.1484365
2023-04-05,SPY,0.4759932,-0.06129705,-0.2006509
2023-04-06,SPY,0.7102128,0.5850397,-0.1938175
2023-04-10,SPY,0.7341415,0.7278987,-0.6207385
2023-04-11,SPY,0.4448227,-0.119451,0.1464808
2023-04-12,SPY,0.9841956,-0.9106362,0.5076638
2023-04-13,SPY,1.170183,1.048438,0.2769268
2023-04-17,SPY,0.7083773,0.3661227,-0.007273433
2023-04-19,SPY,0.721261,0.4779581,-0.4925038
2023-04-20,SPY,0.899689,0.1385816,-0.6833438
2023-04-21,SPY,0.6452327,0.0,0.07769253
2023-04-24,SPY,0.6770546,0.1553436,-0.05094614
2023-04-25,SPY,1.428145,-1.088783,-0.5040836
2023-04-26,SPY,1.088701,-0.6071332,0.1846927
2023-04-27,SPY,1.557621,1.394011,0.5885844
2023-04-28,SPY,1.088264,1.088832,-0.2327781
2023-05-02,SPY,1.665818,-0.9499012,-0.1756877
2023-05-03,SPY,1.377628,-0.8095296,0.1241359
2023-05-04,SPY,0.7901719,-0.4374432,-0.2720455
2023-05-05,SPY,1.155198,0.9146714,0.9280972
2023-05-08,SPY,0.4075403,-0.0387503,0.06543392
2023-05-09,SPY,0.2919135,-0.03892092,-0.3997674
2023-05-10,SPY,1.213198,-0.2560943,0.7251843
2023-05-11,SPY,0.5132255,0.04855194,-0.2228412
2023-05-12,SPY,0.945988,-0.430607,0.3008759
2023-05-15,SPY,0.6417589,0.1940758,0.1506353
2023-05-16,SPY,0.5436688,-0.3957463,-0.2736011
2023-05-17,SPY,1.126214,0.6911101,0.5191956
2023-05-18,SPY,1.123783,1.02658,-0.0626159
2023-05-22,SPY,0.664049,0.04060962,0.0
2023-05-23,SPY,1.053559,-0.7287896,-0.39638
2023-05-24,SPY,0.6997587,-0.3249036,-0.400879
2023-05-25,SPY,0.9011217,-0.01446794,0.8805858
2023-05-26,SPY,1.41878,1.117049,0.1760521
2023-05-31,SPY,0.6899122,-0.09802515,-0.456947
2023-06-01,SPY,1.463007,0.896979,0.05265047
2023-06-06,SPY,0.5621311,0.3069929,-0.08897214
2023-06-07,SPY,0.7654802,-0.4364876,0.09111511
2023-06-08,SPY,0.8499195,0.5812727,0.02344391
2023-06-12,SPY,0.852194,0.6776829,0.22796
2023-06-14,SPY,1.267422,0.03890071,0.0801539
2023-06-15,SPY,1.752288,1.413743,-0.1715541
2023-06-16,SPY,0.9205329,-0.7878993,0.07907817
2023-06-20,SPY,0.7556561,-0.07314286,-0.4460019
2023-06-21,SPY,0.5960307,-0.3071422,-0.2058649
2023-06-22,SPY,0.684262,0.5806585,-0.2184209
2023-06-26,SPY,0.8648844,-0.2796718,-0.1292676
2023-06-27,SPY,1.241528,0.890544,0.2039681
2023-06-28,SPY,0.7280529,0.3126221,-0.261366
2023-06-29,SPY,0.6638401,0.5023858,-0.1077018
2023-07-05,SPY,0.4835587,0.2738052,-0.4438036
2023-07-06,SPY,0.7604195,0.0591716,-0.8417394
2023-07-07,SPY,1.076828,-0.02051796,-0.2319975
2023-07-10,SPY,0.5931645,0.3286021,-0.07524798
2023-07-11,SPY,0.9632525,0.4449489,0.1910567
2023-07-17,SPY,0.758483,0.3852063,-0.03783832
2023-07-18,SPY,1.291438,0.8190899,-0.07541478
2023-07-20,SPY,1.005723,-0.4359697,-0.228471
2023-07-21,SPY,0.5404412,-0.4008811,0.4024946
2023-07-24,SPY,0.669264,0.1742352,0.2720156
2023-07-25,SPY,0.8192327,0.345914,-0.07265522
2023-07-26,SPY,1.013167,0.2244274,-0.2085895
2023-07-28,SPY,0.749385,0.2633196,0.7138279
2023-07-31,SPY,0.5485099,0.06338798,0.1269369
2023-08-01,SPY,0.4698255,0.05041096,-0.3363988
2023-08-02,SPY,1.173821,-0.6993161,-0.6966351
2023-08-04,SPY,1.744392,-0.8653014,0.4166295
2023-08-07,SPY,0.7048055,0.4770716,0.3939034
2023-08-08,SPY,0.9864431,0.1472918,-0.5813051
2023-08-09,SPY,0.9994093,-0.7238307,0.05571031
2023-08-10,SPY,1.638236,-0.4998326,0.5384184
2023-08-14,SPY,0.7994788,0.7804066,-0.2266353
2023-08-15,SPY,0.9171647,-0.7596128,-0.4083819
2023-08-16,SPY,0.9532177,-0.6328542,-0.1016054
2023-08-17,SPY,1.222162,-1.059053,0.3002457
2023-08-21,SPY,0.9866706,0.4136859,0.2359679
2023-08-22,SPY,0.7141233,-0.6575218,0.3892202
2023-08-23,SPY,0.9540694,0.883525,0.2282323
2023-08-24,SPY,1.6986,-1.747403,0.3679209
2023-08-25,SPY,1.243564,0.3009233,0.4028474
2023-08-28,SPY,0.4875908,0.1266395,0.5068527
2023-08-29,SPY,1.37967,1.477565,-0.03161984
2023-09-01,SPY,0.8109167,-0.4149469,0.6039747
2023-09-05,SPY,0.3826464,-0.3349972,-0.09751989
2023-09-06,SPY,1.006578,-0.4839537,-0.1892084
2023-09-07,SPY,0.5883598,0.392679,-0.6969656
2023-09-08,SPY,0.564993,0.1326051,0.01798359
2023-09-11,SPY,0.5196901,0.07364099,0.5835877
2023-09-12,SPY,0.7159288,-0.2147891,-0.3344854
2023-09-13,SPY,0.6120985,0.06947557,0.04708626
2023-09-14,SPY,0.8236016,0.296194,0.5643771
2023-09-15,SPY,1.191545,-0.8320472,-0.7260858
2023-09-18,SPY,0.6207341,0.1422122,-0.08345174
2023-09-19,SPY,0.8767226,0.0,-0.20738
2023-09-20,SPY,1.680224,-1.211657,0.2959048
2023-09-22,SPY,0.992145,-0.4786238,0.2549897
2023-09-26,SPY,1.128085,-0.7411551,-0.7334058
2023-09-27,SPY,1.225428,-0.2107975,0.2512445
2023-09-28,SPY,1.188429,0.7097532,-0.1290928
2023-09-29,SPY,1.259046,-0.9545876,0.7187529
2023-10-02,SPY,0.8411405,0.1593887,-0.1988397
2023-10-03,SPY,1.296073,-0.8116883,-0.5312303
2023-10-04,SPY,0.9159935,0.6160262,0.1114827
2023-10-05,SPY,0.7865379,0.03770561,-0.0753544
2023-10-06,SPY,2.063901,1.784318,-0.5865724
2023-10-09,SPY,1.032339,1.111007,-0.4656144
2023-10-10,SPY,0.8042626,0.3579759,0.1619283
2023-10-11,SPY,0.5908273,0.130809,0.2784554
2023-10-12,SPY,1.112795,-0.7643021,0.1558489
2023-10-13,SPY,1.169415,-0.8501838,0.3551169
2023-10-16,SPY,0.6111963,0.5140499,0.5353418
2023-10-17,SPY,0.9944351,0.7300282,-0.7292909
2023-10-18,SPY,1.056867,-0.9212132,-0.4151186
2023-10-19,SPY,1.212928,-1.035067,0.1580623
2023-10-20,SPY,0.9211303,-1.098927,-0.1313228
2023-10-24,SPY,0.6796279,0.2437293,0.5089664
2023-10-25,SPY,0.824073,-1.035741,-0.4036541
2023-10-27,SPY,0.9251709,-0.8426492,0.3926797
2023-10-30,SPY,0.7720907,0.4860003,0.7061459
2023-10-31,SPY,0.7355352,0.4684685,0.1588104
2023-11-01,SPY,0.8215863,0.8277869,0.2367288
2023-11-06,SPY,0.4127022,0.05281771,0.1771377
2023-11-07,SPY,0.5357098,0.284606,0.0
2023-11-09,SPY,0.9792371,-1.028858,0.2515723
2023-11-10,SPY,1.262223,1.08748,0.4679144
2023-11-13,SPY,0.5606562,0.2276919,-0.3222805
2023-11-16,SPY,0.4807882,0.2226031,-0.1000712
2023-11-17,SPY,0.4305321,0.1332771,-0.008884348
2023-11-21,SPY,0.3644252,0.0264813,-0.2443535
2023-11-27,SPY,0.3822618,-0.0373914,-0.142763
2023-11-28,SPY,0.7637873,0.180573,-0.08141172
2023-11-30,SPY,0.9354303,0.2041847,0.1891731
2023-12-01,SPY,1.260523,0.7394729,-0.1468011
2023-12-04,SPY,0.7640976,0.239245,-0.7623611
2023-12-05,SPY,0.7757029,0.2899315,-0.3087433
2023-12-06,SPY,1.522618,-0.8719156,0.4730618
2023-12-07,SPY,0.8381303,0.3196357,0.4419914
2023-12-08,SPY,1.096853,0.6055571,-0.1745848
2023-12-11,SPY,0.8118557,0.4959648,-0.1064754
2023-12-12,SPY,1.125518,0.5394164,-0.08225286
2023-12-15,SPY,0.5896399,-0.05749574,-0.5105824
2023-12-18,SPY,0.5489204,0.2165835,0.3451729
2023-12-19,SPY,0.6125389,0.5058736,0.1017014
2023-12-20,SPY,2.05213,-1.194294,-0.1937495
2023-12-21,SPY,0.9684281,0.365196,0.5808739
2023-12-22,SPY,0.8593112,-0.02532875,0.2263592
2023-12-26,SPY,0.6155674,0.3227031,0.09922939
2023-12-27,SPY,0.4143062,0.2271628,-0.0462525
2023-12-29,SPY,0.9694421,-0.2434571,-0.04615159
2024-01-02,SPY,0.8294364,0.09317888,-0.6522059
2024-01-03,SPY,0.7552648,-0.3634431,-0.454882
2024-01-04,SPY,0.9656876,-0.2284616,-0.09385866
2024-01-05,SPY,1.04069,0.102687,0.03424071
2024-01-08,SPY,1.677854,1.327982,0.0983074
2024-01-09,SPY,0.8821715,0.4238366,-0.5731142
2024-01-10,SPY,0.8819481,0.5019191,0.06330717
2024-01-11,SPY,1.431763,-0.2471049,0.2035421
2024-01-16,SPY,0.9194419,-0.06733298,-0.2999916
2024-01-17,SPY,0.7615499,0.08900757,-0.6443055
2024-01-18,SPY,1.161441,0.5359215,0.351479
2024-01-19,SPY,1.373109,0.9901612,0.2539403
2024-01-23,SPY,0.4932008,0.1631995,0.1282449
2024-01-25,SPY,0.6835846,0.1046111,0.4388224
2024-01-26,SPY,0.612895,-0.028715,-0.09835461
2024-01-29,SPY,1.037807,0.7361385,0.05539484
2024-01-30,SPY,0.3839824,0.07543016,-0.1526655
2024-01-31,SPY,1.649986,-1.180804,-0.456314
2024-02-01,SPY,1.329945,0.9492365,0.3561962
2024-02-02,SPY,1.642478,0.9660553,0.08585446
2024-02-05,SPY,0.9017455,-0.2228299,-0.1416001
2024-02-06,SPY,0.516622,0.09726444,0.1928738
2024-02-07,SPY,0.7557258,0.3748186,0.4575084
2024-02-08,SPY,0.3445859,0.04416784,0.0
2024-02-12,SPY,0.8412128,-0.04389465,0.0
2024-02-13,SPY,1.3,-0.09907596,-1.279492
2024-02-14,SPY,1.059281,0.3764848,0.5302785
2024-02-15,SPY,0.7469596,0.5387327,0.1504302
2024-02-16,SPY,0.8892491,-0.4246073,-0.07370371
2024-02-20,SPY,0.8444823,-0.1868633,-0.3643571
2024-02-21,SPY,0.7822835,0.345106,-0.2536436
2024-02-26,SPY,0.6193548,-0.4603309,0.0945161
2024-02-27,SPY,0.5282605,0.04539175,0.140319
2024-02-28,SPY,0.4144665,0.1800732,-0.3116801
2024-02-29,SPY,1.000488,0.01771688,0.3417216
2024-03-01,SPY,1.026406,0.7662835,0.1712329
2024-03-04,SPY,0.4649057,0.04686951,-0.1540411
2024-03-05,SPY,1.243442,-0.6114051,-0.3903963
2024-03-06,SPY,0.8110407,-0.1547381,0.6624867
2024-03-07,SPY,0.8327974,0.3450023,0.6454144
2024-03-11,SPY,0.6970525,0.1586773,-0.2442742
2024-03-12,SPY,1.381446,0.6563955,0.4166015
2024-03-13,SPY,0.5683108,-0.2165967,0.05998684
2024-03-14,SPY,1.231637,-0.3888115,0.1918716
2024-03-15,SPY,0.745741,-0.07643762,-0.9185358
2024-03-18,SPY,0.6426576,-0.2295541,0.8257655
2024-03-19,SPY,0.9804938,0.697075,-0.1403892
2024-03-20,SPY,1.069928,0.9073284,0.01745167
2024-03-22,SPY,0.3172529,-0.1742894,-0.0153198
2024-03-25,SPY,0.2628924,-0.007695119,-0.2686057
2024-03-26,SPY,0.678969,-0.4623767,0.2789695
2024-03-27,SPY,0.8141828,0.2875381,0.5512615
2024-03-28,SPY,0.4123612,-0.02866863,0.009557123
2024-04-01,SPY,0.8369967,-0.3149997,0.1414725
2024-04-03,SPY,0.8205906,0.3186805,-0.2081567
2024-04-04,SPY,2.749735,-1.992359,0.7874319
2024-04-05,SPY,1.43941,0.7677655,0.2748163
2024-04-08,SPY,0.5057435,-0.08090303,0.136952
2024-04-09,SPY,1.499707,-0.2228712,0.3392967
2024-04-10,SPY,0.9275457,0.1187903,-1.118771
2024-04-11,SPY,1.645228,0.4518394,0.301486
2024-04-12,SPY,1.411747,-0.6997765,-0.6853282
2024-04-15,SPY,2.216399,-2.054249,0.8182441
2024-04-16,SPY,0.7120618,-0.281216,0.09911785
2024-04-17,SPY,1.165982,-1.094667,0.5084106
2024-04-18,SPY,0.8833561,-0.4920417,0.2876835
2024-04-19,SPY,1.006326,-0.8430623,-0.03002883
2024-04-22,SPY,1.024138,0.369567,0.5493174
2024-04-23,SPY,0.70196,0.7672379,0.4162331
2024-04-24,SPY,0.5952656,-0.2250518,0.1779887
2024-04-25,SPY,1.023432,0.859375,-1.228705
2024-04-26,SPY,0.6280992,0.361353,0.5839242
2024-04-29,SPY,0.5037007,-0.001960515,0.3561169
2024-04-30,SPY,1.124391,-1.305493,-0.2823197
2024-05-01,SPY,1.223016,-0.19548,-0.1294872
2024-05-02,SPY,0.9201331,0.1844872,0.7494754
2024-05-08,SPY,0.4213115,0.3667766,-0.3558031
2024-05-09,SPY,0.5936666,0.547029,0.02900288
2024-05-13,SPY,0.5460233,-0.3119378,0.3263958
2024-05-14,SPY,0.6383602,0.4395309,0.01919717
2024-05-16,SPY,0.5972851,-0.220813,0.01510061
2024-05-17,SPY,0.461062,0.1323877,0.01134881
2024-05-20,SPY,0.5157611,0.08496818,0.03022004
2024-05-21,SPY,0.5771733,0.3835037,-0.1377203
2024-05-22,SPY,0.9927774,-0.1620532,-0.1260915
2024-05-24,SPY,0.9195852,0.3069228,0.3536391
2024-05-28,SPY,0.9409904,-0.07544181,0.1454367
2024-05-29,SPY,0.5208675,0.06847491,-0.7681999
2024-05-31,SPY,2.326757,0.7103982,0.1990012
2024-06-03,SPY,1.534811,-0.2287291,0.3109771
2024-06-04,SPY,0.904061,0.3646931,-0.2519894
2024-06-05,SPY,1.259479,0.7366795,0.4485323
2024-06-07,SPY,0.9338354,0.05808507,-0.1795534
2024-06-10,SPY,0.7101525,0.4538294,-0.1441921
2024-06-11,SPY,1.01751,0.5354903,-0.2930964
2024-06-13,SPY,0.70543,-0.1270391,0.3288015
2024-06-14,SPY,0.5940736,0.3587013,-0.2968015
2024-06-17,SPY,1.398768,0.9204774,-0.1234386
2024-06-18,SPY,0.3638396,0.2449054,0.009139097
2024-06-21,SPY,0.5282255,0.03306818,-0.488117
2024-06-24,SPY,0.9428125,-0.3085853,-0.01652862
2024-06-25,SPY,0.6248986,0.1525735,0.2321554
2024-06-26,SPY,0.7445571,0.3439776,-0.2184168
2024-06-27,SPY,0.5677001,0.1796879,-0.02199776
2024-06-28,SPY,1.808205,-0.5355021,0.1427604
2024-07-01,SPY,0.7885341,-0.0494859,0.2554114
2024-07-02,SPY,1.258955,0.9729272,-0.2970624
2024-07-10,SPY,1.354346,0.7520686,0.2356878
2024-07-12,SPY,1.625145,0.4124155,0.2174382
2024-07-15,SPY,1.22695,-0.07829599,0.3535777
2024-07-16,SPY,0.7104825,0.3481968,0.2439763
2024-07-17,SPY,0.89093,-0.3489059,-1.056899
2024-07-18,SPY,1.923648,-1.052745,0.2872841
2024-07-19,SPY,1.183261,-0.6227033,-0.04161691
2024-07-22,SPY,0.8291082,0.2947452,0.7340753
2024-07-23,SPY,0.6481916,-0.140652,-0.01622645
2024-07-24,SPY,1.708422,-1.388357,-0.8902452
2024-07-25,SPY,1.688985,-0.5375748,0.01662879
2024-07-26,SPY,0.8954586,0.38536,0.7317843
2024-07-29,SPY,0.6336365,-0.2344151,0.29388
2024-07-30,SPY,1.257288,-0.7689491,0.2643366
2024-07-31,SPY,0.8201069,0.3296903,1.291513
2024-08-01,SPY,2.03526,-1.728319,0.3177139
2024-08-06,SPY,1.160528,0.5255862,0.3942943
2024-08-07,SPY,1.291999,-1.876726,1.231447
2024-08-08,SPY,0.875753,1.271017,1.027648
2024-08-09,SPY,0.5282767,0.6002152,-0.1582964
2024-08-12,SPY,0.4229876,-0.1759608,0.2288974
2024-08-14,SPY,0.4352991,0.1639465,0.1512803
2024-08-16,SPY,0.3516718,0.5478061,-0.3218399
2024-08-21,SPY,0.4167753,0.1572159,0.1861464
2024-08-23,SPY,0.6692116,0.4610848,0.598684
2024-08-27,SPY,0.5382401,0.3807447,-0.242515
2024-08-28,SPY,1.057721,-0.5132043,-0.06766864
2024-08-29,SPY,1.106665,-0.3444706,0.354648
2024-08-30,SPY,1.202464,0.5243072,0.4280469
2024-09-03,SPY,1.87431,-1.48817,-0.5783423
2024-09-04,SPY,0.7783433,0.1326742,-0.3369077
2024-09-05,SPY,1.044041,-0.2251067,-0.01815047
2024-09-06,SPY,1.960759,-1.731287,0.04912574
2024-09-09,SPY,0.7396338,0.3139343,0.8031683
2024-09-10,SPY,0.8288139,0.08754172,0.3477242
2024-09-11,SPY,2.179997,1.038781,-0.01275533
2024-09-12,SPY,0.8442083,0.7460132,0.0955954
2024-09-16,SPY,0.4253869,0.1958201,-0.04804185
2024-09-18,SPY,1.029897,-0.4097852,0.1136626
2024-09-20,SPY,0.5150543,0.06163057,-0.5394234
2024-09-23,SPY,0.2811853,0.04917543,0.2006159
2024-09-24,SPY,0.5297145,0.1314521,0.1544754
2024-09-25,SPY,0.4261927,-0.2013341,-0.01925433
2024-09-27,SPY,0.6093615,-0.3400649,0.1957016
2024-09-30,SPY,1.059141,0.5802437,-0.1784871
2024-10-01,SPY,1.245483,-0.8439996,-0.05228667
2024-10-03,SPY,0.8131528,0.06167727,-0.2443483
2024-10-04,SPY,0.9871975,0.1030766,0.8048325
2024-10-07,SPY,0.9663958,-0.6126378,-0.293204
2024-10-08,SPY,0.7606143,0.4715327,0.4719972
2024-10-09,SPY,0.9551765,0.6891258,0.003489366
2024-10-10,SPY,0.6160727,0.04514908,-0.2200506
2024-10-11,SPY,0.9275131,0.6162873,-0.01735719
2024-10-15,SPY,1.258968,-0.8363692,0.05989869
2024-10-16,SPY,0.7317271,0.4311832,0.003449584
2024-10-17,SPY,0.7581642,-0.6177791,0.6302593
2024-10-18,SPY,0.5309396,0.09931337,0.2850519
2024-10-21,SPY,0.8375932,-0.0479526,-0.1163208
2024-10-22,SPY,0.8657318,0.3751248,-0.4266402
2024-10-23,SPY,1.538951,-0.5762549,-0.3394363
2024-10-24,SPY,0.6906328,-0.1361999,0.3529473
2024-10-25,SPY,1.296069,-0.4367413,0.4039776
2024-10-28,SPY,0.4354302,-0.2884071,0.5992678
2024-10-29,SPY,0.9470327,0.3207394,-0.158394
2024-10-30,SPY,0.8617819,-0.2407939,-0.06188012
2024-10-31,SPY,1.512739,-1.214322,-0.7551594
2024-11-01,SPY,0.9358696,-0.04900931,0.4712999
2024-11-04,SPY,0.8607324,-0.2276269,0.01225834
2024-11-05,SPY,1.186067,1.031867,0.1754971
2024-11-08,SPY,0.5401078,0.3337806,0.09905811
2024-11-11,SPY,0.4927875,-0.186704,0.2825189
2024-11-12,SPY,0.7723051,-0.3039818,-0.006680473
2024-11-13,SPY,0.7047451,-0.02845855,0.07706483
2024-11-14,SPY,0.8437774,-0.6629723,0.02009411
2024-11-15,SPY,1.047907,-0.6816216,-0.6033538
2024-11-18,SPY,0.6386536,0.3258051,0.08365344
2024-11-19,SPY,1.091707,0.95085,-0.5797841
2024-11-20,SPY,0.9233418,0.03049194,0.003388108
2024-11-21,SPY,1.22219,0.0471865,0.4894157
2024-11-22,SPY,0.4711882,0.3150057,-0.005053312
2024-11-26,SPY,0.534708,0.305601,0.2158887
2024-11-27,SPY,0.6741968,-0.2797622,-0.02330808
2024-12-02,SPY,0.3540386,0.1011575,0.07800183
2024-12-03,SPY,0.3527838,0.08452105,-0.03810281
2024-12-05,SPY,0.4502773,-0.1514204,-0.01316526
2024-12-06,SPY,0.4439975,0.07079588,0.1186826
2024-12-09,SPY,0.9193885,-0.5035048,-0.01151676
2024-12-10,SPY,0.8685774,-0.4294681,0.1190712
2024-12-11,SPY,0.7630918,0.2789838,0.4927007
2024-12-12,SPY,0.7439677,-0.380786,-0.1349883
2024-12-13,SPY,1.229254,-0.3578614,0.3392186
2024-12-16,SPY,0.7146139,0.130363,0.2962546
2024-12-17,SPY,0.6623593,0.01158518,-0.4235403
2024-12-18,SPY,5.97213,-2.933775,-0.0479902
2024-12-19,SPY,1.53929,-0.9012056,0.8784199
2024-12-23,SPY,1.32416,0.6379882,-0.03890721
2024-12-26,SPY,0.6890907,0.3219833,-0.314319
2024-12-27,SPY,1.069088,-0.4167364,-0.6385739
2024-12-30,SPY,1.030683,0.05443103,-1.194938
2024-12-31,SPY,0.8119566,-0.6576717,0.2958077
2025-01-02,SPY,1.365258,-0.804235,0.5630631
2025-01-03,SPY,0.754002,0.7540169,0.4926108
2025-01-06,SPY,0.7174654,-0.1459168,0.723034
2025-01-07,SPY,1.255816,-1.466379,0.3409702
2025-01-08,SPY,0.5791056,0.1222888,0.02378404
2025-01-10,SPY,0.7887775,-0.9064527,-0.6259648
2025-01-14,SPY,0.7705997,-0.3679365,0.5074047
2025-01-15,SPY,0.5891597,0.4252291,1.387863
2025-01-16,SPY,0.4100895,-0.4157479,0.2243665
2025-01-17,SPY,0.4624532,0.1105676,0.8924346
2025-01-23,SPY,0.5590748,0.6487075,-0.102236
2025-01-27,SPY,0.7265067,0.7717139,-2.169515
2025-01-28,SPY,1.107075,0.6644131,0.1935365
2025-01-29,SPY,0.6669577,-0.3064639,-0.1422616
2025-01-30,SPY,0.8437805,0.170527,0.3655639
2025-01-31,SPY,1.274157,-0.9284562,0.3999736
2025-02-04,SPY,0.6956263,0.6624067,0.008364421
2025-02-05,SPY,0.8129852,0.5960309,-0.189438
2025-02-06,SPY,0.5738197,0.06436387,0.2830095
2025-02-07,SPY,1.20406,-0.9986322,0.084114
2025-02-10,SPY,0.4098797,0.1407285,0.5376434
2025-02-11,SPY,0.5138442,0.46639,-0.3885261
2025-02-12,SPY,0.9177829,0.6841772,-0.9994879
2025-02-13,SPY,0.9974574,0.8768592,0.1773402
2025-02-18,SPY,0.506211,0.1031333,0.1902575
2025-02-19,SPY,0.6365607,0.4737394,-0.2371257
2025-02-20,SPY,0.8213947,-0.1847885,-0.2316741
2025-02-21,SPY,1.906074,-1.687861,-0.02293653
2025-02-24,SPY,1.127459,-0.7923851,0.340034
2025-02-26,SPY,1.354356,-0.2483138,0.2995423
2025-02-27,SPY,2.295701,-1.972119,0.3834898
2025-02-28,SPY,1.887468,1.470362,0.08888129
2025-03-03,SPY,2.561611,-2.070088,0.3248174
2025-03-05,SPY,1.39459,1.1151,-0.03987103
2025-03-06,SPY,1.145605,-0.479608,-1.301753
2025-03-07,SPY,1.27717,0.8846147,-0.3212795
2025-03-10,SPY,1.405448,-1.228086,-1.453327
2025-03-11,SPY,1.077061,-0.632753,-0.1997931
2025-03-12,SPY,0.800073,-0.5958522,1.133257
2025-03-13,SPY,0.7850545,-1.267681,-0.06620502
2025-03-14,SPY,0.7002946,1.206618,0.8487179
2025-03-17,SPY,0.5965854,0.7872477,-0.01599119
2025-03-18,SPY,0.4865143,-0.665746,-0.4178789
2025-03-19,SPY,0.759566,0.7604157,0.3261916
2025-03-20,SPY,0.6627495,0.3869983,-0.6735669
2025-03-21,SPY,0.5862246,0.8133279,-1.071637
2025-03-25,SPY,0.2498058,0.03476689,0.2055463
2025-03-26,SPY,0.8878747,-1.147447,-0.04691899
2025-03-27,SPY,0.5983681,-0.01586826,-0.2497406
2025-03-28,SPY,1.176497,-1.736578,-0.2821471
2025-04-01,SPY,1.022196,0.6260314,-0.3414434
2025-04-02,SPY,1.392831,1.715315,-1.064228
2025-04-08,SPY,2.472721,-4.888889,3.493398
2025-04-09,SPY,3.401325,11.1692,-0.6002256
2025-04-10,SPY,1.223673,-1.405856,-3.018483
2025-04-11,SPY,0.7413035,2.068359,-0.2783179
2025-04-14,SPY,0.4658247,-0.8970588,1.884107
2025-04-15,SPY,0.2801091,-0.3706381,0.09088886
2025-04-16,SPY,0.6510912,-1.143416,-1.09187
2025-04-17,SPY,0.307935,-0.2066351,0.3500361
2025-04-21,SPY,0.570593,-1.387423,-1.00682
2025-04-22,SPY,0.4300457,1.374736,1.210399
2025-04-23,SPY,0.4770544,-0.9197061,2.492176
2025-04-24,SPY,0.4879037,1.849989,0.2502708
2025-04-25,SPY,0.3169177,0.7225301,0.0
2025-04-29,SPY,0.3594775,0.9819103,-0.3485522
2025-04-30,SPY,0.8788869,1.271047,-1.215904
2025-05-05,SPY,0.4282007,0.1831176,-0.7551697
2025-05-06,SPY,0.5690184,0.1631146,-0.9973204
2025-05-07,SPY,0.6905689,0.1838892,0.2362205
2025-05-08,SPY,0.8199163,-0.04245533,0.7395527
2025-05-09,SPY,0.439953,-0.3654596,0.2389127
2025-05-14,SPY,0.3780209,-0.04082813,0.1687002
2025-05-15,SPY,0.6920287,0.8316399,-0.3403734
2025-05-16,SPY,0.6230993,0.5074425,0.125326
2025-05-19,SPY,0.9168022,1.140885,-1.019859
2025-05-20,SPY,0.5423936,-0.04552199,-0.2908296
2025-05-21,SPY,1.440222,-0.9583687,-0.7337438
2025-05-22,SPY,0.6806426,0.07551703,-0.03602924
2025-05-27,SPY,0.9346371,0.8547446,1.213932
2025-05-28,SPY,0.7380202,-0.6407222,0.06258987
2025-05-29,SPY,0.9285581,-0.5192791,0.9187892
2025-05-30,SPY,1.043994,0.08320598,-0.1948987
2025-06-02,SPY,0.9895541,0.8438962,-0.2782538
2025-06-03,SPY,0.7466858,0.6245885,-0.0539893
2025-06-05,SPY,1.161364,-0.7680209,0.2869465
2025-06-09,SPY,0.3849948,-0.005002418,0.09513636
2025-06-10,SPY,0.6409198,0.4731441,0.09338314
2025-06-11,SPY,0.8533615,-0.4601582,0.1757644
2025-06-12,SPY,0.659559,0.625,-0.2261541
2025-06-13,SPY,1.00141,-0.2522932,-0.8679089
2025-06-16,SPY,0.6513449,0.3897791,0.559464
2025-06-17,SPY,0.8204643,-0.4398754,-0.4164731
2025-06-18,SPY,0.7845219,-0.1687693,0.1539672
2025-06-20,SPY,1.118165,-0.7001186,0.1724022
2025-06-23,SPY,1.491492,0.8621559,0.1245204
2025-06-30,SPY,0.7311344,0.06802391,0.4098161
2025-07-01,SPY,0.56453,0.214171,-0.2460144
2025-07-02,SPY,0.6704348,0.511915,-0.05828544
2025-07-07,SPY,1.072155,-0.4219409,-0.3246234
2025-07-08,SPY,0.4549978,-0.168976,0.1143907
2025-07-09,SPY,0.7136629,0.2135757,0.3852726
2025-07-10,SPY,0.7381034,0.257926,0.02403615
2025-07-11,SPY,0.6424957,0.136487,-0.4873606
2025-07-14,SPY,0.6716792,0.258344,-0.06734871
2025-07-15,SPY,1.254978,-0.8636624,0.4401338
2025-07-16,SPY,1.490979,0.07374631,0.2603916
2025-07-17,SPY,0.8901612,0.579738,0.03203999
2025-07-22,SPY,0.7699214,-0.03020428,0.04453139
2025-07-23,SPY,1.003359,0.4243662,0.4245778
2025-07-25,SPY,0.6349391,0.3117521,0.110337
2025-07-28,SPY,0.6225,-0.08627586,0.06121488
2025-07-30,SPY,1.536203,-0.2421384,0.1164877
2025-07-31,SPY,2.187462,-1.168009,0.802257
2025-08-04,SPY,1.089276,0.8790577,0.6353342
2025-08-05,SPY,1.023335,-0.6014847,0.09506155
2025-08-06,SPY,0.9917951,0.5865615,0.1783525
2025-08-07,SPY,1.442163,-0.623998,0.5436329
2025-08-08,SPY,0.6726209,0.4888973,0.2894425
2025-08-11,SPY,0.7269866,-0.2400188,0.04237421
2025-08-12,SPY,1.016352,0.6988076,0.3632532
2025-08-14,SPY,0.5312048,0.3329133,-0.3225356
2025-08-15,SPY,0.5773363,-0.3962848,0.1628033
2025-08-18,SPY,0.2891044,0.06844414,-0.09014049
2025-08-19,SPY,0.9251101,-0.5115845,-0.03108969
2025-08-20,SPY,1.110139,-0.195508,-0.07033338
2025-08-21,SPY,0.7051399,-0.1100196,-0.2914858
2025-08-22,SPY,1.749882,1.190178,0.3414366
2025-08-25,SPY,0.5442123,-0.2375776,-0.2030032
2025-08-26,SPY,0.7580568,0.4718671,-0.05292076
2025-08-27,SPY,0.5778059,0.3258188,-0.0976502
2025-08-28,SPY,0.8738786,0.2580147,0.09588173
2025-08-29,SPY,1.011141,-0.3768398,-0.2203661
2025-09-02,SPY,1.171487,0.4345098,-1.170452
2025-09-03,SPY,0.7525263,0.1664929,0.3748419
2025-09-04,SPY,1.122872,0.729338,0.1056327
2025-09-08,SPY,0.4676559,0.03700335,0.208578
2025-09-09,SPY,0.6472496,0.2049307,0.02620101
2025-09-11,SPY,0.8968174,0.5335249,0.295917
2025-09-12,SPY,0.4080448,-0.03193334,-0.001520612
2025-09-16,SPY,0.5288086,-0.2146896,0.07716633
2025-09-17,SPY,1.560358,-0.1348342,0.01060606
2025-09-18,SPY,0.9069226,0.05287728,0.4141509
2025-09-19,SPY,0.8081199,0.2007941,0.01660979
2025-09-22,SPY,1.012215,0.6976533,-0.2229923
2025-09-23,SPY,1.140339,-0.5264579,-0.01799532
2025-09-24,SPY,1.026701,-0.5131601,0.1960163
2025-09-25,SPY,1.051184,0.01063862,-0.4719407
2025-09-26,SPY,0.9723431,0.354825,0.2173087
2025-09-29,SPY,0.7017968,-0.09934672,0.3807682
2025-09-30,SPY,1.069658,0.488732,-0.1114995
