date,release,time_et
2018-01-02,ISM_Manufacturing_PMI,10:00
2018-01-04,ISM_Services_PMI,10:00
2018-01-12,UoM_Sentiment_prelim,10:00
2018-01-26,UoM_Sentiment_final,10:00
2018-01-30,CB_Consumer_Confidence,10:00
2018-02-01,ISM_Manufacturing_PMI,10:00
2018-02-05,ISM_Services_PMI,10:00
2018-02-09,UoM_Sentiment_prelim,10:00
2018-02-23,UoM_Sentiment_final,10:00
2018-02-27,CB_Consumer_Confidence,10:00
2018-03-01,ISM_Manufacturing_PMI,10:00
2018-03-05,ISM_Services_PMI,10:00
2018-03-09,UoM_Sentiment_prelim,10:00
2018-03-27,CB_Consumer_Confidence,10:00
2018-03-30,UoM_Sentiment_final,10:00
2018-04-02,ISM_Manufacturing_PMI,10:00
2018-04-04,ISM_Services_PMI,10:00
2018-04-13,UoM_Sentiment_prelim,10:00
2018-04-24,CB_Consumer_Confidence,10:00
2018-04-27,UoM_Sentiment_final,10:00
2018-05-01,ISM_Manufacturing_PMI,10:00
2018-05-03,ISM_Services_PMI,10:00
2018-05-11,UoM_Sentiment_prelim,10:00
2018-05-25,UoM_Sentiment_final,10:00
2018-05-29,CB_Consumer_Confidence,10:00
2018-06-01,ISM_Manufacturing_PMI,10:00
2018-06-05,ISM_Services_PMI,10:00
2018-06-08,UoM_Sentiment_prelim,10:00
2018-06-26,CB_Consumer_Confidence,10:00
2018-06-29,UoM_Sentiment_final,10:00
2018-07-02,ISM_Manufacturing_PMI,10:00
2018-07-05,ISM_Services_PMI,10:00
2018-07-13,UoM_Sentiment_prelim,10:00
2018-07-27,UoM_Sentiment_final,10:00
2018-07-31,CB_Consumer_Confidence,10:00
2018-08-01,ISM_Manufacturing_PMI,10:00
2018-08-03,ISM_Services_PMI,10:00
2018-08-10,UoM_Sentiment_prelim,10:00
2018-08-28,CB_Consumer_Confidence,10:00
2018-08-31,UoM_Sentiment_final,10:00
2018-09-04,ISM_Manufacturing_PMI,10:00
2018-09-06,ISM_Services_PMI,10:00
2018-09-14,UoM_Sentiment_prelim,10:00
2018-09-25,CB_Consumer_Confidence,10:00
2018-09-28,UoM_Sentiment_final,10:00
2018-10-01,ISM_Manufacturing_PMI,10:00
2018-10-03,ISM_Services_PMI,10:00
2018-10-12,UoM_Sentiment_prelim,10:00
2018-10-26,UoM_Sentiment_final,10:00
2018-10-30,CB_Consumer_Confidence,10:00
2018-11-01,ISM_Manufacturing_PMI,10:00
2018-11-05,ISM_Services_PMI,10:00
2018-11-09,UoM_Sentiment_prelim,10:00
2018-11-27,CB_Consumer_Confidence,10:00
2018-11-30,UoM_Sentiment_final,10:00
2018-12-03,ISM_Manufacturing_PMI,10:00
2018-12-05,ISM_Services_PMI,10:00
2018-12-14,UoM_Sentiment_prelim,10:00
2018-12-28,UoM_Sentiment_final,10:00
2019-01-02,ISM_Manufacturing_PMI,10:00
2019-01-04,ISM_Services_PMI,10:00
2019-01-11,UoM_Sentiment_prelim,10:00
2019-01-25,UoM_Sentiment_final,10:00
2019-01-29,CB_Consumer_Confidence,10:00
2019-02-01,ISM_Manufacturing_PMI,10:00
2019-02-05,ISM_Services_PMI,10:00
2019-02-08,UoM_Sentiment_prelim,10:00
2019-02-22,UoM_Sentiment_final,10:00
2019-02-26,CB_Consumer_Confidence,10:00
2019-03-01,ISM_Manufacturing_PMI,10:00
2019-03-05,ISM_Services_PMI,10:00
2019-03-08,UoM_Sentiment_prelim,10:00
2019-03-26,CB_Consumer_Confidence,10:00
2019-03-29,UoM_Sentiment_final,10:00
2019-04-01,ISM_Manufacturing_PMI,10:00
2019-04-03,ISM_Services_PMI,10:00
2019-04-12,UoM_Sentiment_prelim,10:00
2019-04-26,UoM_Sentiment_final,10:00
2019-04-30,CB_Consumer_Confidence,10:00
2019-05-01,ISM_Manufacturing_PMI,10:00
2019-05-03,ISM_Services_PMI,10:00
2019-05-10,UoM_Sentiment_prelim,10:00
2019-05-28,CB_Consumer_Confidence,10:00
2019-05-31,UoM_Sentiment_final,10:00
2019-06-03,ISM_Manufacturing_PMI,10:00
2019-06-05,ISM_Services_PMI,10:00
2019-06-14,UoM_Sentiment_prelim,10:00
2019-06-25,CB_Consumer_Confidence,10:00
2019-06-28,UoM_Sentiment_final,10:00
2019-07-01,ISM_Manufacturing_PMI,10:00
2019-07-03,ISM_Services_PMI,10:00
2019-07-12,UoM_Sentiment_prelim,10:00
2019-07-26,UoM_Sentiment_final,10:00
2019-07-30,CB_Consumer_Confidence,10:00
2019-08-01,ISM_Manufacturing_PMI,10:00
2019-08-05,ISM_Services_PMI,10:00
2019-08-09,UoM_Sentiment_prelim,10:00
2019-08-27,CB_Consumer_Confidence,10:00
2019-08-30,UoM_Sentiment_final,10:00
2019-09-03,ISM_Manufacturing_PMI,10:00
2019-09-05,ISM_Services_PMI,10:00
2019-09-13,UoM_Sentiment_prelim,10:00
2019-09-24,CB_Consumer_Confidence,10:00
2019-09-27,UoM_Sentiment_final,10:00
2019-10-01,ISM_Manufacturing_PMI,10:00
2019-10-03,ISM_Services_PMI,10:00
2019-10-11,UoM_Sentiment_prelim,10:00
2019-10-25,UoM_Sentiment_final,10:00
2019-10-29,CB_Consumer_Confidence,10:00
2019-11-01,ISM_Manufacturing_PMI,10:00
2019-11-05,ISM_Services_PMI,10:00
2019-11-08,UoM_Sentiment_prelim,10:00
2019-11-26,CB_Consumer_Confidence,10:00
2019-11-29,UoM_Sentiment_final,10:00
2019-12-02,ISM_Manufacturing_PMI,10:00
2019-12-04,ISM_Services_PMI,10:00
2019-12-13,UoM_Sentiment_prelim,10:00
2019-12-27,UoM_Sentiment_final,10:00
2019-12-31,CB_Consumer_Confidence,10:00
2020-01-02,ISM_Manufacturing_PMI,10:00
2020-01-06,ISM_Services_PMI,10:00
2020-01-10,UoM_Sentiment_prelim,10:00
2020-01-28,CB_Consumer_Confidence,10:00
2020-01-31,UoM_Sentiment_final,10:00
2020-02-03,ISM_Manufacturing_PMI,10:00
2020-02-05,ISM_Services_PMI,10:00
2020-02-14,UoM_Sentiment_prelim,10:00
2020-02-25,CB_Consumer_Confidence,10:00
2020-02-28,UoM_Sentiment_final,10:00
2020-03-02,ISM_Manufacturing_PMI,10:00
2020-03-04,ISM_Services_PMI,10:00
2020-03-13,UoM_Sentiment_prelim,10:00
2020-03-27,UoM_Sentiment_final,10:00
2020-03-31,CB_Consumer_Confidence,10:00
2020-04-01,ISM_Manufacturing_PMI,10:00
2020-04-03,ISM_Services_PMI,10:00
2020-04-10,UoM_Sentiment_prelim,10:00
2020-04-24,UoM_Sentiment_final,10:00
2020-04-28,CB_Consumer_Confidence,10:00
2020-05-01,ISM_Manufacturing_PMI,10:00
2020-05-05,ISM_Services_PMI,10:00
2020-05-08,UoM_Sentiment_prelim,10:00
2020-05-26,CB_Consumer_Confidence,10:00
2020-05-29,UoM_Sentiment_final,10:00
2020-06-01,ISM_Manufacturing_PMI,10:00
2020-06-03,ISM_Services_PMI,10:00
2020-06-12,UoM_Sentiment_prelim,10:00
2020-06-26,UoM_Sentiment_final,10:00
2020-06-30,CB_Consumer_Confidence,10:00
2020-07-01,ISM_Manufacturing_PMI,10:00
2020-07-06,ISM_Services_PMI,10:00
2020-07-10,UoM_Sentiment_prelim,10:00
2020-07-28,CB_Consumer_Confidence,10:00
2020-07-31,UoM_Sentiment_final,10:00
2020-08-03,ISM_Manufacturing_PMI,10:00
2020-08-05,ISM_Services_PMI,10:00
2020-08-14,UoM_Sentiment_prelim,10:00
2020-08-25,CB_Consumer_Confidence,10:00
2020-08-28,UoM_Sentiment_final,10:00
2020-09-01,ISM_Manufacturing_PMI,10:00
2020-09-03,ISM_Services_PMI,10:00
2020-09-11,UoM_Sentiment_prelim,10:00
2020-09-25,UoM_Sentiment_final,10:00
2020-09-29,CB_Consumer_Confidence,10:00
2020-10-01,ISM_Manufacturing_PMI,10:00
2020-10-05,ISM_Services_PMI,10:00
2020-10-09,UoM_Sentiment_prelim,10:00
2020-10-27,CB_Consumer_Confidence,10:00
2020-10-30,UoM_Sentiment_final,10:00
2020-11-02,ISM_Manufacturing_PMI,10:00
2020-11-04,ISM_Services_PMI,10:00
2020-11-13,UoM_Sentiment_prelim,10:00
2020-11-24,CB_Consumer_Confidence,10:00
2020-11-27,UoM_Sentiment_final,10:00
2020-12-01,ISM_Manufacturing_PMI,10:00
2020-12-03,ISM_Services_PMI,10:00
2020-12-11,UoM_Sentiment_prelim,10:00
2020-12-29,CB_Consumer_Confidence,10:00
2021-01-04,ISM_Manufacturing_PMI,10:00
2021-01-06,ISM_Services_PMI,10:00
2021-01-08,UoM_Sentiment_prelim,10:00
2021-01-26,CB_Consumer_Confidence,10:00
2021-01-29,UoM_Sentiment_final,10:00
2021-02-01,ISM_Manufacturing_PMI,10:00
2021-02-03,ISM_Services_PMI,10:00
2021-02-12,UoM_Sentiment_prelim,10:00
2021-02-23,CB_Consumer_Confidence,10:00
2021-02-26,UoM_Sentiment_final,10:00
2021-03-01,ISM_Manufacturing_PMI,10:00
2021-03-03,ISM_Services_PMI,10:00
2021-03-12,UoM_Sentiment_prelim,10:00
2021-03-26,UoM_Sentiment_final,10:00
2021-03-30,CB_Consumer_Confidence,10:00
2021-04-01,ISM_Manufacturing_PMI,10:00
2021-04-05,ISM_Services_PMI,10:00
2021-04-09,UoM_Sentiment_prelim,10:00
2021-04-27,CB_Consumer_Confidence,10:00
2021-04-30,UoM_Sentiment_final,10:00
2021-05-03,ISM_Manufacturing_PMI,10:00
2021-05-05,ISM_Services_PMI,10:00
2021-05-14,UoM_Sentiment_prelim,10:00
2021-05-25,CB_Consumer_Confidence,10:00
2021-05-28,UoM_Sentiment_final,10:00
2021-06-01,ISM_Manufacturing_PMI,10:00
2021-06-03,ISM_Services_PMI,10:00
2021-06-11,UoM_Sentiment_prelim,10:00
2021-06-25,UoM_Sentiment_final,10:00
2021-06-29,CB_Consumer_Confidence,10:00
2021-07-01,ISM_Manufacturing_PMI,10:00
2021-07-06,ISM_Services_PMI,10:00
2021-07-09,UoM_Sentiment_prelim,10:00
2021-07-27,CB_Consumer_Confidence,10:00
2021-07-30,UoM_Sentiment_final,10:00
2021-08-02,ISM_Manufacturing_PMI,10:00
2021-08-04,ISM_Services_PMI,10:00
2021-08-13,UoM_Sentiment_prelim,10:00
2021-08-27,UoM_Sentiment_final,10:00
2021-08-31,CB_Consumer_Confidence,10:00
2021-09-01,ISM_Manufacturing_PMI,10:00
2021-09-03,ISM_Services_PMI,10:00
2021-09-10,UoM_Sentiment_prelim,10:00
2021-09-24,UoM_Sentiment_final,10:00
2021-09-28,CB_Consumer_Confidence,10:00
2021-10-01,ISM_Manufacturing_PMI,10:00
2021-10-05,ISM_Services_PMI,10:00
2021-10-08,UoM_Sentiment_prelim,10:00
2021-10-26,CB_Consumer_Confidence,10:00
2021-10-29,UoM_Sentiment_final,10:00
2021-11-01,ISM_Manufacturing_PMI,10:00
2021-11-03,ISM_Services_PMI,10:00
2021-11-12,UoM_Sentiment_prelim,10:00
2021-11-26,UoM_Sentiment_final,10:00
2021-11-30,CB_Consumer_Confidence,10:00
2021-12-01,ISM_Manufacturing_PMI,10:00
2021-12-03,ISM_Services_PMI,10:00
2021-12-10,UoM_Sentiment_prelim,10:00
2021-12-28,CB_Consumer_Confidence,10:00
2022-01-03,ISM_Manufacturing_PMI,10:00
2022-01-05,ISM_Services_PMI,10:00
2022-01-14,UoM_Sentiment_prelim,10:00
2022-01-25,CB_Consumer_Confidence,10:00
2022-01-28,UoM_Sentiment_final,10:00
2022-02-01,ISM_Manufacturing_PMI,10:00
2022-02-03,ISM_Services_PMI,10:00
2022-02-11,UoM_Sentiment_prelim,10:00
2022-02-22,CB_Consumer_Confidence,10:00
2022-02-25,UoM_Sentiment_final,10:00
2022-03-01,ISM_Manufacturing_PMI,10:00
2022-03-03,ISM_Services_PMI,10:00
2022-03-11,UoM_Sentiment_prelim,10:00
2022-03-25,UoM_Sentiment_final,10:00
2022-03-29,CB_Consumer_Confidence,10:00
2022-04-01,ISM_Manufacturing_PMI,10:00
2022-04-05,ISM_Services_PMI,10:00
2022-04-08,UoM_Sentiment_prelim,10:00
2022-04-26,CB_Consumer_Confidence,10:00
2022-04-29,UoM_Sentiment_final,10:00
2022-05-02,ISM_Manufacturing_PMI,10:00
2022-05-04,ISM_Services_PMI,10:00
2022-05-13,UoM_Sentiment_prelim,10:00
2022-05-27,UoM_Sentiment_final,10:00
2022-05-31,CB_Consumer_Confidence,10:00
2022-06-01,ISM_Manufacturing_PMI,10:00
2022-06-03,ISM_Services_PMI,10:00
2022-06-10,UoM_Sentiment_prelim,10:00
2022-06-24,UoM_Sentiment_final,10:00
2022-06-28,CB_Consumer_Confidence,10:00
2022-07-01,ISM_Manufacturing_PMI,10:00
2022-07-06,ISM_Services_PMI,10:00
2022-07-08,UoM_Sentiment_prelim,10:00
2022-07-26,CB_Consumer_Confidence,10:00
2022-07-29,UoM_Sentiment_final,10:00
2022-08-01,ISM_Manufacturing_PMI,10:00
2022-08-03,ISM_Services_PMI,10:00
2022-08-12,UoM_Sentiment_prelim,10:00
2022-08-26,UoM_Sentiment_final,10:00
2022-08-30,CB_Consumer_Confidence,10:00
2022-09-01,ISM_Manufacturing_PMI,10:00
2022-09-06,ISM_Services_PMI,10:00
2022-09-09,UoM_Sentiment_prelim,10:00
2022-09-27,CB_Consumer_Confidence,10:00
2022-09-30,UoM_Sentiment_final,10:00
2022-10-03,ISM_Manufacturing_PMI,10:00
2022-10-05,ISM_Services_PMI,10:00
2022-10-14,UoM_Sentiment_prelim,10:00
2022-10-25,CB_Consumer_Confidence,10:00
2022-10-28,UoM_Sentiment_final,10:00
2022-11-01,ISM_Manufacturing_PMI,10:00
2022-11-03,ISM_Services_PMI,10:00
2022-11-25,UoM_Sentiment_final,10:00
2022-11-29,CB_Consumer_Confidence,10:00
2022-12-01,ISM_Manufacturing_PMI,10:00
2022-12-05,ISM_Services_PMI,10:00
2022-12-09,UoM_Sentiment_prelim,10:00
2022-12-27,CB_Consumer_Confidence,10:00
2022-12-30,UoM_Sentiment_final,10:00
2023-01-03,ISM_Manufacturing_PMI,10:00
2023-01-05,ISM_Services_PMI,10:00
2023-01-13,UoM_Sentiment_prelim,10:00
2023-01-27,UoM_Sentiment_final,10:00
2023-01-31,CB_Consumer_Confidence,10:00
2023-02-01,ISM_Manufacturing_PMI,10:00
2023-02-03,ISM_Services_PMI,10:00
2023-02-10,UoM_Sentiment_prelim,10:00
2023-02-24,UoM_Sentiment_final,10:00
2023-02-28,CB_Consumer_Confidence,10:00
2023-03-01,ISM_Manufacturing_PMI,10:00
2023-03-03,ISM_Services_PMI,10:00
2023-03-10,UoM_Sentiment_prelim,10:00
2023-03-28,CB_Consumer_Confidence,10:00
2023-03-31,UoM_Sentiment_final,10:00
2023-04-03,ISM_Manufacturing_PMI,10:00
2023-04-05,ISM_Services_PMI,10:00
2023-04-14,UoM_Sentiment_prelim,10:00
2023-04-25,CB_Consumer_Confidence,10:00
2023-04-28,UoM_Sentiment_final,10:00
2023-05-01,ISM_Manufacturing_PMI,10:00
2023-05-03,ISM_Services_PMI,10:00
2023-05-12,UoM_Sentiment_prelim,10:00
2023-05-26,UoM_Sentiment_final,10:00
2023-05-30,CB_Consumer_Confidence,10:00
2023-06-01,ISM_Manufacturing_PMI,10:00
2023-06-05,ISM_Services_PMI,10:00
2023-06-09,UoM_Sentiment_prelim,10:00
2023-06-27,CB_Consumer_Confidence,10:00
2023-06-30,UoM_Sentiment_final,10:00
2023-07-03,ISM_Manufacturing_PMI,10:00
2023-07-06,ISM_Services_PMI,10:00
2023-07-14,UoM_Sentiment_prelim,10:00
2023-07-25,CB_Consumer_Confidence,10:00
2023-07-28,UoM_Sentiment_final,10:00
2023-08-01,ISM_Manufacturing_PMI,10:00
2023-08-03,ISM_Services_PMI,10:00
2023-08-11,UoM_Sentiment_prelim,10:00
2023-08-25,UoM_Sentiment_final,10:00
2023-08-29,CB_Consumer_Confidence,10:00
2023-09-01,ISM_Manufacturing_PMI,10:00
2023-09-06,ISM_Services_PMI,10:00
2023-09-08,UoM_Sentiment_prelim,10:00
2023-09-26,CB_Consumer_Confidence,10:00
2023-09-29,UoM_Sentiment_final,10:00
2023-10-02,ISM_Manufacturing_PMI,10:00
2023-10-04,ISM_Services_PMI,10:00
2023-10-13,UoM_Sentiment_prelim,10:00
2023-10-27,UoM_Sentiment_final,10:00
2023-10-31,CB_Consumer_Confidence,10:00
2023-11-01,ISM_Manufacturing_PMI,10:00
2023-11-03,ISM_Services_PMI,10:00
2023-11-24,UoM_Sentiment_final,10:00
2023-11-28,CB_Consumer_Confidence,10:00
2023-12-01,ISM_Manufacturing_PMI,10:00
2023-12-05,ISM_Services_PMI,10:00
2023-12-08,UoM_Sentiment_prelim,10:00
2023-12-26,CB_Consumer_Confidence,10:00
2023-12-29,UoM_Sentiment_final,10:00
2024-01-02,ISM_Manufacturing_PMI,10:00
2024-01-04,ISM_Services_PMI,10:00
2024-01-12,UoM_Sentiment_prelim,10:00
2024-01-26,UoM_Sentiment_final,10:00
2024-01-30,CB_Consumer_Confidence,10:00
2024-02-01,ISM_Manufacturing_PMI,10:00
2024-02-05,ISM_Services_PMI,10:00
2024-02-09,UoM_Sentiment_prelim,10:00
2024-02-23,UoM_Sentiment_final,10:00
2024-02-27,CB_Consumer_Confidence,10:00
2024-03-01,ISM_Manufacturing_PMI,10:00
2024-03-05,ISM_Services_PMI,10:00
2024-03-08,UoM_Sentiment_prelim,10:00
2024-03-26,CB_Consumer_Confidence,10:00
2024-03-29,UoM_Sentiment_final,10:00
2024-04-01,ISM_Manufacturing_PMI,10:00
2024-04-03,ISM_Services_PMI,10:00
2024-04-12,UoM_Sentiment_prelim,10:00
2024-04-26,UoM_Sentiment_final,10:00
2024-04-30,CB_Consumer_Confidence,10:00
2024-05-01,ISM_Manufacturing_PMI,10:00
2024-05-03,ISM_Services_PMI,10:00
2024-05-10,UoM_Sentiment_prelim,10:00
2024-05-28,CB_Consumer_Confidence,10:00
2024-05-31,UoM_Sentiment_final,10:00
2024-06-03,ISM_Manufacturing_PMI,10:00
2024-06-05,ISM_Services_PMI,10:00
2024-06-14,UoM_Sentiment_prelim,10:00
2024-06-25,CB_Consumer_Confidence,10:00
2024-06-28,UoM_Sentiment_final,10:00
2024-07-01,ISM_Manufacturing_PMI,10:00
2024-07-03,ISM_Services_PMI,10:00
2024-07-12,UoM_Sentiment_prelim,10:00
2024-07-26,UoM_Sentiment_final,10:00
2024-07-30,CB_Consumer_Confidence,10:00
2024-08-01,ISM_Manufacturing_PMI,10:00
2024-08-05,ISM_Services_PMI,10:00
2024-08-09,UoM_Sentiment_prelim,10:00
2024-08-27,CB_Consumer_Confidence,10:00
2024-08-30,UoM_Sentiment_final,10:00
2024-09-03,ISM_Manufacturing_PMI,10:00
2024-09-05,ISM_Services_PMI,10:00
2024-09-13,UoM_Sentiment_prelim,10:00
2024-09-24,CB_Consumer_Confidence,10:00
2024-09-27,UoM_Sentiment_final,10:00
2024-10-01,ISM_Manufacturing_PMI,10:00
2024-10-03,ISM_Services_PMI,10:00
2024-10-11,UoM_Sentiment_prelim,10:00
2024-10-25,UoM_Sentiment_final,10:00
2024-10-29,CB_Consumer_Confidence,10:00
2024-11-01,ISM_Manufacturing_PMI,10:00
2024-11-05,ISM_Services_PMI,10:00
2024-11-08,UoM_Sentiment_prelim,10:00
2024-11-26,CB_Consumer_Confidence,10:00
2024-11-29,UoM_Sentiment_final,10:00
2024-12-02,ISM_Manufacturing_PMI,10:00
2024-12-04,ISM_Services_PMI,10:00
2024-12-13,UoM_Sentiment_prelim,10:00
2024-12-27,UoM_Sentiment_final,10:00
2024-12-31,CB_Consumer_Confidence,10:00
2025-01-02,ISM_Manufacturing_PMI,10:00
2025-01-06,ISM_Services_PMI,10:00
2025-01-10,UoM_Sentiment_prelim,10:00
2025-01-28,CB_Consumer_Confidence,10:00
2025-01-31,UoM_Sentiment_final,10:00
2025-02-03,ISM_Manufacturing_PMI,10:00
2025-02-05,ISM_Services_PMI,10:00
2025-02-14,UoM_Sentiment_prelim,10:00
2025-02-25,CB_Consumer_Confidence,10:00
2025-02-28,UoM_Sentiment_final,10:00
2025-03-03,ISM_Manufacturing_PMI,10:00
2025-03-05,ISM_Services_PMI,10:00
2025-03-14,UoM_Sentiment_prelim,10:00
2025-03-25,CB_Consumer_Confidence,10:00
2025-03-28,UoM_Sentiment_final,10:00
2025-04-01,ISM_Manufacturing_PMI,10:00
2025-04-03,ISM_Services_PMI,10:00
2025-04-11,UoM_Sentiment_prelim,10:00
2025-04-25,UoM_Sentiment_final,10:00
2025-04-29,CB_Consumer_Confidence,10:00
2025-05-01,ISM_Manufacturing_PMI,10:00
2025-05-05,ISM_Services_PMI,10:00
2025-05-09,UoM_Sentiment_prelim,10:00
2025-05-27,CB_Consumer_Confidence,10:00
2025-05-30,UoM_Sentiment_final,10:00
2025-06-02,ISM_Manufacturing_PMI,10:00
2025-06-04,ISM_Services_PMI,10:00
2025-06-13,UoM_Sentiment_prelim,10:00
2025-06-24,CB_Consumer_Confidence,10:00
2025-06-27,UoM_Sentiment_final,10:00
2025-07-01,ISM_Manufacturing_PMI,10:00
2025-07-03,ISM_Services_PMI,10:00
2025-07-11,UoM_Sentiment_prelim,10:00
2025-07-25,UoM_Sentiment_final,10:00
2025-07-29,CB_Consumer_Confidence,10:00
2025-08-01,ISM_Manufacturing_PMI,10:00
2025-08-05,ISM_Services_PMI,10:00
2025-08-08,UoM_Sentiment_prelim,10:00
2025-08-26,CB_Consumer_Confidence,10:00
2025-08-29,UoM_Sentiment_final,10:00
2025-09-02,ISM_Manufacturing_PMI,10:00
2025-09-04,ISM_Services_PMI,10:00
2025-09-12,UoM_Sentiment_prelim,10:00
2025-09-26,UoM_Sentiment_final,10:00
2025-09-30,CB_Consumer_Confidence,10:00
