date,r_pre60,r_last60,r_pre30,r_last30,atr_pct,year,instrument,agree60,agree30
2021-01-26,-19.71926,-22.35799,-13.10293,-28.96819,1.128668,2021,SPY,1,1
2021-01-27,-162.2659,9.089208,-177.7825,24.90093,1.104002,2021,SPY,0,0
2021-01-28,116.4058,-79.33797,81.72323,-45.20951,1.190065,2021,SPY,0,0
2021-01-29,-127.2732,-19.418,-91.46098,-55.49061,1.214725,2021,SPY,1,1
2021-02-01,81.58571,-17.51174,73.85513,-9.851275,1.315498,2021,SPY,0,0
2021-02-02,90.60261,-40.97933,80.59418,-31.0916,1.365436,2021,SPY,0,0
2021-02-03,15.68915,-30.80699,1.8304,-16.99346,1.420988,2021,SPY,0,0
2021-02-04,60.04752,22.31853,54.30384,28.04394,1.422679,2021,SPY,1,1
2021-02-05,-19.44523,5.032063,-27.04304,12.65431,1.428498,2021,SPY,0,0
2021-02-08,0.7706139,30.30848,5.90804,25.15852,1.379582,2021,SPY,1,1
2021-02-09,31.8316,-13.81816,23.8737,-5.890186,1.365862,2021,SPY,0,0
2021-02-10,-33.40984,-18.16833,-43.22877,-8.324688,1.27646,2021,SPY,1,1
2021-02-11,-39.6075,23.60245,-30.79164,14.73849,1.334974,2021,SPY,0,0
2021-02-12,31.29168,39.37612,39.24284,31.42485,1.361408,2021,SPY,1,1
2021-02-16,-31.46729,-13.23762,-34.25874,-10.44027,1.289144,2021,SPY,1,1
2021-02-17,36.13964,14.01078,44.82238,5.354684,1.306984,2021,SPY,1,1
2021-02-18,38.24828,-8.438819,41.07198,-11.24859,1.154416,2021,SPY,0,0
2021-02-19,-43.35629,-9.477459,-36.72533,-16.12656,1.094655,2021,SPY,1,1
2021-02-22,47.79621,-48.34023,16.01819,-16.76641,0.9883112,2021,SPY,0,0
2021-02-23,51.59597,20.55831,107.3508,-34.71776,0.9204282,2021,SPY,1,0
2021-02-24,127.3852,15.8507,146.027,-2.551867,0.9491939,2021,SPY,1,0
2021-02-25,-162.8639,-47.37733,-210.494,1.046326,1.007016,2021,SPY,1,0
2021-02-26,-38.75767,-67.63285,-49.94277,-56.46764,1.147402,2021,SPY,1,1
2021-03-01,126.2803,-24.07047,121.0943,-18.9588,1.237706,2021,SPY,0,0
2021-03-02,-21.03265,-64.51613,-51.81214,-33.77594,1.365932,2021,SPY,1,1
2021-03-03,-46.13431,-68.48067,-73.34837,-41.25326,1.42374,2021,SPY,1,1
2021-03-04,-104.1393,-14.57919,-139.8667,21.60218,1.455009,2021,SPY,1,0
2021-03-05,70.31887,14.22661,75.18204,9.392856,1.618648,2021,SPY,1,1
2021-03-08,1.819647,-79.01029,-41.59193,-35.76183,1.767564,2021,SPY,0,1
2021-03-09,81.6316,-47.81122,81.1133,-47.29956,1.829492,2021,SPY,0,0
2021-03-10,31.05829,-31.21801,12.57732,-12.81788,1.901725,2021,SPY,0,0
2021-03-11,46.65511,-13.70315,48.43973,-15.47673,1.881228,2021,SPY,0,0
2021-03-12,32.90061,17.28608,34.17583,16.01301,1.941063,2021,SPY,1,1
2021-03-15,21.04462,29.85603,8.36714,42.56074,1.924623,2021,SPY,1,1
2021-03-16,-27.95547,-1.010229,-20.77772,-8.202203,1.838063,2021,SPY,1,1
2021-03-17,78.56853,-10.05884,64.62895,3.777291,1.773676,2021,SPY,0,1
2021-03-18,-29.15156,-47.28733,-42.58663,-33.85861,1.660462,2021,SPY,1,1
2021-03-19,38.98036,-50.57988,22.05468,-33.77687,1.662252,2021,SPY,0,0
2021-03-22,96.40778,-29.96673,79.22874,-12.9738,1.549319,2021,SPY,0,0
2021-03-23,-35.72431,-25.35276,-63.79341,2.824931,1.550818,2021,SPY,1,0
2021-03-24,-34.02231,-53.13278,-39.39425,-47.76825,1.54151,2021,SPY,1,1
2021-03-25,74.87241,21.0862,90.15778,5.905461,1.434438,2021,SPY,1,1
2021-03-26,32.48248,95.09242,47.18911,80.31566,1.316381,2021,SPY,1,1
2021-03-29,28.14758,8.091842,57.56308,-21.17896,1.313282,2021,SPY,1,0
2021-03-30,19.27222,-9.617575,18.51147,-8.858965,1.236121,2021,SPY,0,0
2021-03-31,48.56456,-23.66149,47.5528,-22.6569,1.206255,2021,SPY,0,0
2021-04-01,40.04117,16.87774,31.25471,25.65161,1.146903,2021,SPY,1,1
2021-04-05,65.05737,6.032774,62.579,8.497223,1.155808,2021,SPY,1,1
2021-04-06,18.72705,-11.55956,11.3348,-4.184203,1.178801,2021,SPY,0,0
2021-04-07,11.70095,4.05979,2.586525,13.17556,1.162089,2021,SPY,1,1
2021-04-08,13.23789,1.468932,10.29614,4.408091,1.098342,2021,SPY,1,1
2021-04-09,31.09392,43.44536,51.90481,22.65199,1.019909,2021,SPY,1,1
2021-04-12,-0.4867838,19.4723,4.113323,14.86513,0.9963422,2021,SPY,0,1
2021-04-13,35.95986,-4.599927,43.49199,-12.09599,0.9455083,2021,SPY,0,0
2021-04-14,-36.08972,1.944721,-22.16248,-12.01617,0.9011183,2021,SPY,0,1
2021-04-15,37.45861,12.76063,28.51688,21.68831,0.8612892,2021,SPY,1,1
2021-04-16,3.594622,-4.311997,5.056436,-5.772441,0.8208577,2021,SPY,0,0
2021-04-19,-28.37169,3.156026,-45.88478,20.7554,0.7451558,2021,SPY,0,0
2021-04-20,-74.40872,32.12851,-48.92132,6.433522,0.7413262,2021,SPY,0,0
2021-04-21,82.85749,26.74957,86.98822,22.64351,0.7775483,2021,SPY,1,1
2021-04-22,-70.44793,-17.19212,-89.9233,2.426183,0.7976485,2021,SPY,1,0
2021-04-23,110.4598,-15.33375,120.2703,-25.01287,0.8261124,2021,SPY,0,0
2021-04-26,16.05098,-11.48078,-2.635235,7.1889,0.8108483,2021,SPY,0,0
2021-04-27,-8.613058,-2.155121,-3.110271,-7.658434,0.8039709,2021,SPY,1,1
2021-04-28,11.24832,-21.7542,2.871913,-13.39841,0.8096913,2021,SPY,0,0
2021-04-29,-8.80156,1.190448,-19.0304,11.44001,0.806923,2021,SPY,0,0
2021-04-30,-14.60483,5.754568,-4.309622,-4.551007,0.8272081,2021,SPY,0,1
2021-05-03,-7.152905,-21.71268,-19.31284,-9.555662,0.8576674,2021,SPY,1,1
2021-05-04,-46.13092,37.40904,-50.72237,42.04117,0.8670366,2021,SPY,0,0
2021-05-05,-16.76928,-23.51643,-43.121,2.887183,0.9230803,2021,SPY,1,0
2021-05-06,8.898509,69.68306,29.58153,48.91734,0.8919982,2021,SPY,1,1
2021-05-07,54.73383,-0.6632745,64.30868,-10.17631,0.9403869,2021,SPY,0,0
2021-05-10,-75.51769,-33.83736,-73.60076,-35.76197,0.9391112,2021,SPY,1,1
2021-05-11,23.50407,2.873764,32.19404,-5.790807,0.9662533,2021,SPY,1,0
2021-05-12,-91.43302,-50.55587,-133.9883,-7.640737,1.022282,2021,SPY,1,1
2021-05-13,99.01233,-18.73251,113.2622,-32.79644,1.099016,2021,SPY,0,0
2021-05-14,96.5564,-15.33963,91.95847,-10.79059,1.099094,2021,SPY,0,0
2021-05-17,-5.296228,8.430282,-10.59246,13.73659,1.191909,2021,SPY,0,0
2021-05-18,-43.29108,-49.5181,-36.55692,-56.24351,1.214813,2021,SPY,1,1
2021-05-19,30.71781,65.65731,74.45998,21.95336,1.279529,2021,SPY,1,1
2021-05-20,92.77024,-7.459275,117.2985,-31.68507,1.304733,2021,SPY,0,0
2021-05-21,-26.14975,-19.2428,-19.91219,-25.48077,1.323852,2021,SPY,1,1
2021-05-24,63.96895,-21.18745,61.33353,-18.57364,1.342783,2021,SPY,0,0
2021-05-25,-46.89173,-2.844447,-44.96467,-4.779658,1.313849,2021,SPY,1,1
2021-05-26,-1.193631,5.491357,1.432357,2.864304,1.325186,2021,SPY,0,1
2021-05-27,-13.32826,-7.387989,-17.61234,-3.099518,1.258619,2021,SPY,1,1
2021-05-28,-6.175332,-17.34915,-9.001734,-14.52511,1.220307,2021,SPY,1,1
2021-06-01,-53.7151,-15.70195,-64.83673,-4.525318,1.165743,2021,SPY,1,1
2021-06-02,-10.70536,10.24053,-13.58392,13.12595,1.097895,2021,SPY,0,0
2021-06-03,22.73706,0.0,32.31056,-9.542668,0.976839,2021,SPY,0,0
2021-06-04,42.06974,2.366864,41.47553,2.958755,0.921188,2021,SPY,1,1
2021-06-07,-17.15773,8.652877,-8.046385,-0.4736979,0.865409,2021,SPY,0,1
2021-06-08,-9.570848,-11.23582,-10.63428,-10.17246,0.8366474,2021,SPY,1,1
2021-06-09,-17.01524,-18.4646,-31.43093,-4.030155,0.8130349,2021,SPY,1,1
2021-06-10,19.86003,-4.483247,12.76716,2.597403,0.7330143,2021,SPY,0,1
2021-06-11,-8.252381,12.74276,-13.67537,18.1801,0.6855371,2021,SPY,0,0
2021-06-14,-20.9693,40.6101,-16.51627,36.13158,0.6488534,2021,SPY,0,0
2021-06-15,-16.45278,-6.591958,-24.44413,1.413694,0.5937271,2021,SPY,1,0
2021-06-16,-69.0045,10.19731,-39.56572,-19.38855,0.5751496,2021,SPY,0,1
2021-06-17,4.269247,4.030346,23.0065,-14.67143,0.6307304,2021,SPY,1,0
2021-06-18,-31.1631,-22.60376,-14.62269,-39.13096,0.6723183,2021,SPY,1,1
2021-06-21,91.15989,4.992274,90.92,5.230126,0.7636354,2021,SPY,1,1
2021-06-22,48.94739,4.492575,70.80739,-17.22348,0.8008262,2021,SPY,1,0
2021-06-23,4.017013,-18.1874,12.00378,-26.15008,0.829817,2021,SPY,0,0
2021-06-24,10.82531,-6.817274,2.117996,1.882264,0.7840787,2021,SPY,0,1
2021-06-25,13.6163,1.641112,14.79012,0.4688342,0.762144,2021,SPY,1,1
2021-06-28,-4.916536,12.88298,1.404725,6.554461,0.7667455,2021,SPY,0,1
2021-06-29,-7.946339,3.976329,-3.739454,-0.2338033,0.7465552,2021,SPY,0,1
2021-06-30,17.32291,3.27164,22.94115,-2.335575,0.7405711,2021,SPY,1,0
2021-07-01,35.20798,0.9293896,32.41,3.718595,0.7129866,2021,SPY,1,1
2021-07-02,36.83369,10.61718,44.71008,2.767528,0.7239326,2021,SPY,1,1
2021-07-06,-37.8098,18.97665,-21.78674,2.888137,0.7448333,2021,SPY,0,0
2021-07-07,17.52283,-0.4603204,17.98395,-0.9205984,0.7792223,2021,SPY,0,0
2021-07-08,35.68596,15.10679,33.12031,17.66784,0.7607841,2021,SPY,1,1
2021-07-09,69.58572,-1.147921,68.89218,-0.4592001,0.8078978,2021,SPY,0,0
2021-07-12,32.14843,4.577916,38.80775,-2.058696,0.7634433,2021,SPY,1,0
2021-07-13,1.604732,-15.81553,-11.92086,-2.29521,0.7002689,2021,SPY,0,1
2021-07-14,-17.37619,-8.70322,-25.37839,-0.6876476,0.6756955,2021,SPY,1,1
2021-07-15,-13.56977,12.66697,-9.889832,8.978727,0.7040345,2021,SPY,0,0
2021-07-16,-87.72131,-20.24455,-97.69746,-10.19037,0.7113535,2021,SPY,1,1
2021-07-19,-89.16002,60.8428,-91.03707,62.74863,0.7804016,2021,SPY,0,0
2021-07-20,136.2366,-10.89148,149.1556,-23.60674,0.908943,2021,SPY,0,0
2021-07-21,41.16654,8.752332,39.7789,10.13568,0.9968679,2021,SPY,1,1
2021-07-22,19.59247,-4.634328,16.67395,-1.72202,1.02516,2021,SPY,0,0
2021-07-23,49.59207,4.548142,46.84965,7.279014,1.010369,2021,SPY,1,1
2021-07-26,28.45047,9.305281,33.23015,4.536999,1.025274,2021,SPY,1,1
2021-07-27,-43.41501,22.3729,-43.64231,22.60171,0.9877159,2021,SPY,0,0
2021-07-28,-0.9096698,-19.33224,-4.320932,-15.9261,1.017287,2021,SPY,1,1
2021-07-29,29.66988,-11.2208,24.32703,-5.896895,0.9524567,2021,SPY,0,0
2021-07-30,12.55765,-0.4560691,10.27444,1.824693,0.9253521,2021,SPY,0,1
2021-08-02,-36.55934,-26.89336,-50.86516,-12.55307,0.9287434,2021,SPY,1,1
2021-08-03,46.07139,15.43805,54.96636,6.578052,0.9507518,2021,SPY,1,1
2021-08-04,-2.728389,-16.3748,-2.38734,-16.71537,0.9828696,2021,SPY,1,1
2021-08-05,12.03943,22.91548,14.31103,20.64194,0.9639661,2021,SPY,1,1
2021-08-06,-1.922425,9.613971,7.576614,0.1129982,0.9232484,2021,SPY,0,1
2021-08-09,0.452008,-8.135777,-3.277058,-4.408523,0.7900455,2021,SPY,0,1
2021-08-10,5.196331,-3.838772,1.694456,-0.3388337,0.6913379,2021,SPY,0,0
2021-08-11,-8.562994,8.795868,-1.690065,1.91573,0.656067,2021,SPY,0,0
2021-08-12,28.40461,5.844667,32.34969,1.910005,0.6439344,2021,SPY,1,1
2021-08-13,-2.6933,11.00061,-1.795534,10.10169,0.6051109,2021,SPY,0,0
2021-08-16,33.96311,19.27776,42.73504,10.52632,0.5916233,2021,SPY,1,1
2021-08-17,-27.23508,21.8927,-24.98424,19.63129,0.5793483,2021,SPY,0,0
2021-08-18,-1.580385,-83.09624,-31.15616,-53.67456,0.6320734,2021,SPY,1,1
2021-08-19,76.55283,5.004094,105.2028,-23.36184,0.6864543,2021,SPY,1,0
2021-08-20,61.3214,11.765,73.27214,-0.1127739,0.7151945,2021,SPY,1,0
2021-08-23,61.75889,-17.18635,57.26734,-12.72804,0.7128741,2021,SPY,0,0
2021-08-24,12.50251,-11.14902,11.94436,-10.59216,0.7039042,2021,SPY,0,0
2021-08-25,19.63322,-4.230684,16.73285,-1.336392,0.6854096,2021,SPY,0,0
2021-08-26,-41.46233,-10.7445,-45.02898,-7.165569,0.6657219,2021,SPY,1,1
2021-08-27,69.00022,1.443851,72.24335,-1.776475,0.6933572,2021,SPY,1,0
2021-08-30,42.46308,-14.68332,38.58264,-10.82347,0.733482,2021,SPY,0,0
2021-08-31,-7.077141,-6.196884,-19.46214,6.204574,0.7514723,2021,SPY,1,0
2021-09-01,-5.634114,-12.04833,-9.942554,-7.740794,0.7556341,2021,SPY,1,1
2021-09-02,-13.45598,10.38169,-22.50017,19.45568,0.7381882,2021,SPY,0,0
2021-09-03,29.86594,-6.396541,27.87487,-4.412284,0.7624505,2021,SPY,0,0
2021-09-07,-14.35639,-14.37703,-20.54068,-8.188921,0.7271276,2021,SPY,1,1
2021-09-08,-3.326606,3.327713,-4.213701,4.215477,0.6700735,2021,SPY,0,0
2021-09-09,-20.18992,-18.45224,-26.84594,-11.79062,0.6243186,2021,SPY,1,1
2021-09-10,-70.27734,-54.92297,-93.33363,-31.77729,0.6048634,2021,SPY,1,1
2021-09-13,-83.80884,38.21255,-58.39872,12.55549,0.6428476,2021,SPY,0,0
2021-09-14,-89.59654,1.463618,-104.2132,16.23633,0.6426372,2021,SPY,0,0
2021-09-15,59.37388,13.41442,73.76754,-0.8930166,0.7091933,2021,SPY,1,0
2021-09-16,2.906197,-6.257682,2.682643,-6.034329,0.7576391,2021,SPY,0,0
2021-09-17,-74.27801,-5.547442,-77.5368,-2.265006,0.7870387,2021,SPY,1,1
2021-09-20,-119.565,100.7656,-91.97305,72.63698,0.8341135,2021,SPY,0,0
2021-09-21,-37.81234,-31.01299,-21.07047,-47.73817,0.9898378,2021,SPY,1,1
2021-09-22,35.31624,5.941499,67.19259,-25.74091,1.044532,2021,SPY,1,0
2021-09-23,99.13146,-22.5134,88.9,-12.39492,1.114125,2021,SPY,0,0
2021-09-24,55.7204,-0.9010024,58.43847,-3.603036,1.187084,2021,SPY,0,0
2021-09-27,9.937215,-13.08605,10.8406,-13.98728,1.205807,2021,SPY,0,0
2021-09-28,-87.55373,-49.55492,-112.3417,-24.60958,1.211247,2021,SPY,1,1
2021-09-29,33.09052,-49.47207,22.29014,-38.74903,1.337031,2021,SPY,0,0
2021-09-30,-82.80196,-74.70454,-84.63691,-72.86775,1.326322,2021,SPY,1,1
2021-10-01,87.82514,-11.84575,90.2615,-14.25746,1.369088,2021,SPY,0,0
2021-10-04,-109.6998,9.10683,-123.7875,23.38415,1.428489,2021,SPY,0,0
2021-10-05,108.0566,-43.22038,95.62429,-30.95904,1.48333,2021,SPY,0,0
2021-10-06,93.41005,36.92592,107.8525,22.58481,1.518204,2021,SPY,1,1
2021-10-07,14.36683,-10.93045,24.8569,-21.38308,1.539141,2021,SPY,0,0
2021-10-08,-19.33708,-19.60248,-16.37964,-22.55896,1.545504,2021,SPY,1,1
2021-10-11,-6.177076,-48.98931,-27.22489,-27.98743,1.393274,2021,SPY,1,1
2021-10-12,-32.13441,-14.96765,-34.42973,-12.66785,1.410963,2021,SPY,1,1
2021-10-13,-4.370931,15.65017,-5.521176,16.80285,1.363205,2021,SPY,0,0
2021-10-14,78.12144,0.2259938,69.92211,8.368579,1.308477,2021,SPY,1,1
2021-10-15,28.10252,-4.035422,22.81924,1.233696,1.356228,2021,SPY,0,1
2021-10-18,66.21622,5.593592,69.14414,2.684143,1.384572,2021,SPY,1,1
2021-10-19,24.03546,14.24448,32.96801,5.328597,1.283318,2021,SPY,1,1
2021-10-20,23.71664,3.980276,18.39702,9.292241,1.279955,2021,SPY,1,1
2021-10-21,15.49392,24.30993,31.87322,7.942987,1.18742,2021,SPY,1,1
2021-10-22,-0.441355,-0.2206872,-3.972195,3.311478,1.084787,2021,SPY,1,0
2021-10-25,27.95879,0.8781366,25.99947,2.832544,1.014882,2021,SPY,1,1
2021-10-26,-4.155276,-24.06686,-10.93494,-17.29611,0.9560259,2021,SPY,1,1
2021-10-27,-6.13376,-49.75779,-25.41129,-30.52731,0.8850921,2021,SPY,1,1
2021-10-28,43.90779,17.9235,38.19978,23.61998,0.8324447,2021,SPY,1,1
2021-10-29,50.44966,22.91576,43.97894,29.3729,0.8592893,2021,SPY,1,1
2021-11-01,-24.7643,18.29268,-20.63692,14.1492,0.8257096,2021,SPY,0,0
2021-11-02,36.06735,-0.2164924,33.67735,2.16544,0.8133002,2021,SPY,0,1
2021-11-03,57.01155,16.81252,63.298,10.55511,0.7756637,2021,SPY,1,1
2021-11-04,8.810005,24.04517,12.67781,20.17297,0.7202256,2021,SPY,1,1
2021-11-05,-14.27506,-3.200478,-23.22361,5.766027,0.69161,2021,SPY,1,0
2021-11-08,-3.832641,-11.50233,-11.92377,-3.410859,0.6829554,2021,SPY,1,1
2021-11-09,-47.0864,5.137646,-54.1174,12.21054,0.6607162,2021,SPY,0,0
2021-11-10,-61.40332,18.779,-38.44419,-4.312018,0.6905687,2021,SPY,0,1
2021-11-11,-19.13361,-10.55443,-18.48866,-11.1999,0.7344789,2021,SPY,1,1
2021-11-12,32.67763,12.85705,45.5767,0.0,0.7046882,2021,SPY,1,0
2021-11-15,-29.65903,3.424144,-26.45841,0.2139404,0.7082503,2021,SPY,0,0
2021-11-16,58.22416,-12.76922,54.15703,-8.729162,0.7047142,2021,SPY,0,0
2021-11-17,-10.2352,-7.47081,-12.36753,-5.337432,0.7038982,2021,SPY,1,1
2021-11-18,5.540993,5.11193,10.97543,-0.3193222,0.6631685,2021,SPY,1,0
2021-11-19,-4.471796,-10.86493,-8.304764,-7.032948,0.6575365,2021,SPY,1,1
2021-11-22,18.90199,-88.39615,10.40671,-79.98472,0.6548946,2021,SPY,0,0
2021-11-23,8.134084,13.68838,0.8562194,20.97558,0.7212119,2021,SPY,1,1
2021-11-24,52.98837,17.71196,69.07796,1.704449,0.7278623,2021,SPY,1,1
2021-11-29,34.79779,-24.15589,35.55192,-24.90553,0.8851042,2021,SPY,0,0
2021-11-30,-100.5411,-39.24741,-118.8312,-20.81006,0.9751082,2021,SPY,1,1
2021-12-01,-90.9721,-152.575,-169.3814,-74.03164,1.062502,2021,SPY,1,1
2021-12-02,154.1704,-7.646095,148.8465,-2.404319,1.231382,2021,SPY,0,0
2021-12-03,-207.9749,84.06725,-176.6153,51.8755,1.319015,2021,SPY,0,0
2021-12-06,61.06385,-1.634468,64.46238,-5.010675,1.441868,2021,SPY,0,0
2021-12-07,80.74588,2.349574,61.36687,21.61491,1.489954,2021,SPY,1,1
2021-12-08,8.747786,8.953315,16.85549,0.8520065,1.577954,2021,SPY,1,1
2021-12-09,-13.88533,-23.95876,-28.1979,-9.640103,1.600704,2021,SPY,1,1
2021-12-10,-13.63791,44.81052,3.622571,27.47896,1.592409,2021,SPY,0,1
2021-12-13,-43.16945,-35.02702,-50.18714,-27.99863,1.621361,2021,SPY,1,1
2021-12-14,-11.87828,19.02785,19.65315,-12.50162,1.620228,2021,SPY,0,0
2021-12-15,28.26504,125.2205,130.3213,23.21569,1.644582,2021,SPY,1,1
2021-12-16,-142.6153,12.66475,-115.1079,-15.19822,1.699262,2021,SPY,0,1
2021-12-17,17.7693,-52.34809,6.067567,-40.71467,1.684678,2021,SPY,0,0
2021-12-20,-17.38518,29.98104,-0.6601967,13.20481,1.723428,2021,SPY,0,0
2021-12-21,88.28915,6.266612,79.56924,14.92311,1.698282,2021,SPY,1,1
2021-12-22,75.19284,30.02423,79.62231,25.61657,1.588511,2021,SPY,1,1
2021-12-23,64.42392,-25.22309,56.85091,-17.71188,1.514831,2021,SPY,0,0
2021-12-27,86.53011,22.78574,88.54244,20.78653,1.400384,2021,SPY,1,1
2021-12-28,-16.9527,-2.515776,-17.16199,-2.306176,1.373782,2021,SPY,1,1
2021-12-29,11.52943,-2.303231,18.44709,-9.206562,1.266141,2021,SPY,0,0
2021-12-30,3.556634,-41.61874,-8.786979,-29.31569,1.255058,2021,SPY,0,1
2021-12-31,7.148564,-21.01017,17.24065,-31.06372,1.260385,2021,SPY,0,0
2022-01-03,15.74142,10.68734,19.72925,6.703115,1.222659,2022,SPY,1,1
2022-01-04,-38.39252,2.722969,-21.28281,-14.4279,1.208411,2022,SPY,0,1
2022-01-05,-116.2913,-70.38372,-145.626,-40.82501,1.184614,2022,SPY,1,1
2022-01-06,30.34188,-31.52827,20.51282,-21.75026,1.20177,2022,SPY,0,0
2022-01-07,-11.32479,-29.52061,-22.22222,-18.63115,1.160714,2022,SPY,1,1
2022-01-10,4.970394,54.86317,-1.08052,60.94793,1.114557,2022,SPY,1,0
2022-01-11,77.59436,19.1959,90.27599,6.603613,1.120389,2022,SPY,1,1
2022-01-12,-15.47758,2.123503,-23.21637,9.881948,1.098651,2022,SPY,0,0
2022-01-13,-102.9225,-60.12753,-126.0059,-36.89008,1.082698,2022,SPY,1,1
2022-01-14,24.72349,53.65178,54.86879,23.51013,1.184822,2022,SPY,1,1
2022-01-18,-31.09777,-41.8839,-61.10821,-11.81542,1.163992,2022,SPY,1,1
2022-01-19,-61.76477,-79.27793,-79.44303,-61.59938,1.271774,2022,SPY,1,1
2022-01-20,-10.13774,-144.2785,-67.43802,-87.42151,1.371665,2022,SPY,1,1
2022-01-21,-123.4706,-44.77782,-156.2465,-11.63082,1.543944,2022,SPY,1,1
2022-01-24,-38.88889,221.2307,24.30556,156.7948,1.722636,2022,SPY,0,1
2022-01-25,145.8944,-114.6732,52.63279,-22.96369,1.975214,2022,SPY,0,0
2022-01-26,-119.5598,-67.83701,-196.0962,9.700665,2.07127,2022,SPY,1,0
2022-01-27,-159.9982,2.783448,-149.2708,-8.109548,2.176621,2022,SPY,0,1
2022-01-28,79.2697,133.4464,104.6915,107.9523,2.315197,2022,SPY,1,1
2022-01-31,150.4168,40.84092,131.3882,59.69949,2.425423,2022,SPY,1,1
2022-02-01,-4.460323,55.74562,37.28031,13.92819,2.390965,2022,SPY,0,1
2022-02-02,33.58946,7.001729,41.27333,-0.6559097,2.347812,2022,SPY,1,0
2022-02-03,-59.21096,-37.03208,-51.0057,-45.24887,2.386021,2022,SPY,1,1
2022-02-04,107.5654,-51.8801,125.9412,-69.93317,2.446794,2022,SPY,0,0
2022-02-07,9.566185,-59.34256,-9.45495,-40.41641,2.488638,2022,SPY,0,1
2022-02-08,45.00067,50.59398,78.80715,16.88214,2.436177,2022,SPY,1,1
2022-02-09,29.87107,19.48976,37.77812,11.59712,2.367173,2022,SPY,1,1
2022-02-10,-33.89455,-12.22575,-35.22375,-10.89349,2.298801,2022,SPY,1,1
2022-02-11,-186.5124,-10.43273,-181.8384,-15.18827,2.316222,2022,SPY,1,1
2022-02-14,-41.37492,21.91481,-31.14486,11.63029,2.25305,2022,SPY,0,0
2022-02-15,34.13238,16.27842,38.97625,11.4455,2.129693,2022,SPY,1,1
2022-02-16,59.4675,0.4478481,78.18624,-18.12651,2.002523,2022,SPY,1,0
2022-02-17,-108.3081,-30.11086,-124.5544,-13.70927,1.909253,2022,SPY,1,1
2022-02-18,-19.42813,-55.6497,-72.68405,-2.302397,1.86861,2022,SPY,1,1
2022-02-22,-23.15083,-32.02228,-6.482232,-48.64827,1.832967,2022,SPY,1,1
2022-02-23,-208.9449,-39.18699,-208.0203,-40.12746,1.878952,2022,SPY,1,1
2022-02-24,301.2165,116.2077,309.7324,107.8517,2.094891,2022,SPY,1,1
2022-02-25,150.0093,38.18063,162.4616,25.88063,2.111718,2022,SPY,1,1
2022-02-28,16.19508,85.46416,30.77065,70.80912,2.116251,2022,SPY,1,1
2022-03-01,-124.1037,6.050451,-129.8492,11.8751,2.140936,2022,SPY,0,0
2022-03-02,131.3902,-2.054888,148.0453,-18.46364,2.208271,2022,SPY,0,0
2022-03-03,-98.05034,-12.83609,-94.07839,-16.84061,2.210818,2022,SPY,1,1
2022-03-04,-55.3638,66.85302,-22.70148,33.89752,2.202622,2022,SPY,0,0
2022-03-07,-228.2312,-54.53726,-231.9385,-50.76263,2.123328,2022,SPY,1,1
2022-03-08,38.10703,-123.8522,-18.57718,-67.76587,2.294145,2022,SPY,0,1
2022-03-09,50.33399,2.574304,84.90921,-31.71864,2.345907,2022,SPY,1,0
2022-03-10,76.46418,-3.993892,58.70934,13.65027,2.482025,2022,SPY,0,1
2022-03-11,-119.8038,-70.91025,-145.9598,-44.55504,2.395059,2022,SPY,1,1
2022-03-14,-91.69082,-2.87687,-90.26557,-4.314684,2.476687,2022,SPY,1,1
2022-03-15,118.6675,36.03052,145.3558,9.629838,2.468648,2022,SPY,1,1
2022-03-16,-0.9302975,132.3471,69.77231,61.20516,2.375232,2022,SPY,0,1
2022-03-17,135.4001,38.00637,128.5955,44.75012,2.235963,2022,SPY,1,1
2022-03-18,108.3803,44.40126,141.9566,11.14802,2.180006,2022,SPY,1,1
2022-03-21,-57.37428,56.34759,-22.27472,20.97145,2.150009,2022,SPY,0,0
2022-03-22,67.04186,13.58635,68.16296,12.47133,2.07612,2022,SPY,1,1
2022-03-23,-35.80219,-33.68516,-26.40412,-43.07637,2.01739,2022,SPY,1,1
2022-03-24,52.71186,51.76607,84.67543,19.90681,1.999045,2022,SPY,1,1
2022-03-25,17.62398,17.81427,-23.05527,58.66015,1.957639,2022,SPY,1,0
2022-03-28,52.65021,32.78905,53.97752,31.46453,1.822848,2022,SPY,1,1
2022-03-29,-25.98809,21.71317,-5.089334,0.7583719,1.688762,2022,SPY,0,0
2022-03-30,-52.3583,17.90862,-68.00061,33.68624,1.583939,2022,SPY,0,0
2022-03-31,-29.26275,-108.1957,-52.4109,-85.17738,1.562656,2022,SPY,1,1
2022-04-01,-33.09067,24.78973,-49.19479,41.01359,1.54754,2022,SPY,0,0
2022-04-04,62.88614,16.44557,63.32745,16.00631,1.478376,2022,SPY,1,1
2022-04-05,-59.77198,-32.68443,-84.1333,-8.196721,1.389094,2022,SPY,1,1
2022-04-06,24.83944,-32.59074,-26.62967,18.8476,1.369206,2022,SPY,0,0
2022-04-07,80.10411,-10.46211,81.4504,-11.79613,1.368085,2022,SPY,0,0
2022-04-08,12.94527,-23.40511,18.97152,-29.40587,1.352558,2022,SPY,0,0
2022-04-11,-37.37813,-57.1816,-70.7032,-23.81114,1.346674,2022,SPY,1,1
2022-04-12,-94.57812,-12.30545,-134.5312,28.14259,1.382395,2022,SPY,1,0
2022-04-13,110.0557,11.96983,126.1531,-3.946018,1.452106,2022,SPY,1,0
2022-04-14,-92.68447,-35.05338,-94.48854,-33.23847,1.426429,2022,SPY,1,1
2022-04-18,37.55181,-9.124712,8.014105,20.36241,1.489397,2022,SPY,0,1
2022-04-19,135.0858,28.27946,164.8891,-1.123368,1.457461,2022,SPY,1,0
2022-04-20,-65.55543,15.53984,-33.11332,-17.06063,1.458856,2022,SPY,0,1
2022-04-21,-208.6584,-26.41045,-203.0853,-32.0841,1.437791,2022,SPY,1,1
2022-04-22,-216.849,-33.33606,-191.7883,-58.80157,1.56862,2022,SPY,1,1
2022-04-25,42.7189,70.50363,82.60562,30.66479,1.75773,2022,SPY,1,1
2022-04-26,-121.6191,-110.2819,-186.8896,-44.50187,1.837116,2022,SPY,1,1
2022-04-27,31.86545,-34.39134,21.32349,-23.908,1.951031,2022,SPY,0,0
2022-04-28,153.4927,-19.59641,155.8614,-21.9242,1.934647,2022,SPY,0,0
2022-04-29,-186.6324,-87.9335,-224.2894,-49.75124,2.016665,2022,SPY,1,1
2022-05-02,-134.7055,197.3134,-2.427126,62.39227,2.280198,2022,SPY,0,0
2022-05-03,57.60285,-22.04649,40.73172,-5.280845,2.310398,2022,SPY,0,0
2022-05-04,157.5049,126.5046,237.0963,47.77294,2.237569,2022,SPY,1,1
2022-05-05,-277.9217,24.95276,-342.6916,92.18838,2.361998,2022,SPY,0,0
2022-05-06,-54.23679,58.93429,-61.65483,66.44234,2.657464,2022,SPY,0,0
2022-05-09,-98.2231,-76.01814,-135.4886,-38.52793,2.783634,2022,SPY,1,1
2022-05-10,-78.61557,-55.56663,-118.1706,-15.76103,2.90747,2022,SPY,1,1
2022-05-11,-66.83585,-65.26193,-84.92676,-47.13515,3.08371,2022,SPY,1,1
2022-05-12,-97.79763,170.3087,-36.19282,107.4272,3.134878,2022,SPY,0,0
2022-05-13,95.78303,29.71063,142.1622,-16.15429,3.042912,2022,SPY,1,0
2022-05-16,71.9928,-70.23727,23.74763,-22.44445,3.035232,2022,SPY,0,0
2022-05-17,13.7758,30.70725,39.60542,4.900519,2.880091,2022,SPY,1,1
2022-05-18,-293.4179,4.595588,-313.9869,25.84112,2.908335,2022,SPY,0,0
2022-05-19,107.5601,-85.03055,31.65046,-10.00385,3.118544,2022,SPY,0,0
2022-05-20,-241.4758,159.5786,-196.6921,113.1674,2.909306,2022,SPY,0,0
2022-05-23,86.806,17.16132,84.26037,19.69001,2.954386,2022,SPY,1,1
2022-05-24,-42.5456,77.7792,5.859574,29.0261,3.002668,2022,SPY,0,1
2022-05-25,135.8446,-8.046468,157.5084,-29.35715,2.894663,2022,SPY,0,0
2022-05-26,183.9821,-17.36389,161.0314,5.183905,2.631989,2022,SPY,0,1
2022-05-27,126.2348,51.80093,156.6292,21.72024,2.58256,2022,SPY,1,1
2022-05-31,-8.465967,-3.389256,21.28586,-33.06783,2.466102,2022,SPY,1,0
2022-06-01,-97.18208,-38.30579,-83.81503,-51.73419,2.372265,2022,SPY,1,1
2022-06-02,124.762,65.10888,140.6319,49.35715,2.356682,2022,SPY,1,1
2022-06-03,-21.81977,-25.02612,-37.09361,-9.733781,2.335927,2022,SPY,1,1
2022-06-06,-70.88437,-0.7284736,-88.48491,17.0279,2.272226,2022,SPY,1,0
2022-06-07,146.2769,39.60396,164.6534,21.45354,2.303888,2022,SPY,1,1
2022-06-08,-65.47001,0.0,-46.38465,-19.17429,2.27661,2022,SPY,0,1
2022-06-09,-66.93375,-127.3917,-118.9662,-75.40359,2.087056,2022,SPY,1,1
2022-06-10,-45.07699,-83.9481,-37.98622,-91.00615,2.222918,2022,SPY,1,1
2022-06-13,-81.31579,-50.67523,-129.7368,-1.866318,2.280075,2022,SPY,1,1
2022-06-14,-123.1292,44.86835,-117.4238,39.06932,2.458698,2022,SPY,0,0
2022-06-15,20.93658,28.56236,130.6549,-80.05023,2.406287,2022,SPY,1,0
2022-06-16,-154.6392,50.43721,-97.42538,-7.630883,2.532115,2022,SPY,0,1
2022-06-17,55.55099,-43.54215,68.68621,-56.53096,2.673856,2022,SPY,0,0
2022-06-21,112.5303,-26.98858,109.438,-23.93808,2.572216,2022,SPY,0,0
2022-06-22,177.2418,-75.8118,137.0454,-36.45944,2.662385,2022,SPY,0,0
2022-06-23,-13.53898,49.97608,6.902227,29.44688,2.605117,2022,SPY,0,1
2022-06-24,168.4451,57.3668,174.3439,51.53577,2.489129,2022,SPY,1,1
2022-06-27,-65.19738,0.5147078,-59.06116,-5.658291,2.503251,2022,SPY,0,1
2022-06-28,-225.2114,-22.542,-225.4676,-22.28047,2.469346,2022,SPY,1,1
2022-06-29,-28.59691,7.103955,8.133067,-29.62225,2.604268,2022,SPY,0,0
2022-06-30,25.51359,0.5301805,31.09469,-5.033913,2.608214,2022,SPY,1,0
2022-07-01,87.36059,35.5366,94.79554,28.1453,2.564202,2022,SPY,1,1
2022-07-05,103.4574,54.48946,135.6383,22.56626,2.495726,2022,SPY,1,1
2022-07-06,64.90957,-33.80575,83.49255,-52.17256,2.316984,2022,SPY,0,0
2022-07-07,97.37225,3.085864,101.397,-0.8996851,2.278418,2022,SPY,1,0
2022-07-08,73.87127,-34.61361,60.95671,-21.82173,2.17066,2022,SPY,0,0
2022-07-11,-34.20487,-9.360618,-42.26374,-1.275115,1.990194,2022,SPY,1,1
2022-07-12,-30.2351,-43.66013,-89.14143,15.51652,1.964072,2022,SPY,1,0
2022-07-13,168.173,-67.33124,137.0338,-36.81982,1.942201,2022,SPY,0,0
2022-07-14,101.607,3.176368,120.8588,-15.85163,1.923275,2022,SPY,1,0
2022-07-15,45.21457,20.294,39.98745,25.51087,1.9146,2022,SPY,1,1
2022-07-18,-132.6397,-30.53873,-143.4569,-19.5976,1.800459,2022,SPY,1,1
2022-07-19,144.4959,13.27377,149.4161,8.419656,1.893485,2022,SPY,1,1
2022-07-20,51.71975,6.083188,82.29299,-24.25896,1.831829,2022,SPY,1,0
2022-07-21,71.54818,46.10036,86.01005,31.69572,1.849307,2022,SPY,1,1
2022-07-22,-130.1013,34.54144,-101.5241,5.571454,1.811391,2022,SPY,0,0
2022-07-25,-48.77186,45.20176,-53.82594,50.30616,1.817916,2022,SPY,0,0
2022-07-26,-78.96608,4.094899,-77.82348,2.94287,1.721402,2022,SPY,0,0
2022-07-27,137.16,30.012,211.9514,-43.44696,1.707238,2022,SPY,1,0
2022-07-28,108.8742,-3.569538,114.9711,-9.59504,1.772098,2022,SPY,0,0
2022-07-29,101.7905,3.399296,121.6581,-16.23613,1.81075,2022,SPY,1,0
2022-08-01,54.3797,-14.9495,38.6157,0.7303891,1.835363,2022,SPY,0,1
2022-08-02,11.4906,-35.16484,8.80131,-32.48736,1.798139,2022,SPY,0,0
2022-08-03,108.1871,-9.401215,107.9435,-9.160379,1.77334,2022,SPY,0,0
2022-08-04,-1.207001,-0.7242878,8.690404,-10.61238,1.753772,2022,SPY,1,0
2022-08-05,57.11775,35.19247,69.56649,22.78622,1.691215,2022,SPY,1,1
2022-08-08,-66.22517,11.87879,-59.0006,4.602713,1.602305,2022,SPY,0,0
2022-08-09,-30.07519,7.054931,-19.64589,-3.40227,1.524895,2022,SPY,0,1
2022-08-10,-4.776576,35.36355,15.52387,15.02289,1.459756,2022,SPY,0,1
2022-08-11,-67.7305,-3.451272,-72.81324,1.666984,1.4718,2022,SPY,1,0
2022-08-12,85.99858,32.18002,100.2132,18.06113,1.446509,2022,SPY,1,1
2022-08-15,99.83283,-2.098147,105.9547,-8.154516,1.50422,2022,SPY,0,0
2022-08-16,34.61017,13.98275,43.49656,5.122474,1.478616,2022,SPY,1,1
2022-08-17,42.25947,-25.48277,28.64253,-11.93932,1.364545,2022,SPY,0,0
2022-08-18,19.91658,6.080022,36.55279,-10.50567,1.303616,2022,SPY,1,0
2022-08-19,-72.2574,8.060692,-60.72446,-3.552061,1.244919,2022,SPY,0,1
2022-08-22,-99.99041,11.62594,-93.27642,4.840857,1.297066,2022,SPY,0,0
2022-08-23,-3.390159,-11.38511,2.179388,-16.9471,1.371804,2022,SPY,1,0
2022-08-24,31.06042,7.015337,41.37345,-3.262406,1.305942,2022,SPY,1,0
2022-08-25,33.4722,68.40109,52.49597,49.34723,1.314549,2022,SPY,1,1
2022-08-26,-286.0821,-52.76592,-294.1878,-44.45864,1.323896,2022,SPY,1,1
2022-08-29,60.16458,-49.91968,47.9825,-37.85629,1.538832,2022,SPY,0,0
2022-08-30,-161.4461,22.14784,-132.9702,-6.775748,1.565733,2022,SPY,0,1
2022-08-31,-100.5201,-18.18641,-80.5161,-38.31611,1.568617,2022,SPY,1,1
2022-09-01,35.37976,54.53116,29.01649,60.91061,1.604907,2022,SPY,1,1
2022-09-02,-193.1052,-8.406144,-191.6063,-9.933016,1.566414,2022,SPY,1,1
2022-09-06,-69.95142,9.734105,-55.70676,-4.604287,1.713628,2022,SPY,0,1
2022-09-07,189.8199,0.0,209.2886,-19.0696,1.74148,2022,SPY,0,0
2022-09-08,78.39171,45.91645,93.31142,31.06679,1.77727,2022,SPY,1,1
2022-09-09,98.56742,-3.442002,107.5055,-12.28199,1.809168,2022,SPY,0,0
2022-09-12,36.44814,16.57364,31.67808,21.33652,1.790519,2022,SPY,1,1
2022-09-13,-143.661,-69.97247,-185.7385,-27.39865,1.740453,2022,SPY,1,1
2022-09-14,-47.90632,50.17446,-62.10078,64.52929,2.050774,2022,SPY,0,0
2022-09-15,-47.3415,-23.27187,-96.21014,25.95667,2.083644,2022,SPY,1,0
2022-09-16,18.48092,17.40757,19.5221,16.36661,2.154682,2022,SPY,1,1
2022-09-19,93.65108,69.97538,149.3709,14.69148,2.040629,2022,SPY,1,1
2022-09-20,-46.3516,20.21836,-24.92859,-1.301609,2.057722,2022,SPY,0,1
2022-09-21,36.00477,-259.6464,-116.8212,-109.029,2.038913,2022,SPY,0,1
2022-09-22,-28.68526,-31.9642,-11.68659,-48.92836,2.199203,2022,SPY,1,1
2022-09-23,-192.1313,123.5349,-117.6534,47.23936,2.185956,2022,SPY,0,0
2022-09-26,-24.83557,-32.55814,-25.92724,-31.46719,2.20518,2022,SPY,1,1
2022-09-27,-108.421,-17.58145,-133.9638,8.262642,2.224124,2022,SPY,1,0
2022-09-28,137.7456,28.96119,175.7491,-8.494115,2.268059,2022,SPY,1,0
2022-09-29,-188.6432,80.02001,-151.8415,42.35177,2.310919,2022,SPY,0,0
2022-09-30,-70.46729,-59.55694,-49.74162,-80.26217,2.415627,2022,SPY,1,1
2022-10-03,193.5645,-40.74869,191.903,-39.12512,2.493235,2022,SPY,0,0
2022-10-04,124.5805,23.3366,111.1559,36.64463,2.270103,2022,SPY,1,1
2022-10-05,116.522,-15.35732,138.4871,-36.98909,2.385927,2022,SPY,0,0
2022-10-06,-58.29895,-6.961924,-31.67842,-33.64845,2.396227,2022,SPY,1,1
2022-10-07,-169.6201,-0.275634,-201.8642,32.63184,2.400694,2022,SPY,1,0
2022-10-10,-94.78022,-14.69976,-88.46154,-21.06547,2.549647,2022,SPY,1,1
2022-10-11,-28.46776,12.87506,-33.49149,17.92215,2.573661,2022,SPY,0,0
2022-10-12,-11.449,-31.87028,-13.96219,-29.3616,2.483674,2022,SPY,1,1
2022-10-13,497.0953,-22.62814,476.4903,-3.004808,2.530448,2022,SPY,0,0
2022-10-14,-273.5117,-23.15461,-266.9995,-29.82994,2.563397,2022,SPY,1,1
2022-10-17,77.47466,0.2726207,82.14511,-4.359911,2.715538,2022,SPY,1,0
2022-10-18,-151.1718,46.8327,-142.64,38.13697,2.651124,2022,SPY,0,0
2022-10-19,-48.51211,35.67635,-33.87717,20.93928,2.674361,2022,SPY,0,0
2022-10-20,-66.83511,-5.47031,-75.25742,3.011224,2.592869,2022,SPY,1,0
2022-10-21,213.3604,37.27541,261.0172,-9.342302,2.599217,2022,SPY,1,0
2022-10-24,90.43996,-12.38994,98.41996,-20.28237,2.521869,2022,SPY,0,0
2022-10-25,129.6472,33.62615,159.3526,4.288443,2.419805,2022,SPY,1,1
2022-10-26,19.12547,-10.4597,15.71956,-7.062701,2.364297,2022,SPY,0,0
2022-10-27,-77.26644,-3.946018,-61.34329,-19.96113,2.359199,2022,SPY,1,1
2022-10-28,235.8577,4.371866,239.543,0.7712281,2.255164,2022,SPY,1,1
2022-10-31,9.314601,-16.54388,4.398561,-11.63813,2.278196,2022,SPY,0,0
2022-11-01,-120.9853,-23.09229,-137.6464,-6.237655,2.191577,2022,SPY,1,1
2022-11-02,-90.374,-147.7043,-179.3156,-58.47643,2.293766,2022,SPY,1,1
2022-11-03,57.35057,-67.46446,48.73452,-58.94805,2.263443,2022,SPY,0,0
2022-11-04,-81.16711,64.44884,-66.57825,49.66755,2.093028,2022,SPY,0,0
2022-11-07,43.15594,16.34461,65.39582,-5.786885,2.061349,2022,SPY,1,0
2022-11-08,-11.80947,36.78403,48.55006,-23.50483,1.975744,2022,SPY,0,0
2022-11-09,-135.0142,-18.67513,-122.9077,-30.90943,2.002278,2022,SPY,1,1
2022-11-10,107.4465,61.6922,138.1087,31.26112,1.966356,2022,SPY,1,1
2022-11-11,91.50657,-17.78468,74.1911,-0.6272975,2.103676,2022,SPY,0,0
2022-11-14,52.43257,-91.77993,28.23292,-67.86989,2.076056,2022,SPY,0,0
2022-11-15,-59.83694,-5.016429,-53.35461,-11.53027,2.031963,2022,SPY,1,1
2022-11-16,-16.8838,-17.92205,-39.05955,4.300749,2.082216,2022,SPY,1,0
2022-11-17,68.37563,27.46973,40.46198,55.34726,2.079713,2022,SPY,1,1
2022-11-18,-75.43754,34.20493,-44.75961,3.283657,1.960388,2022,SPY,0,0
2022-11-21,-5.826915,2.534919,-10.64045,7.354806,1.993366,2022,SPY,0,0
2022-11-22,56.47154,25.06894,70.08521,11.51612,1.914828,2022,SPY,1,1
2022-11-23,66.07268,5.469915,71.07819,0.4970179,1.752374,2022,SPY,1,1
2022-11-28,-75.43671,-2.272727,-94.48385,16.95173,1.576312,2022,SPY,1,0
2022-11-29,-31.56566,12.15959,-27.0202,7.596283,1.627615,2022,SPY,0,0
2022-11-30,200.0759,109.6067,254.964,55.49663,1.568502,2022,SPY,1,1
2022-12-01,-21.28128,-13.72751,-35.4688,0.4909662,1.618373,2022,SPY,1,0
2022-12-02,109.4146,9.101195,116.8747,1.720578,1.367061,2022,SPY,1,1
2022-12-05,-123.2948,16.54426,-129.2367,22.57393,1.360717,2022,SPY,0,0
2022-12-06,-175.219,33.88535,-184.9812,43.86524,1.436707,2022,SPY,0,0
2022-12-07,0.7635725,6.108114,-2.290718,9.164969,1.470695,2022,SPY,1,0
2022-12-08,12.91074,17.9506,28.8593,2.019386,1.462494,2022,SPY,1,1
2022-12-09,21.7727,-64.92358,11.77245,-54.99994,1.442713,2022,SPY,0,0
2022-12-12,67.24352,55.70399,101.119,21.98078,1.44057,2022,SPY,1,1
2022-12-13,-207.7441,9.213147,-204.6962,6.098699,1.426063,2022,SPY,0,0
2022-12-14,-67.48176,13.0365,-71.46592,17.05457,1.561827,2022,SPY,0,0
2022-12-15,-106.24,-14.60789,-95.3371,-25.59967,1.689408,2022,SPY,1,1
2022-12-16,-51.9521,7.833512,-23.11868,-21.08936,1.919352,2022,SPY,0,1
2022-12-19,-121.5409,33.53135,-119.976,31.94213,1.95287,2022,SPY,0,0
2022-12-20,37.43936,-4.202784,46.14005,-12.85988,2.003514,2022,SPY,0,0
2022-12-21,72.52048,2.848855,58.1729,17.11751,1.799317,2022,SPY,1,1
2022-12-22,-121.1077,58.91833,-74.64829,11.8337,1.830505,2022,SPY,0,0
2022-12-23,75.85735,9.672191,62.95106,22.51014,1.955227,2022,SPY,1,1
2022-12-27,-38.66047,1.573399,-22.46487,-14.66122,1.869678,2022,SPY,0,1
2022-12-28,-78.39539,-46.24614,-113.0047,-11.40311,1.785621,2022,SPY,1,1
2022-12-29,103.5246,-2.867944,100.3635,0.2608038,1.856085,2022,SPY,0,1
2022-12-30,-41.76846,88.37185,-9.588357,55.8762,1.916452,2022,SPY,0,0
2023-01-03,-115.4867,21.05152,-106.6431,12.09381,1.907592,2023,SPY,0,0
2023-01-04,0.7828401,13.30724,-10.69882,24.81649,1.967911,2023,SPY,1,0
2023-01-05,-24.75377,-37.68234,-56.05616,-6.322112,1.871969,2023,SPY,1,1
2023-01-06,156.5849,-11.58212,152.5331,-7.595752,1.791783,2023,SPY,0,0
2023-01-09,-32.80117,-28.02417,-48.17672,-12.61748,1.726363,2023,SPY,1,1
2023-01-10,58.36325,27.98531,58.62149,27.72786,1.692516,2023,SPY,1,1
2023-01-11,55.08096,30.68652,61.83858,23.94982,1.650152,2023,SPY,1,1
2023-01-12,19.16144,-10.8206,1.260621,7.058586,1.643219,2023,SPY,0,1
2023-01-13,101.3591,21.6276,117.6172,5.523752,1.640961,2023,SPY,1,1
2023-01-17,-8.031725,-8.289375,-11.54561,-4.774349,1.518767,2023,SPY,1,1
2023-01-18,-145.6359,-41.71648,-153.1559,-34.11145,1.483574,2023,SPY,1,1
2023-01-19,33.14321,-47.8861,26.20626,-41.00041,1.618805,2023,SPY,0,0
2023-01-20,111.8092,39.81639,134.1198,17.71345,1.565402,2023,SPY,1,1
2023-01-23,71.59243,27.53235,78.90292,20.25912,1.537905,2023,SPY,1,1
2023-01-24,49.88969,-16.71365,41.86723,-8.737985,1.563933,2023,SPY,0,0
2023-01-25,97.24187,14.50834,102.0408,9.750975,1.483886,2023,SPY,1,1
2023-01-26,9.675979,32.22208,19.84816,22.03734,1.479751,2023,SPY,1,1
2023-01-27,93.64317,-43.19654,98.10236,-47.59335,1.475605,2023,SPY,0,0
2023-01-30,-35.5059,-18.18997,-51.64494,-1.996656,1.387603,2023,SPY,1,1
2023-01-31,84.52179,49.69466,66.57026,67.6161,1.381716,2023,SPY,1,1
2023-02-01,96.49318,41.06375,148.9351,-10.8208,1.395132,2023,SPY,1,0
2023-02-02,-24.82945,72.01547,9.401442,37.57044,1.470396,2023,SPY,0,1
2023-02-03,5.587949,12.62657,18.58601,-0.3637554,1.507098,2023,SPY,1,0
2023-02-06,12.20197,-10.72464,-14.64236,16.13021,1.51592,2023,SPY,0,0
2023-02-07,112.4804,39.41387,139.6225,12.54009,1.537698,2023,SPY,1,1
2023-02-08,-44.29062,-17.01714,-63.89467,2.679398,1.523376,2023,SPY,1,0
2023-02-09,-145.9625,-33.05259,-186.0117,7.620827,1.536467,2023,SPY,1,0
2023-02-10,38.06825,15.8323,31.66194,22.2285,1.588712,2023,SPY,1,1
2023-02-13,74.87704,26.71654,80.26036,21.36182,1.516487,2023,SPY,1,1
2023-02-14,45.4667,-12.58592,44.00788,-11.13532,1.531662,2023,SPY,0,0
2023-02-15,49.22267,38.31232,59.21341,28.34234,1.524615,2023,SPY,1,1
2023-02-16,84.16108,-94.61886,13.70064,-24.9206,1.523917,2023,SPY,0,0
2023-02-17,24.37703,3.684508,10.34177,17.71043,1.553271,2023,SPY,1,1
2023-02-21,-84.10032,-15.26145,-87.07733,-12.26288,1.54448,2023,SPY,1,1
2023-02-22,-49.43061,24.27215,-49.80603,24.65037,1.602678,2023,SPY,0,0
2023-02-23,-30.6481,13.9965,1.245858,-17.93811,1.468136,2023,SPY,0,0
2023-02-24,33.63087,-10.58468,24.27491,-1.261257,1.461534,2023,SPY,0,0
2023-02-27,-49.01103,-5.528333,-57.01283,2.514901,1.466026,2023,SPY,1,0
2023-02-28,14.09692,-38.96332,-4.505979,-20.42456,1.48771,2023,SPY,0,1
2023-03-01,-35.14983,17.25626,-31.60956,13.69863,1.389538,2023,SPY,0,0
2023-03-02,104.66,25.20098,120.5755,9.435505,1.363636,2023,SPY,1,1
2023-03-03,107.1178,8.666799,111.3725,4.455335,1.297499,2023,SPY,1,1
2023-03-06,-8.887133,-6.17711,-24.43962,9.403846,1.336597,2023,SPY,1,0
2023-03-07,-166.3906,13.32529,-153.7815,0.5021971,1.312123,2023,SPY,0,0
2023-03-08,-25.60562,40.01711,-28.36701,42.79744,1.341516,2023,SPY,0,0
2023-03-09,-156.6135,-48.0366,-206.3996,2.554539,1.312112,2023,SPY,1,0
2023-03-10,-91.04859,-39.48999,-110.2302,-20.1712,1.434874,2023,SPY,1,1
2023-03-13,171.2356,-80.05766,105.2549,-15.28695,1.555352,2023,SPY,0,0
2023-03-14,-40.21104,73.54643,-56.98699,90.54261,1.543954,2023,SPY,0,0
2023-03-15,73.0854,15.69455,75.54749,13.24708,1.635998,2023,SPY,1,1
2023-03-16,215.5763,22.7727,234.9626,3.788261,1.669904,2023,SPY,1,1
2023-03-17,-88.26821,8.72578,-60.03256,-19.70519,1.700044,2023,SPY,0,1
2023-03-20,49.6443,25.9727,55.78586,19.84935,1.758845,2023,SPY,1,1
2023-03-21,9.061163,31.43389,23.53385,16.94979,1.749038,2023,SPY,1,1
2023-03-22,-3.511412,-161.8326,6.270379,-171.4501,1.785356,2023,SPY,1,0
2023-03-23,-68.85727,22.17691,-81.00856,34.4546,1.875222,2023,SPY,0,0
2023-03-24,72.22704,27.8728,92.8998,7.333232,1.932283,2023,SPY,1,1
2023-03-27,-2.888214,-39.31617,-11.55285,-30.67562,1.955643,2023,SPY,1,1
2023-03-28,-25.76929,20.26342,-29.55889,24.07196,1.900756,2023,SPY,0,0
2023-03-29,20.13456,18.34679,35.26675,3.240118,1.876248,2023,SPY,1,1
2023-03-30,-20.91532,13.27,-13.86104,6.196555,1.769228,2023,SPY,0,0
2023-03-31,73.2895,45.76406,108.7601,10.51448,1.663712,2023,SPY,1,1
2023-04-03,35.82608,13.76756,46.7084,2.920916,1.581693,2023,SPY,1,1
2023-04-04,-89.92613,19.88432,-91.84566,21.82549,1.481992,2023,SPY,0,0
2023-04-05,-8.581586,2.453988,-15.44686,9.331565,1.437153,2023,SPY,0,0
2023-04-06,52.11278,6.358056,51.12952,7.336937,1.311774,2023,SPY,1,1
2023-04-10,59.51064,13.20067,51.02668,21.6527,1.24607,2023,SPY,1,1
2023-04-11,18.28332,-30.17325,18.77087,-30.65843,1.227594,2023,SPY,0,0
2023-04-12,-67.26566,-23.95912,-102.4769,11.53148,1.163359,2023,SPY,1,0
2023-04-13,107.2877,-2.41797,107.6543,-2.780565,1.071394,2023,SPY,0,0
2023-04-14,-16.71633,9.22151,-23.49977,16.0272,1.007739,2023,SPY,0,0
2023-04-17,6.546565,30.04604,25.70133,10.88297,0.9840631,2023,SPY,1,1
2023-04-18,-42.10881,8.940653,-36.81513,3.622663,0.9682448,2023,SPY,0,0
2023-04-19,57.37924,-9.528749,56.53007,-8.685163,0.9785317,2023,SPY,0,0
2023-04-20,8.023146,5.830337,-22.85381,36.79606,0.9268991,2023,SPY,1,0
2023-04-21,-4.366812,4.36872,-9.218826,9.227332,0.9399737,2023,SPY,0,0
2023-04-24,2.184519,13.34692,7.28173,8.246623,0.8801184,2023,SPY,1,1
2023-04-25,-95.48167,-13.52581,-88.90513,-20.15237,0.8749413,2023,SPY,1,1
2023-04-26,-60.71332,0.0,-62.18814,1.484047,0.9166517,2023,SPY,0,0
2023-04-27,141.1221,-1.697052,137.5572,1.818909,0.9391573,2023,SPY,0,1
2023-04-28,81.41937,27.24204,84.57893,24.10045,1.007222,2023,SPY,1,1
2023-05-01,16.85204,-13.69929,10.11122,-6.974507,1.011277,2023,SPY,0,0
2023-05-02,-89.20392,-5.83828,-82.93553,-12.15539,1.014548,2023,SPY,1,1
2023-05-03,21.39297,-102.1275,-61.2617,-19.81264,1.074667,2023,SPY,0,1
2023-05-04,-40.54951,-3.207817,-39.07498,-4.687654,1.091659,2023,SPY,1,1
2023-05-05,106.8747,-15.24464,103.2062,-11.61918,1.073359,2023,SPY,0,0
2023-05-08,5.328167,-9.198296,-8.113345,4.241756,1.1618,2023,SPY,0,0
2023-05-09,9.000462,-12.88096,9.730229,-13.60908,1.149974,2023,SPY,0,0
2023-05-10,-45.9037,20.38785,-17.63668,-7.986834,1.127143,2023,SPY,0,1
2023-05-11,7.040031,-2.1833,1.213798,3.640953,1.163599,2023,SPY,0,1
2023-05-12,-83.94417,41.22957,-72.09038,29.24048,1.166112,2023,SPY,0,0
2023-05-15,5.337085,14.06299,13.34271,6.056788,1.205869,2023,SPY,1,1
2023-05-16,-4.612994,-34.97777,-4.127416,-35.46185,1.147699,2023,SPY,1,1
2023-05-17,53.10636,15.92011,55.04632,13.9877,1.123963,2023,SPY,1,1
2023-05-18,49.40116,52.99506,67.95672,34.46708,1.070043,2023,SPY,1,1
2023-05-19,-36.41123,-1.194258,-47.83436,10.28241,1.064884,2023,SPY,1,0
2023-05-22,26.99345,-22.87076,10.03297,-5.966018,1.086393,2023,SPY,0,0
2023-05-23,-57.89562,-15.07059,-57.29629,-15.67247,1.010305,2023,SPY,1,1
2023-05-24,-48.00815,15.59264,-10.18355,-22.32956,1.004846,2023,SPY,0,1
2023-05-25,-14.46794,13.04001,13.98568,-15.41092,0.9981157,2023,SPY,0,0
2023-05-26,114.1124,-2.380272,114.955,-3.2131,0.935804,2023,SPY,0,0
2023-05-30,-41.94313,-1.189825,-40.75829,-2.379366,0.9915369,2023,SPY,1,1
2023-05-31,-3.108115,-6.696482,-1.195429,-8.608116,1.030972,2023,SPY,1,1
2023-06-01,104.2888,-14.44026,91.61145,-1.896184,1.002225,2023,SPY,0,0
2023-06-02,91.41457,-9.338812,86.23127,-4.204625,1.041877,2023,SPY,0,0
2023-06-05,-15.29266,-12.97775,-26.38276,-1.872747,1.07182,2023,SPY,1,1
2023-06-06,22.96588,7.715689,32.57405,-1.868679,1.077655,2023,SPY,1,0
2023-06-07,-33.84529,-9.836757,-35.01237,-8.666729,1.070295,2023,SPY,1,1
2023-06-08,53.90836,4.196293,54.14274,3.963073,1.039661,2023,SPY,1,1
2023-06-09,7.675847,-8.134805,4.88463,-5.347221,1.011484,2023,SPY,0,0
2023-06-12,38.06164,29.59401,55.11975,12.5792,1.00492,2023,SPY,1,1
2023-06-13,18.60999,13.75957,24.9282,7.448405,1.010257,2023,SPY,1,1
2023-06-14,-15.33146,19.25104,-8.924281,12.8258,0.9803633,2023,SPY,0,0
2023-06-15,164.9749,-23.21755,153.6329,-12.07307,1.001633,2023,SPY,0,0
2023-06-16,-64.34135,-14.54215,-76.30658,-2.502446,1.028817,2023,SPY,1,1
2023-06-20,2.057143,-9.369501,-1.142857,-6.172134,1.010286,2023,SPY,0,1
2023-06-21,5.501054,-36.19536,-13.065,-17.6723,1.022934,2023,SPY,0,1
2023-06-22,55.07039,2.979055,36.63679,21.35084,1.010227,2023,SPY,1,1
2023-06-23,-0.2309576,5.543109,3.348884,1.962482,0.9609484,2023,SPY,0,1
2023-06-26,0.9245348,-28.88904,-0.2311337,-27.73669,0.9139687,2023,SPY,0,1
2023-06-27,88.36047,0.6878525,102.4704,-13.27991,0.916649,2023,SPY,1,0
2023-06-28,11.26359,19.97612,7.125945,24.11908,0.9566664,2023,SPY,1,1
2023-06-29,34.18058,16.00329,40.14498,10.05324,0.946848,2023,SPY,1,1
2023-06-30,55.5027,-13.29218,59.3539,-17.11558,0.9183835,2023,SPY,0,0
2023-07-05,35.97936,-8.568014,40.73135,-13.29667,0.9265575,2023,SPY,0,0
2023-07-06,14.7929,-8.862629,7.965407,-2.046617,0.9068372,2023,SPY,0,0
2023-07-07,58.13423,-59.83816,37.38829,-39.29318,0.9188303,2023,SPY,0,0
2023-07-10,23.50418,9.334092,18.02747,14.80604,0.8655959,2023,SPY,1,1
2023-07-11,20.20431,24.2416,23.60953,20.83616,0.8295768,2023,SPY,1,1
2023-07-12,-2.464268,-5.60199,-16.5778,8.527062,0.8040875,2023,SPY,1,0
2023-07-13,30.58718,6.454916,42.30855,-5.224602,0.8358052,2023,SPY,1,0
2023-07-14,-28.85298,0.4451765,-32.18217,3.785264,0.852352,2023,SPY,0,0
2023-07-17,39.63394,-1.108918,54.10701,-15.5025,0.8366547,2023,SPY,0,0
2023-07-18,81.13208,0.770662,88.34628,-6.380919,0.8250357,2023,SPY,1,0
2023-07-19,7.911914,-3.733228,17.58203,-13.38277,0.80791,2023,SPY,0,0
2023-07-20,-36.551,-7.071823,-58.34948,14.8391,0.7969186,2023,SPY,1,0
2023-07-21,-17.62115,-22.50662,-29.29515,-10.82466,0.81309,2023,SPY,1,1
2023-07-24,19.40848,-1.981113,1.764407,15.65635,0.7480615,2023,SPY,0,1
2023-07-25,43.07401,-8.446224,46.48908,-11.84262,0.7691787,2023,SPY,0,0
2023-07-26,33.00403,-10.52655,0.2200268,22.22222,0.7818025,2023,SPY,0,1
2023-07-27,-136.1715,-5.301173,-135.9536,-5.521933,0.7357152,2023,SPY,1,1
2023-07-28,28.08742,-1.750547,20.84613,5.474413,0.7964634,2023,SPY,0,1
2023-07-31,-9.836066,16.19079,-17.81421,24.19611,0.8408275,2023,SPY,0,0
2023-08-01,10.19178,-5.145441,9.643836,-4.598305,0.8210568,2023,SPY,0,0
2023-08-02,-59.3426,-10.65223,-85.81513,16.02101,0.7836973,2023,SPY,1,0
2023-08-03,43.07651,-25.11279,26.56013,-8.681522,0.8371383,2023,SPY,0,0
2023-08-04,-79.98491,-6.598003,-79.87398,-6.709758,0.840737,2023,SPY,1,1
2023-08-07,34.55425,13.10762,26.08289,21.56802,0.9046207,2023,SPY,1,1
2023-08-08,5.356067,9.368099,10.82372,3.901243,0.8936343,2023,SPY,1,1
2023-08-09,-17.59465,-54.88499,-26.72606,-45.77937,0.9426503,2023,SPY,1,1
2023-08-10,-15.84291,-34.19453,-43.06594,-6.947246,0.9520887,2023,SPY,1,1
2023-08-11,47.7542,-9.191589,43.47434,-4.934174,1.041486,2023,SPY,0,0
2023-08-14,47.45412,30.44208,49.92803,27.97297,1.047878,2023,SPY,1,1
2023-08-15,-45.03899,-31.06219,-81.22703,5.308875,1.057872,2023,SPY,1,0
2023-08-16,-14.23922,-49.11614,-52.43649,-10.90612,1.102571,2023,SPY,1,1
2023-08-17,-84.36139,-21.7272,-94.33962,-11.67582,1.05395,2023,SPY,1,1
2023-08-18,54.8931,12.61613,58.81403,8.713198,1.07834,2023,SPY,1,1
2023-08-21,33.14058,8.200829,42.51137,-1.137941,1.108414,2023,SPY,1,0
2023-08-22,-57.58984,-8.209619,-58.04331,-7.753883,1.139812,2023,SPY,1,1
2023-08-23,81.0657,7.228208,92.22361,-3.83574,1.087165,2023,SPY,1,0
2023-08-24,-125.8265,-49.53708,-134.7097,-40.5772,1.107508,2023,SPY,1,1
2023-08-25,48.55808,-18.37651,51.97766,-21.77216,1.15126,2023,SPY,0,0
2023-08-28,-7.914971,20.59522,-9.158752,21.84271,1.178038,2023,SPY,0,0
2023-08-29,133.749,13.82262,148.2084,-0.4452558,1.144645,2023,SPY,1,0
2023-08-30,34.69982,-2.659987,29.36139,2.661403,1.170801,2023,SPY,0,1
2023-08-31,-18.26433,-11.64403,-12.17622,-17.73246,1.100367,2023,SPY,1,1
2023-09-01,-55.62054,14.20486,-45.57795,4.10195,1.086004,2023,SPY,0,0
2023-09-05,-2.884082,-30.62447,-20.07765,-13.44908,1.095793,2023,SPY,1,1
2023-09-06,-54.52842,6.16668,-57.31618,8.972231,1.041345,2023,SPY,0,0
2023-09-07,42.08887,-2.809147,41.18616,-1.910391,1.066327,2023,SPY,0,0
2023-09-08,0.0,13.26051,-5.618861,18.88999,1.026325,2023,SPY,0,0
2023-09-11,7.140944,0.2229953,10.48826,-3.12089,0.9876181,2023,SPY,1,0
2023-09-12,-19.689,-1.79344,-29.75724,8.303038,0.9656721,2023,SPY,1,0
2023-09-13,0.0,6.947557,-5.154639,12.10844,0.9592912,2023,SPY,0,0
2023-09-14,34.51885,-4.882596,28.72859,0.8882572,0.9071936,2023,SPY,0,1
2023-09-15,-72.02129,-11.26456,-75.59999,-7.662663,0.8503401,2023,SPY,1,1
2023-09-18,12.18962,2.029129,12.18962,2.029129,0.8764108,2023,SPY,1,1
2023-09-19,-12.64936,12.66539,-4.743512,4.745763,0.8605279,2023,SPY,0,0
2023-09-20,-49.3221,-72.19971,-71.05536,-50.46896,0.8049026,2023,SPY,1,1
2023-09-21,-60.36125,-39.02281,-82.62376,-16.66242,0.871402,2023,SPY,1,1
2023-09-22,-32.83313,-15.07876,2.543411,-50.39297,0.9566695,2023,SPY,1,0
2023-09-25,39.02791,31.91329,43.80446,27.14239,0.9659617,2023,SPY,1,1
2023-09-26,-75.51391,1.409046,-88.5657,14.57932,0.9917028,2023,SPY,0,0
2023-09-27,-24.82726,3.756839,-10.30566,-10.78521,1.026383,2023,SPY,0,1
2023-09-28,67.92009,3.034618,98.47239,-27.22893,1.061944,2023,SPY,1,0
2023-09-29,-78.6608,-16.93114,-93.1418,-2.338744,1.093109,2023,SPY,1,1
2023-10-02,-35.39367,51.51487,-19.68919,35.69835,1.15088,2023,SPY,0,0
2023-10-03,-91.75607,10.68528,-103.9902,23.0612,1.172663,2023,SPY,0,0
2023-10-04,26.77344,34.73617,56.15315,5.419033,1.2571,2023,SPY,1,1
2023-10-05,16.49621,-12.70469,12.9613,-9.178846,1.255395,2023,SPY,0,0
2023-10-06,205.6823,-26.70134,207.578,-28.55352,1.207825,2023,SPY,0,0
2023-10-09,117.182,-6.010866,110.399,0.6940267,1.327695,2023,SPY,0,1
2023-10-10,37.41426,-1.610639,40.64759,-4.830362,1.346781,2023,SPY,0,0
2023-10-11,-15.83477,28.96152,-8.032129,21.13,1.320629,2023,SPY,0,0
2023-10-12,-92.67735,16.39912,-82.37986,5.999077,1.251308,2023,SPY,0,0
2023-10-13,-83.63971,-1.390305,-94.66912,9.742971,1.28898,2023,SPY,1,0
2023-10-16,62.23923,-10.76722,70.76831,-19.22725,1.342671,2023,SPY,0,0
2023-10-17,40.6598,32.21205,60.64316,12.28515,1.319546,2023,SPY,1,1
2023-10-18,-69.5516,-22.7278,-86.13344,-6.03991,1.320543,2023,SPY,1,1
2023-10-19,-92.13488,-11.47756,-95.61605,-7.966821,1.356578,2023,SPY,1,1
2023-10-20,-76.31437,-33.83654,-82.88914,-27.22925,1.391857,2023,SPY,1,1
2023-10-23,74.12174,-52.75734,35.03504,-14.01259,1.435364,2023,SPY,0,0
2023-10-24,22.00663,2.361108,34.42972,-10.02228,1.417078,2023,SPY,1,0
2023-10-25,-100.6115,-2.992758,-94.09367,-9.570523,1.410728,2023,SPY,1,1
2023-10-26,-20.41306,-72.19348,-53.07397,-39.59535,1.471027,2023,SPY,1,1
2023-10-27,-111.5484,27.59126,-90.78398,6.578787,1.400132,2023,SPY,0,0
2023-10-30,54.40302,-5.771589,64.19556,-15.49605,1.393581,2023,SPY,0,0
2023-10-31,44.68468,2.152544,48.04805,-1.195457,1.402831,2023,SPY,1,0
2023-11-01,51.7665,30.85248,87.07269,-4.256929,1.408243,2023,SPY,1,0
2023-11-02,86.506,11.85357,86.74044,11.62088,1.370767,2023,SPY,1,1
2023-11-03,69.50057,-32.33203,54.95394,-17.91168,1.377972,2023,SPY,0,0
2023-11-06,-8.726404,14.02041,-9.874615,15.17137,1.368832,2023,SPY,0,0
2023-11-07,27.313,1.144479,34.65767,-6.175663,1.315319,2023,SPY,1,0
2023-11-08,-22.40051,16.95265,-12.34314,6.865774,1.246886,2023,SPY,0,0
2023-11-09,-102.6577,-0.2304944,-104.4827,1.613758,1.181134,2023,SPY,1,0
2023-11-10,87.06724,21.49364,103.9301,4.768392,1.181463,2023,SPY,1,1
2023-11-13,32.10456,-9.305493,35.51993,-12.70562,1.179769,2023,SPY,0,0
2023-11-14,71.7119,-15.57528,81.57228,-25.34065,1.138026,2023,SPY,0,0
2023-11-15,3.11042,-12.43781,-0.6665186,-8.665319,1.179897,2023,SPY,0,1
2023-11-16,7.791109,14.45794,8.458919,13.78973,1.129711,2023,SPY,1,1
2023-11-17,16.88176,-3.548065,19.99156,-6.650558,1.080893,2023,SPY,0,0
2023-11-20,88.77447,-7.039465,98.7616,-16.92196,1.018211,2023,SPY,0,0
2023-11-21,3.420501,-0.7721071,3.089485,-0.4412186,1.017323,2023,SPY,0,0
2023-11-22,-0.6595001,3.517566,8.573501,-5.710771,0.9663247,2023,SPY,0,0
2023-11-27,0.0,-3.73914,6.818432,-10.55038,0.8112991,2023,SPY,0,0
2023-11-28,14.0935,3.958219,6.165907,11.88406,0.795748,2023,SPY,1,1
2023-11-29,-35.21897,-20.19625,-59.06287,3.740868,0.7856299,2023,SPY,1,0
2023-11-30,-8.123477,28.56515,-29.85927,50.42831,0.802703,2023,SPY,0,0
2023-12-01,73.28901,0.6534951,72.63072,1.307076,0.7763839,2023,SPY,1,1
2023-12-04,8.34065,15.57086,9.438104,14.47273,0.7353725,2023,SPY,1,1
2023-12-05,30.09137,-1.09493,27.45563,1.533306,0.7645217,2023,SPY,0,1
2023-12-06,-63.86782,-23.47366,-82.06906,-5.164892,0.6470859,2023,SPY,1,1
2023-12-07,27.585,4.366526,33.27714,-1.309215,0.6791477,2023,SPY,1,0
2023-12-08,63.8349,-3.25839,64.49074,-3.909814,0.7045574,2023,SPY,0,0
2023-12-11,39.59018,9.966849,38.50253,11.0514,0.7234374,2023,SPY,1,1
2023-12-12,42.24345,11.64898,53.72501,0.2154754,0.6909822,2023,SPY,1,1
2023-12-13,114.2162,15.43292,94.73163,34.76443,0.7065657,2023,SPY,1,1
2023-12-14,-20.74074,10.39192,-21.79894,11.45354,0.7480726,2023,SPY,0,0
2023-12-15,-12.98978,7.249622,-4.15247,-1.597767,0.8089712,2023,SPY,0,1
2023-12-18,33.54921,-11.8511,37.47744,-15.76002,0.8394127,2023,SPY,0,0
2023-12-19,36.40597,14.12995,36.82929,13.70759,0.8500522,2023,SPY,1,1
2023-12-20,-72.58609,-47.18585,-97.90682,-21.73542,0.8297814,2023,SPY,1,1
2023-12-21,-8.917576,45.47773,19.32141,17.16502,0.9054828,2023,SPY,0,1
2023-12-22,1.47751,-4.009792,3.377166,-5.908045,0.9039196,2023,SPY,0,0
2023-12-26,34.37948,-2.101944,43.65983,-11.34001,0.8874336,2023,SPY,0,0
2023-12-27,1.577519,21.13542,4.522222,18.18583,0.8884438,2023,SPY,1,1
2023-12-28,8.074495,-10.58268,2.097271,-4.61303,0.8443765,2023,SPY,0,0
2023-12-29,-18.88891,-5.467124,-14.4815,-9.878515,0.8021042,2023,SPY,1,1
2024-01-02,-27.31835,36.7366,-27.74189,37.16288,0.8119118,2024,SPY,0,0
2024-01-03,-5.844846,-30.51731,-26.35494,-10.01577,0.8470472,2024,SPY,1,1
2024-01-04,7.046013,-29.87113,-1.92164,-20.92854,0.8645091,2024,SPY,0,1
2024-01-05,-13.3707,23.67105,-11.12442,21.41695,0.8243228,2024,SPY,0,0
2024-01-08,114.6505,17.94195,112.729,19.84546,0.8156533,2024,SPY,1,1
2024-01-09,40.47639,1.899576,40.05256,2.321802,0.8587988,2024,SPY,1,1
2024-01-10,64.74335,-14.45783,43.02164,7.139557,0.8536541,2024,SPY,0,1
2024-01-11,-15.07759,-9.647449,-33.92457,9.245446,0.857089,2024,SPY,1,0
2024-01-12,-32.43899,8.608562,-34.21791,10.39512,0.8235319,2024,SPY,0,0
2024-01-16,-20.19989,13.49385,-25.24987,18.56344,0.8078455,2024,SPY,0,0
2024-01-17,-8.794795,17.71113,-20.98035,29.94393,0.8125725,2024,SPY,0,0
2024-01-18,37.7677,15.76491,51.48222,2.09912,0.8411074,2024,SPY,1,1
2024-01-19,94.41072,4.562328,92.73603,6.222388,0.8796615,2024,SPY,1,1
2024-01-22,-7.438017,-3.928542,2.066116,-13.42698,0.9414109,2024,SPY,1,0
2024-01-23,5.371124,10.94295,11.98174,4.333024,0.9277731,2024,SPY,1,1
2024-01-24,-25.2168,-23.63629,-45.92328,-2.883447,0.8825881,2024,SPY,1,1
2024-01-25,-17.6403,28.15107,-19.89662,30.41825,0.8746894,2024,SPY,0,0
2024-01-26,8.614501,-11.47612,-1.640857,-1.230845,0.8600583,2024,SPY,0,1
2024-01-29,24.70883,48.78448,66.64206,6.925631,0.8387379,2024,SPY,1,1
2024-01-30,17.53241,-9.971916,17.43048,-9.870262,0.7963852,2024,SPY,0,0
2024-01-31,-43.58948,-74.81707,-80.63031,-37.75453,0.7691015,2024,SPY,1,1
2024-02-01,81.09781,13.71461,84.3995,10.43606,0.8409734,2024,SPY,1,1
2024-02-02,123.5652,-26.63062,128.1606,-31.15579,0.8393536,2024,SPY,0,0
2024-02-05,6.684898,-28.94854,0.4051453,-22.68722,0.8828551,2024,SPY,0,0
2024-02-06,-7.092199,16.83058,-6.68693,16.42436,0.8903604,2024,SPY,0,0
2024-02-07,42.01596,-4.515126,38.48944,-1.003714,0.8452851,2024,SPY,0,0
2024-02-08,3.212206,1.204191,6.324031,-1.906042,0.8389738,2024,SPY,1,0
2024-02-09,48.81227,-1.695642,45.10374,1.99561,0.7691261,2024,SPY,0,1
2024-02-12,-12.17079,7.790807,-5.586592,1.197796,0.7732157,2024,SPY,0,0
2024-02-13,-64.29828,54.74267,-65.51145,55.97053,0.7986736,2024,SPY,0,0
2024-02-14,4.429233,33.20454,26.17274,11.44578,0.8866375,2024,SPY,1,1
2024-02-15,50.56877,3.287868,46.06265,7.77481,0.9115969,2024,SPY,1,1
2024-02-16,-21.72873,-20.77715,-21.33004,-21.17586,0.9224743,2024,SPY,1,1
2024-02-20,-19.8919,1.207973,-19.49004,0.8052827,0.9279299,2024,SPY,0,0
2024-02-21,-18.16347,52.76992,-21.59435,56.22636,0.9829177,2024,SPY,0,0
2024-02-22,64.69024,5.914826,75.20737,-4.529967,0.9069249,2024,SPY,1,0
2024-02-23,-17.28099,-9.835743,-25.72511,-1.37817,0.9667257,2024,SPY,1,1
2024-02-26,-30.88545,-15.19457,-28.52478,-17.5584,0.9147601,2024,SPY,1,1
2024-02-27,-0.7894217,5.329017,0.9867772,3.552047,0.9003637,2024,SPY,0,1
2024-02-28,9.69625,8.303021,15.23696,2.766142,0.9047478,2024,SPY,1,1
2024-02-29,-4.724502,6.499261,3.346523,-1.574307,0.8637684,2024,SPY,0,0
2024-03-01,81.44218,-4.774944,77.41428,-0.7798943,0.9035409,2024,SPY,0,0
2024-03-04,34.17568,-29.3883,28.70757,-23.95186,0.9241384,2024,SPY,0,0
2024-03-05,-89.75113,28.86973,-103.6645,42.96945,0.9124885,2024,SPY,0,0
2024-03-06,-25.65911,10.2115,-27.32401,11.88267,0.871836,2024,SPY,0,0
2024-03-07,36.35194,-1.845001,30.40699,4.080839,0.8659865,2024,SPY,0,1
2024-03-08,-32.20175,-41.25798,-69.25315,-4.102123,0.8966329,2024,SPY,1,1
2024-03-11,22.33236,-6.450226,7.835916,8.025525,0.9470964,2024,SPY,0,1
2024-03-12,65.25,0.3870269,72.06716,-6.381621,0.918578,2024,SPY,1,0
2024-03-13,-11.41001,-10.26137,-38.09782,16.50101,0.9494064,2024,SPY,1,0
2024-03-14,-59.38564,20.62698,-83.7589,45.25681,0.8324076,2024,SPY,0,0
2024-03-15,-0.5879817,-7.056195,-1.371957,-6.272665,0.8751827,2024,SPY,1,1
2024-03-18,-4.863435,-18.10078,-3.69621,-19.26632,0.9202313,2024,SPY,1,1
2024-03-19,53.89151,15.73121,46.66693,22.93355,0.9688339,2024,SPY,1,1
2024-03-20,60.29469,30.25573,88.79411,1.921673,1.00205,2024,SPY,1,1
2024-03-21,-19.29949,-2.297442,-10.50962,-11.09453,1.003191,2024,SPY,1,1
2024-03-22,1.244925,-18.67154,-8.235655,-9.200866,0.9840376,2024,SPY,0,1
2024-03-25,19.2378,-19.96889,9.330332,-10.09043,0.9805781,2024,SPY,0,0
2024-03-26,-7.09873,-39.16675,-19.37761,-26.91221,0.8985786,2024,SPY,1,1
2024-03-27,-26.83689,55.74029,-14.76029,43.57842,0.8746635,2024,SPY,0,0
2024-03-28,17.77455,-20.60479,23.6994,-26.50345,0.8481819,2024,SPY,0,0
2024-04-01,-37.22724,5.748668,-37.03633,5.556939,0.7754993,2024,SPY,0,0
2024-04-02,-8.683236,20.27849,3.666255,7.908493,0.7842478,2024,SPY,0,1
2024-04-03,42.78044,-10.86591,15.06489,16.77788,0.7731795,2024,SPY,0,1
2024-04-04,-145.0812,-54.95198,-187.3926,-12.06954,0.7714559,2024,SPY,1,1
2024-04-05,65.6974,11.00684,71.33416,5.403841,0.8655758,2024,SPY,1,1
2024-04-08,1.733636,-9.822237,2.311515,-10.39941,0.8684005,2024,SPY,0,0
2024-04-09,-76.27575,54.40359,-37.65755,15.42853,0.8199162,2024,SPY,0,0
2024-04-10,-17.3317,29.26144,14.60536,-2.722358,0.8523968,2024,SPY,0,0
2024-04-11,58.54519,-13.28349,62.92784,-17.63295,0.8722356,2024,SPY,0,0
2024-04-12,-94.6642,24.92249,-96.12207,26.39817,0.9266484,2024,SPY,0,0
2024-04-15,-192.0276,-13.65958,-209.2111,3.867091,1.026709,2024,SPY,1,0
2024-04-16,16.83335,-44.8794,13.46668,-41.53235,1.190358,2024,SPY,0,0
2024-04-17,-88.7194,-20.93301,-106.1076,-3.395111,1.203202,2024,SPY,1,1
2024-04-18,-59.76215,10.62146,-44.02478,-5.202289,1.25159,2024,SPY,0,1
2024-04-19,-89.11228,4.849269,-85.60787,1.312879,1.311367,2024,SPY,0,0
2024-04-22,69.29381,-32.11458,54.43079,-17.37949,1.361057,2024,SPY,0,0
2024-04-23,78.31806,-1.581872,70.9446,5.738483,1.37263,2024,SPY,0,1
2024-04-24,-41.65433,19.22924,-13.81897,-8.698231,1.402837,2024,SPY,0,1
2024-04-25,65.70513,20.1003,99.15865,-13.09134,1.32512,2024,SPY,1,0
2024-04-26,58.64581,-22.37927,63.18741,-26.88225,1.314101,2024,SPY,0,0
2024-04-29,-9.802576,9.615951,-29.40773,29.29784,1.362278,2024,SPY,0,0
2024-04-30,-75.20349,-55.76521,-75.89163,-55.07568,1.325435,2024,SPY,1,1
2024-05-01,117.8864,-135.8331,101.9289,-120.2512,1.356962,2024,SPY,0,0
2024-05-02,26.38365,-7.914053,24.00317,-5.541153,1.362541,2024,SPY,0,0
2024-05-03,7.92362,-4.789506,10.17354,-7.03606,1.307467,2024,SPY,0,0
2024-05-06,31.53039,22.50635,25.88606,28.14878,1.24217,2024,SPY,1,1
2024-05-07,-9.854692,2.514458,-6.763024,-0.5800801,1.247571,2024,SPY,0,1
2024-05-08,33.0099,3.655699,39.0064,-2.319692,1.183776,2024,SPY,1,0
2024-05-09,49.4839,5.193306,45.03808,9.621491,1.137964,2024,SPY,1,1
2024-05-10,-16.29008,-1.919607,-14.56525,-3.646623,1.085891,2024,SPY,1,1
2024-05-13,-31.19378,0.0,-33.49026,2.304192,1.026921,2024,SPY,0,0
2024-05-14,43.37729,0.5733178,46.92808,-2.961095,0.9831865,2024,SPY,1,0
2024-05-15,60.19056,14.83946,61.4267,13.60904,0.9611336,2024,SPY,1,1
2024-05-16,4.340769,-26.41061,0.5661873,-22.64621,0.9384554,2024,SPY,0,0
2024-05-17,1.134752,12.10265,8.888889,4.346019,0.8942249,2024,SPY,1,1
2024-05-20,5.475727,3.019438,12.462,-3.960247,0.87497,2024,SPY,1,0
2024-05-21,20.40315,17.91067,28.14879,10.17294,0.7986511,2024,SPY,1,1
2024-05-22,-39.94799,23.8379,-36.17931,20.04652,0.7174622,2024,SPY,0,0
2024-05-23,-149.1837,19.23993,-144.5862,14.56602,0.6804413,2024,SPY,0,0
2024-05-24,23.87177,6.804264,20.84044,9.831354,0.6982223,2024,SPY,1,1
2024-05-28,-36.40067,28.96191,-35.08044,27.6332,0.6814685,2024,SPY,0,0
2024-05-29,8.083844,-1.235354,21.30331,-14.42508,0.7047889,2024,SPY,0,0
2024-05-30,-8.007932,-27.66859,-20.97315,-14.71206,0.7318133,2024,SPY,1,1
2024-05-31,-42.01279,113.5296,-26.73541,98.03734,0.7501603,2024,SPY,0,0
2024-06-03,-61.43551,38.80097,-52.17293,29.45368,0.8251937,2024,SPY,0,0
2024-06-04,36.27937,0.1892577,22.41343,14.02445,0.8803242,2024,SPY,1,1
2024-06-05,58.2184,15.36012,55.39227,18.175,0.8855899,2024,SPY,1,1
2024-06-06,-10.46788,4.678056,-9.159392,3.367759,0.8719448,2024,SPY,0,0
2024-06-07,26.23197,-20.37002,19.29923,-13.46474,0.8708076,2024,SPY,0,0
2024-06-10,33.19331,12.14931,43.69515,1.680453,0.9004924,2024,SPY,1,1
2024-06-11,39.50645,13.98732,33.32772,20.15414,0.9127006,2024,SPY,1,1
2024-06-12,16.80238,-21.01382,-10.89385,6.654344,0.9332969,2024,SPY,0,0
2024-06-13,-11.96745,-0.7373408,-11.78333,-0.921659,0.974821,2024,SPY,1,1
2024-06-14,22.83485,13.00558,28.10443,7.743934,0.9181485,2024,SPY,1,1
2024-06-17,104.4069,-12.23141,113.8145,-21.52185,0.8980781,2024,SPY,0,0
2024-06-18,15.80919,8.667646,13.70739,10.76839,0.934322,2024,SPY,1,1
2024-06-20,-42.40373,-2.741479,-42.9497,-2.193303,0.8969519,2024,SPY,1,1
2024-06-21,-1.102273,4.409576,1.102273,2.204302,0.9077345,2024,SPY,0,1
2024-06-24,-3.673634,-27.19488,-3.581793,-27.28651,0.8396878,2024,SPY,1,1
2024-06-25,7.904412,7.347134,20.40441,-5.136578,0.8089548,2024,SPY,1,0
2024-06-26,16.73902,17.62924,18.39453,15.97385,0.7905704,2024,SPY,1,1
2024-06-27,-0.183355,18.15248,6.967491,10.99364,0.7476956,2024,SPY,0,1
2024-06-28,-37.46687,-16.14383,-42.76707,-10.82946,0.7398728,2024,SPY,1,1
2024-07-01,-15.67053,10.73877,-22.91014,18.00279,0.7809739,2024,SPY,0,0
2024-07-02,72.09593,25.01643,78.16523,18.97914,0.7830317,2024,SPY,1,1
2024-07-05,47.84862,4.689924,47.21427,5.321596,0.7256265,2024,SPY,1,1
2024-07-08,-8.641797,5.766181,-14.78107,11.91809,0.7233004,2024,SPY,0,0
2024-07-09,-6.56168,-1.349176,-8.611081,0.7017152,0.7108058,2024,SPY,1,0
2024-07-10,52.94994,22.13969,52.59096,22.49759,0.6467457,2024,SPY,1,1
2024-07-11,-76.58741,-12.02549,-87.09591,-1.437401,0.6925308,2024,SPY,1,1
2024-07-12,99.69696,-57.87838,91.98659,-50.28251,0.7171803,2024,SPY,0,0
2024-07-15,4.626581,-12.45042,1.423564,-9.251846,0.7527092,2024,SPY,0,0
2024-07-16,28.95719,5.845571,27.18067,7.618305,0.7626323,2024,SPY,1,1
2024-07-17,-25.76536,-9.148803,-14.67194,-20.24836,0.7792231,2024,SPY,1,1
2024-07-18,-110.1085,4.887851,-127.4752,22.4874,0.8441651,2024,SPY,0,0
2024-07-19,-59.91709,-2.367424,-44.16849,-18.18215,0.9408432,2024,SPY,1,1
2024-07-22,33.6335,-4.14504,27.12379,2.34437,0.9247276,2024,SPY,0,1
2024-07-23,9.19648,-23.24031,11.721,-25.75602,0.9597699,2024,SPY,0,0
2024-07-24,-115.6965,-23.41014,-131.1834,-7.754085,0.9448978,2024,SPY,1,1
2024-07-25,-8.867213,-44.93011,33.80625,-87.26871,1.093755,2024,SPY,1,0
2024-07-26,22.4947,16.0053,44.06748,-5.507214,1.171621,2024,SPY,1,0
2024-07-29,-16.84858,-6.60405,-11.17134,-12.28389,1.251478,2024,SPY,1,1
2024-07-30,-87.51373,10.71257,-82.3874,5.538121,1.28289,2024,SPY,0,0
2024-07-31,73.77049,-40.50267,11.47541,21.46899,1.314858,2024,SPY,0,1
2024-08-01,-227.3056,55.74074,-200.1593,27.8855,1.37115,2024,SPY,0,0
2024-08-02,-86.82176,37.1047,-60.86859,10.8957,1.524382,2024,SPY,0,0
2024-08-05,76.98771,32.38254,91.05653,18.39552,1.723989,2024,SPY,1,1
2024-08-06,154.9806,-100.8588,138.8087,-85.06921,1.960016,2024,SPY,0,0
2024-08-07,-171.8756,-16.0733,-142.4571,-45.86892,1.981184,2024,SPY,1,1
2024-08-08,116.987,9.997736,101.5287,25.31598,2.059336,2024,SPY,1,1
2024-08-09,49.26294,10.70583,55.1141,4.880521,2.124077,2024,SPY,1,1
2024-08-12,-19.28081,1.687985,-29.38919,11.82788,2.102103,2024,SPY,0,0
2024-08-13,88.69675,11.45137,84.78366,15.33601,2.109809,2024,SPY,1,1
2024-08-14,25.60513,-9.186955,4.23682,12.15268,2.027029,2024,SPY,0,1
2024-08-15,62.2384,2.71287,64.96815,0.0,1.934811,2024,SPY,1,0
2024-08-16,59.8596,-5.048775,50.97136,3.78993,1.939412,2024,SPY,0,1
2024-08-19,62.37493,25.79859,62.91576,25.25976,1.920115,2024,SPY,1,1
2024-08-20,-1.609528,-6.796881,-8.941824,0.5369896,1.865712,2024,SPY,1,0
2024-08-21,17.95476,-2.229177,6.610212,9.105354,1.761787,2024,SPY,0,1
2024-08-22,-116.2584,3.956835,-120.8803,8.637132,1.609409,2024,SPY,0,0
2024-08-23,21.80323,24.25237,46.82334,-0.7115285,1.538226,2024,SPY,1,0
2024-08-26,-41.01927,-0.8915199,-47.85581,5.977286,1.328497,2024,SPY,1,0
2024-08-27,38.61073,-0.5341975,37.35946,0.7123522,1.242081,2024,SPY,0,1
2024-08-28,-55.06255,3.762834,-46.84771,-4.49377,1.113597,2024,SPY,0,1
2024-08-29,-32.12679,-2.327747,-20.88242,-13.59303,1.038639,2024,SPY,1,1
2024-08-30,-0.7133431,53.14785,19.26026,33.10669,1.044092,2024,SPY,0,1
2024-09-03,-138.646,-10.31394,-140.7873,-8.144354,1.073876,2024,SPY,1,1
2024-09-04,-2.907928,16.18005,9.087274,4.176351,1.16051,2024,SPY,0,1
2024-09-05,-12.43533,-10.08788,-27.23064,4.732866,1.161517,2024,SPY,1,0
2024-09-06,-171.492,-1.665279,-155.4885,-17.91883,1.125505,2024,SPY,1,1
2024-09-09,7.527079,23.8484,16.15568,15.21317,1.246033,2024,SPY,1,1
2024-09-10,-1.823786,10.57989,7.842279,0.9111783,1.258673,2024,SPY,0,1
2024-09-11,54.49045,49.12001,83.83146,19.88,1.286566,2024,SPY,1,1
2024-09-12,67.21326,7.338727,68.65483,5.905935,1.417309,2024,SPY,1,1
2024-09-13,31.26731,10.15247,37.69944,3.737985,1.385908,2024,SPY,1,1
2024-09-16,17.08976,2.488004,9.078933,10.49355,1.343339,2024,SPY,1,1
2024-09-17,-53.97657,18.86087,-50.43712,15.29678,1.314589,2024,SPY,0,0
2024-09-18,1.773962,-42.7449,21.81973,-62.66152,1.343523,2024,SPY,0,0
2024-09-19,15.84828,-16.87225,2.626786,-3.676535,1.341162,2024,SPY,0,0
2024-09-20,-7.219581,13.39231,5.810882,0.3519702,1.411969,2024,SPY,0,1
2024-09-23,1.756265,3.160723,1.756265,3.160723,1.392844,2024,SPY,1,1
2024-09-24,-1.577425,14.72496,1.577425,11.56596,1.240783,2024,SPY,0,1
2024-09-25,-20.30848,0.1754294,-23.10965,2.983137,1.224136,2024,SPY,0,0
2024-09-26,-39.16517,1.048511,-41.07991,2.971353,1.171101,2024,SPY,0,0
2024-09-27,-21.62464,-12.40868,-25.28688,-8.741717,1.081792,2024,SPY,1,1
2024-09-30,1.595232,56.42013,8.063809,49.9203,1.042723,2024,SPY,1,1
2024-10-01,-53.3603,-31.20617,-55.80163,-28.75881,1.044474,2024,SPY,1,1
2024-10-02,20.78453,-0.8788736,26.06873,-6.148873,0.9590198,2024,SPY,0,0
2024-10-03,-11.98301,18.17252,-16.38853,22.59329,0.934033,2024,SPY,0,0
2024-10-04,-15.54884,25.89676,-6.114712,16.43242,0.9308713,2024,SPY,0,0
2024-10-07,-79.81796,18.70346,-59.86347,-1.408748,0.9617789,2024,SPY,0,1
2024-10-08,39.44047,7.682503,41.89454,5.23679,0.9702356,2024,SPY,1,1
2024-10-09,52.86205,15.96612,61.4107,7.456087,0.9424698,2024,SPY,1,1
2024-10-10,-9.550767,14.07912,-8.248389,12.77383,0.859693,2024,SPY,0,0
2024-10-11,63.71196,-2.070036,69.96163,-8.275006,0.8252298,2024,SPY,0,0
2024-10-14,52.13083,1.02694,56.9482,-3.763643,0.8446251,2024,SPY,1,0
2024-10-15,-77.99271,-5.688576,-91.67565,8.1131,0.8633564,2024,SPY,1,0
2024-10-16,44.32563,-1.201985,44.15316,-1.030291,0.9121865,2024,SPY,0,0
2024-10-17,-45.22416,-16.62895,-57.85279,-3.947956,0.8913669,2024,SPY,1,1
2024-10-18,14.89701,-4.958282,7.876577,2.053142,0.89656,2024,SPY,0,1
2024-10-21,-27.14459,22.41017,-16.61215,11.83655,0.8567123,2024,SPY,0,0
2024-10-22,32.17813,5.317233,43.36305,-5.825309,0.8169165,2024,SPY,1,0
2024-10-23,-71.73083,14.20725,-68.80655,11.25853,0.8103691,2024,SPY,0,0
2024-10-24,-20.77479,7.169697,-10.34429,-3.279085,0.8687235,2024,SPY,0,1
2024-10-25,-23.38457,-20.33711,-34.90491,-8.799931,0.8411077,2024,SPY,1,1
2024-10-28,-24.20559,-4.64636,-18.02544,-10.8348,0.8397649,2024,SPY,1,1
2024-10-29,43.28258,-11.16033,50.52508,-18.35838,0.8148309,2024,SPY,0,0
2024-10-30,-3.783905,-20.30317,-14.27564,-9.817768,0.8043132,2024,SPY,1,1
2024-10-31,-86.16646,-35.57222,-77.3066,-44.46934,0.82455,2024,SPY,1,1
2024-11-01,14.87783,-19.74938,7.701463,-12.5927,0.9201748,2024,SPY,0,0
2024-11-04,-10.68095,-12.09465,-15.23349,-7.540685,0.9357717,2024,SPY,1,1
2024-11-05,73.57965,29.39079,85.84292,17.19616,0.9143022,2024,SPY,1,1
2024-11-06,20.87187,8.466827,30.62904,-1.268789,0.9223256,2024,SPY,1,0
2024-11-07,49.40228,-6.878964,51.7628,-9.225711,1.052177,2024,SPY,0,0
2024-11-08,45.45455,-12.02184,34.38443,-1.002925,1.077599,2024,SPY,0,0
2024-11-11,-26.58865,7.93936,-26.75535,8.10664,1.068964,2024,SPY,0,0
2024-11-12,-11.69161,-18.72847,-22.21406,-8.202347,1.059701,2024,SPY,1,1
2024-11-13,-2.343645,-0.5023275,3.515468,-6.359088,1.014284,2024,SPY,1,0
2024-11-14,-33.90199,-32.50544,-53.07127,-13.29653,1.023816,2024,SPY,1,1
2024-11-15,-82.15067,14.10437,-75.45314,7.346409,1.022614,2024,SPY,0,0
2024-11-18,31.8982,0.6801449,36.33324,-3.739144,1.100415,2024,SPY,1,0
2024-11-19,84.13996,10.85371,88.07333,6.950448,1.098901,2024,SPY,1,1
2024-11-20,-47.4319,50.72168,-31.33893,34.49624,1.124632,2024,SPY,0,0
2024-11-21,20.39131,-15.64077,25.44701,-20.67574,1.053451,2024,SPY,0,0
2024-11-22,29.81605,1.679515,18.86665,12.61013,1.061791,2024,SPY,1,1
2024-11-25,-40.3663,7.369073,-39.53228,6.531132,1.031974,2024,SPY,0,0
2024-11-26,20.20641,10.33282,24.88227,5.66374,1.018133,2024,SPY,1,1
2024-11-27,-30.14105,2.171371,-32.63892,4.677972,0.8793121,2024,SPY,0,0
2024-12-02,15.09071,-4.967463,20.56317,-10.42598,0.8571737,2024,SPY,0,0
2024-12-03,10.44084,-1.986656,9.032151,-0.579523,0.8408897,2024,SPY,0,0
2024-12-04,20.63864,12.35768,27.24301,5.763119,0.8010742,2024,SPY,1,1
2024-12-05,-6.501201,-8.646459,-13.74305,-1.400918,0.7950158,2024,SPY,1,1
2024-12-06,-0.6750305,7.755142,4.116039,2.962329,0.7601737,2024,SPY,0,1
2024-12-09,-44.92053,-5.454455,-54.13499,3.805112,0.6765111,2024,SPY,1,0
2024-12-10,-28.74133,-14.24643,-44.10307,1.161382,0.6751144,2024,SPY,1,0
2024-12-11,35.82218,-7.895516,37.96821,-10.03174,0.633845,2024,SPY,0,0
2024-12-12,-25.05605,-13.05526,-29.01226,-9.092713,0.6270488,2024,SPY,1,1
2024-12-13,-34.30192,-1.489326,-34.87912,-0.9101967,0.574192,2024,SPY,1,1
2024-12-16,25.16502,-12.09827,26.56766,-13.4955,0.5899929,2024,SPY,0,0
2024-12-17,-13.40571,14.58378,-18.78455,19.9806,0.5672012,2024,SPY,0,0
2024-12-18,-125.3311,-170.1792,-179.8013,-115.6557,0.5685904,2024,SPY,1,1
2024-12-19,-56.98054,-33.32993,-47.68104,-42.64284,0.7853846,2024,SPY,1,1
2024-12-20,183.9025,-23.28996,171.0122,-10.64585,0.8307532,2024,SPY,0,0
2024-12-23,34.52244,29.17566,40.27618,23.42828,0.9751139,2024,SPY,1,1
2024-12-26,39.03839,-6.813461,39.87254,-7.643735,1.062831,2024,SPY,0,0
2024-12-27,-38.159,-3.528107,-63.76569,22.23383,1.092708,2024,SPY,1,0
2024-12-30,51.19918,-45.52301,28.23609,-22.72881,1.209693,2024,SPY,0,0
2024-12-31,-61.5296,-4.26381,-46.10482,-19.75342,1.288041,2024,SPY,1,1
2025-01-02,-122.5016,42.59997,-83.64722,3.25092,1.321061,2025,SPY,0,0
2025-01-03,77.44417,-2.026787,75.40169,0.0,1.386032,2025,SPY,0,0
2025-01-06,-31.53146,16.99335,-19.45558,4.873376,1.423648,2025,SPY,0,0
2025-01-07,-123.37,-23.55852,-159.8621,13.43903,1.462254,2025,SPY,1,0
2025-01-08,-3.906449,16.14164,5.689828,6.535338,1.573498,2025,SPY,0,1
2025-01-10,-63.3322,-27.48716,-92.86446,2.239989,1.599339,2025,SPY,1,0
2025-01-13,81.80634,16.02178,75.55363,22.23755,1.508281,2025,SPY,1,1
2025-01-14,-64.00383,27.38546,-65.54403,28.94007,1.476819,2025,SPY,0,0
2025-01-15,52.85717,-10.27992,57.93959,-15.32786,1.362996,2025,SPY,0,0
2025-01-16,-20.02996,-21.58807,-30.63406,-10.97435,1.40372,2025,SPY,1,1
2025-01-17,21.94599,-10.86539,19.60062,-8.527145,1.358462,2025,SPY,0,0
2025-01-21,24.30538,14.94644,33.62799,5.641187,1.389533,2025,SPY,1,1
2025-01-22,28.22294,-19.09151,20.13567,-11.03589,1.317483,2025,SPY,0,0
2025-01-23,33.17817,31.58778,37.63494,27.1337,1.248898,2025,SPY,1,1
2025-01-24,-39.03111,9.549054,-44.27899,14.82531,1.218082,2025,SPY,0,0
2025-01-27,36.31595,40.70761,44.0499,32.97623,1.168679,2025,SPY,1,1
2025-01-28,76.76552,-10.24556,75.93293,-9.420086,1.221362,2025,SPY,0,0
2025-01-29,-22.52924,-8.135481,-4.804029,-25.85478,1.219525,2025,SPY,1,1
2025-01-30,27.64855,-10.56664,37.74772,-20.6172,1.151767,2025,SPY,0,0
2025-01-31,-62.22632,-30.81103,-95.47954,2.659309,1.151163,2025,SPY,1,0
2025-02-03,118.1116,-31.51786,99.38245,-13.03149,1.155686,2025,SPY,0,0
2025-02-04,61.38972,4.82136,54.69874,11.47915,1.204734,2025,SPY,1,1
2025-02-05,40.45685,19.0691,51.11215,8.447765,1.179575,2025,SPY,1,1
2025-02-06,-35.64768,42.23463,-19.4742,25.96114,1.098665,2025,SPY,0,0
2025-02-07,-94.09555,-5.822465,-105.9605,6.162558,1.101744,2025,SPY,1,0
2025-02-10,15.39735,-1.322467,14.7351,-0.6612773,1.110809,2025,SPY,0,0
2025-02-11,48.29876,-1.651773,46.47303,0.1652073,1.104683,2025,SPY,0,1
2025-02-12,77.42883,-8.941878,67.75023,0.6629981,1.094564,2025,SPY,0,1
2025-02-13,73.95397,13.63114,85.0388,2.624801,1.115455,2025,SPY,1,1
2025-02-14,3.934555,-8.521517,-5.082134,0.4920695,1.137684,2025,SPY,0,0
2025-02-18,-16.69777,27.05628,-17.67999,28.0429,1.002509,2025,SPY,0,0
2025-02-19,50.48849,-3.098904,33.60435,13.72347,0.9450785,2025,SPY,0,1
2025-02-20,-27.14592,8.690662,-27.30945,8.854782,0.9237672,2025,SPY,0,0
2025-02-21,-167.2293,-1.583241,-158.6261,-10.3237,0.9259238,2025,SPY,1,1
2025-02-24,-36.54606,-42.84904,-48.00824,-31.38093,0.9621226,2025,SPY,1,1
2025-02-25,-32.81983,-16.79995,-21.9357,-27.68967,0.9124127,2025,SPY,1,1
2025-02-26,-54.86393,30.19823,-40.77044,16.00431,0.953887,2025,SPY,0,0
2025-02-27,-126.0011,-72.11946,-175.4298,-22.17106,0.9758266,2025,SPY,1,1
2025-02-28,43.37654,103.212,69.07799,77.4234,1.111066,2025,SPY,1,1
2025-03-03,-168.7608,-38.90453,-249.9539,44.04604,1.142107,2025,SPY,1,0
2025-03-04,56.24375,-103.2803,72.46127,-119.2148,1.331353,2025,SPY,0,0
2025-03-05,112.0302,-0.5145003,130.673,-18.91589,1.45866,2025,SPY,0,0
2025-03-06,-76.1117,28.36681,-43.09521,-4.886647,1.522917,2025,SPY,0,1
2025-03-07,75.93673,12.43035,89.33733,-0.8681008,1.612952,2025,SPY,1,0
2025-03-10,-180.6008,58.85519,-138.6662,16.08062,1.746353,2025,SPY,0,0
2025-03-11,37.28595,-100.1877,1.072463,-64.34086,1.991461,2025,SPY,0,0
2025-03-12,-17.07517,-42.58276,-45.71164,-13.93728,2.087515,2025,SPY,1,1
2025-03-13,-81.82632,-45.31258,-126.231,-0.5440203,2.146182,2025,SPY,1,1
2025-03-14,102.1399,18.33458,102.4996,17.97793,2.136435,2025,SPY,1,1
2025-03-17,115.1372,-35.99796,112.8448,-33.73926,2.185812,2025,SPY,0,0
2025-03-18,-59.84631,-6.768792,-64.98105,-1.603964,2.16542,2025,SPY,1,1
2025-03-19,95.9403,-19.70963,77.81825,-1.762953,2.177667,2025,SPY,0,0
2025-03-20,19.88248,18.78001,24.14301,14.52176,2.132142,2025,SPY,1,1
2025-03-21,54.69853,26.48936,45.76086,35.40988,2.091772,2025,SPY,1,1
2025-03-24,49.75647,8.019246,55.53804,2.265006,1.925285,2025,SPY,1,1
2025-03-25,-23.64148,27.18244,-19.81713,23.34007,1.885831,2025,SPY,0,0
2025-03-26,-135.2597,20.79625,-130.2178,15.67729,1.774047,2025,SPY,0,0
2025-03-27,6.876245,-8.457256,46.01795,-47.38671,1.750269,2025,SPY,0,0
2025-03-28,-164.462,-9.349491,-171.7125,-1.979236,1.681984,2025,SPY,1,1
2025-03-31,118.7532,53.55763,136.939,35.52143,1.621756,2025,SPY,1,1
2025-04-01,3.228815,59.35516,17.22035,45.30478,1.623223,2025,SPY,1,1
2025-04-02,110.5405,60.32416,147.3874,23.79346,1.628674,2025,SPY,1,1
2025-04-03,-60.17576,-93.94784,-110.2611,-43.77991,1.700018,2025,SPY,1,1
2025-04-04,-306.7613,-49.42988,-252.9302,-104.385,1.9791,2025,SPY,1,1
2025-04-07,284.3243,24.64523,232.6104,75.30812,2.473858,2025,SPY,1,1
2025-04-08,-388.8889,-104.0462,-469.2529,-20.60281,2.773946,2025,SPY,1,1
2025-04-09,757.2442,334.3568,952.9889,149.6679,3.3088,2025,SPY,1,1
2025-04-10,-112.0174,-28.89185,-180.6187,40.76945,3.707759,2025,SPY,1,0
2025-04-11,172.8093,33.44859,221.5553,-14.40033,4.205877,2025,SPY,1,0
2025-04-14,-60.11029,-29.77456,-48.80515,-41.10133,4.111935,2025,SPY,1,1
2025-04-15,-16.49339,-20.6044,-23.3502,-13.7457,4.247446,2025,SPY,1,1
2025-04-16,-167.375,53.93619,-207.9964,95.64416,4.274847,2025,SPY,0,0
2025-04-17,19.33649,-39.9228,-3.981043,-16.68911,4.463304,2025,SPY,0,1
2025-04-21,-236.2265,99.84277,-206.1945,68.87228,4.452789,2025,SPY,0,0
2025-04-22,128.9175,8.447148,88.82907,48.21619,4.517881,2025,SPY,1,1
2025-04-23,-74.20567,-17.89776,-105.6644,13.84005,4.429869,2025,SPY,1,0
2025-04-24,173.6344,11.17052,151.0917,33.40246,4.532486,2025,SPY,1,1
2025-04-25,57.07073,15.09612,53.22944,18.92285,4.242284,2025,SPY,1,1
2025-04-28,-47.33921,38.63467,-13.7846,4.90392,3.891946,2025,SPY,0,0
2025-04-29,98.3732,-0.180398,103.2919,-5.048684,3.481513,2025,SPY,0,0
2025-04-30,37.43745,89.33282,40.3594,86.39662,3.112657,2025,SPY,1,1
2025-05-01,23.73432,-57.50401,29.62328,-63.34181,2.524607,2025,SPY,0,0
2025-05-02,43.92101,-6.524077,52.77606,-15.32689,2.128373,2025,SPY,0,0
2025-05-05,59.291,-40.7377,40.71256,-22.30997,2.055184,2025,SPY,0,0
2025-05-06,56.46274,-39.92585,51.98157,-35.48565,2.003467,2025,SPY,0,0
2025-05-07,13.21145,5.170631,-39.2773,57.8936,1.997149,2025,SPY,1,0
2025-05-08,54.13055,-58.06179,65.62887,-69.41882,1.85761,2025,SPY,0,0
2025-05-09,-27.89499,-8.675177,-25.95293,-10.6206,1.878057,2025,SPY,1,1
2025-05-12,0.1719602,24.9338,-0.3439203,25.45098,1.666233,2025,SPY,1,0
2025-05-13,88.96279,-29.56268,86.73443,-27.36001,1.700406,2025,SPY,0,0
2025-05-14,-3.912696,-0.1701838,-14.11973,10.05111,1.543571,2025,SPY,1,0
2025-05-15,70.35639,12.71812,54.30421,28.70391,1.446039,2025,SPY,1,1
2025-05-16,40.08796,10.61374,45.50068,5.219822,1.414315,2025,SPY,1,1
2025-05-19,105.9272,8.075778,92.32496,21.56443,1.381656,2025,SPY,1,1
2025-05-20,-37.76639,33.3401,-30.34799,25.87432,1.37704,2025,SPY,0,0
2025-05-21,-76.12574,-19.86233,-106.2022,10.4766,1.269511,2025,SPY,1,0
2025-05-22,54.83566,-47.02609,65.90578,-57.972,1.301136,2025,SPY,0,0
2025-05-23,85.27118,-27.7242,71.20404,-13.79524,1.257793,2025,SPY,0,0
2025-05-27,72.67888,12.70325,70.8875,14.48428,1.264995,2025,SPY,1,1
2025-05-28,-29.75385,-34.42078,-33.8112,-30.36369,1.321716,2025,SPY,1,1
2025-05-29,-72.83395,21.05942,-71.48517,19.69808,1.294585,2025,SPY,0,0
2025-05-30,-3.735779,12.06088,29.3768,-20.99453,1.279262,2025,SPY,0,0
2025-06-02,69.92769,14.3615,79.11527,5.232951,1.320472,2025,SPY,1,1
2025-06-03,66.51024,-4.024617,65.32858,-2.851105,1.177856,2025,SPY,0,0
2025-06-04,0.0,-17.92295,0.3350084,-18.25734,1.156916,2025,SPY,0,0
2025-06-05,-39.8233,-37.12663,-87.6782,10.97232,1.143964,2025,SPY,1,0
2025-06-06,18.71032,-9.67118,12.52923,-3.503796,1.166949,2025,SPY,0,0
2025-06-09,21.5104,-21.96339,13.84002,-14.32044,1.195399,2025,SPY,0,0
2025-06-10,35.98561,11.28818,39.98401,7.301208,1.138533,2025,SPY,1,1
2025-06-11,-55.61625,9.654116,-60.08541,14.15464,1.121133,2025,SPY,0,0
2025-06-12,56.0,6.463803,54.83333,7.624857,1.066369,2025,SPY,1,1
2025-06-13,-21.63707,-3.600044,-37.2759,12.09166,1.057805,2025,SPY,1,0
2025-06-16,36.14618,2.82153,28.15071,10.7968,1.063861,2025,SPY,1,1
2025-06-17,-33.99037,-10.03126,-31.99094,-12.0351,1.007274,2025,SPY,1,1
2025-06-18,-20.80374,3.934997,-25.73314,8.87906,1.011721,2025,SPY,0,0
2025-06-20,-81.37417,11.45553,-83.54638,13.64854,0.9832812,2025,SPY,0,0
2025-06-23,58.82155,27.23384,70.92199,15.1859,0.9735567,2025,SPY,1,1
2025-06-24,48.81197,-8.727009,52.03852,-11.93406,0.9698571,2025,SPY,0,0
2025-06-25,-24.34611,11.54315,-14.80507,1.976936,0.9933495,2025,SPY,0,0
2025-06-26,41.05427,6.868918,44.01018,3.923941,0.997267,2025,SPY,1,1
2025-06-27,-28.71407,61.02948,-9.05472,41.23223,0.9587282,2025,SPY,0,0
2025-06-30,-8.098084,14.91255,7.612199,-0.8091924,0.9259581,2025,SPY,0,0
2025-07-01,26.60912,-5.178245,33.01803,-11.56275,0.9455741,2025,SPY,0,0
2025-07-02,41.55259,9.599019,40.01361,11.13334,0.9314909,2025,SPY,1,1
2025-07-07,-50.13557,7.981489,-61.76702,19.69457,0.9187701,2025,SPY,0,0
2025-07-08,-13.83994,-3.061899,-14.1618,-2.739682,0.9125279,2025,SPY,1,1
2025-07-09,10.75908,10.5871,13.97074,7.376523,0.8550484,2025,SPY,1,1
2025-07-10,33.00171,-7.185399,31.8803,-6.068349,0.8356277,2025,SPY,0,0
2025-07-11,25.20995,-11.53218,26.89596,-13.21173,0.8272373,2025,SPY,0,0
2025-07-14,27.92041,-2.0802,24.55071,1.280553,0.8003049,2025,SPY,0,1
2025-07-15,-68.20065,-18.29034,-68.0413,-18.45048,0.7345342,2025,SPY,1,1
2025-07-16,9.298448,-1.92203,6.092087,1.281764,0.7171943,2025,SPY,0,1
2025-07-17,56.69261,1.273966,57.01291,0.9554444,0.7592188,2025,SPY,1,1
2025-07-18,-33.52825,5.899141,-30.66802,3.028419,0.7422978,2025,SPY,0,0
2025-07-21,25.92487,-25.38192,11.29243,-10.80308,0.7126498,2025,SPY,0,0
2025-07-22,4.689611,-7.706425,2.384548,-5.403687,0.7082108,2025,SPY,0,0
2025-07-23,27.55214,14.84359,28.97725,13.42049,0.7070131,2025,SPY,1,1
2025-07-24,9.138895,-12.75129,12.99929,-16.60175,0.7203633,2025,SPY,0,0
2025-07-25,32.59227,-1.412452,34.95402,-3.765651,0.6782183,2025,SPY,0,0
2025-07-28,-22.11799,13.52031,-22.74545,14.15005,0.6274608,2025,SPY,0,0
2025-07-29,-47.30873,-1.259168,-51.69497,3.149309,0.6255986,2025,SPY,1,0
2025-07-30,-49.68553,25.59889,-61.63522,37.65346,0.6274146,2025,SPY,0,0
2025-07-31,-84.43437,-32.64212,-105.543,-11.378,0.6493963,2025,SPY,1,1
2025-08-01,-77.44387,4.988655,-71.53578,-0.9649715,0.7179811,2025,SPY,0,1
2025-08-04,67.28787,20.48009,73.36136,14.43849,0.8260859,2025,SPY,1,1
2025-08-05,-53.50048,-6.683747,-44.47821,-15.74027,0.8599988,2025,SPY,1,1
2025-08-06,56.1128,2.529164,62.47119,-3.791349,0.8510592,2025,SPY,1,0
2025-08-07,-89.59165,27.43767,-93.52111,31.41511,0.8555554,2025,SPY,0,0
2025-08-08,50.1514,-1.255375,50.1514,-1.255375,0.9144295,2025,SPY,0,0
2025-08-11,-14.82469,-9.190815,-18.51126,-5.500809,0.9257309,2025,SPY,1,1
2025-08-12,59.53966,10.27989,64.24016,5.604596,0.9342243,2025,SPY,1,1
2025-08-13,-13.80059,13.66438,-9.536362,9.390254,0.9420619,2025,SPY,0,0
2025-08-14,27.84649,5.429724,34.53587,-1.240252,0.9605704,2025,SPY,1,0
2025-08-15,-26.93498,-12.72778,-34.05573,-5.591799,0.9572092,2025,SPY,1,1
2025-08-18,8.711072,-1.865034,6.144417,0.699567,0.9738846,2025,SPY,0,1
2025-08-19,-62.19872,11.10937,-60.64376,9.543179,0.9454762,2025,SPY,0,0
2025-08-20,-41.76051,22.30285,-16.10986,-3.446493,0.945365,2025,SPY,0,1
2025-08-21,-2.043222,-8.960573,-4.872299,-6.132654,0.925007,2025,SPY,1,1
2025-08-22,121.2131,-2.169029,115.4112,3.565449,0.8280056,2025,SPY,0,1
2025-08-25,-0.7763975,-22.98315,-4.813665,-18.95322,0.8360138,2025,SPY,1,1
2025-08-26,27.40878,19.72387,37.8428,9.308676,0.8094155,2025,SPY,1,1
2025-08-27,38.94311,-6.336548,33.04734,-0.4639223,0.7894457,2025,SPY,0,0
2025-08-28,26.57397,-0.7704516,26.41947,-0.6163708,0.7319428,2025,SPY,0,0
2025-08-29,-46.33276,8.689041,-44.94278,7.29157,0.717882,2025,SPY,0,0
2025-09-02,8.627451,34.79351,25.72549,17.68001,0.7458263,2025,SPY,1,1
2025-09-03,-27.77475,44.54777,-25.67414,42.43237,0.7753924,2025,SPY,0,0
2025-09-04,49.81223,23.00696,54.15723,18.67543,0.7780529,2025,SPY,1,1
2025-09-05,-77.98707,14.38938,-65.70564,2.008932,0.7954967,2025,SPY,0,0
2025-09-08,-5.473412,9.17877,-15.72642,19.45736,0.8571891,2025,SPY,0,0
2025-09-09,13.25116,7.232327,16.33282,4.153463,0.8653423,2025,SPY,1,1
2025-09-10,-24.78542,3.374285,-42.22702,20.89575,0.8374916,2025,SPY,0,0
2025-09-11,51.82377,1.520843,55.33984,-1.976405,0.8079856,2025,SPY,1,0
2025-09-12,18.09556,-21.25044,8.363493,-11.54717,0.8235868,2025,SPY,0,0
2025-09-15,6.216077,13.93961,7.42897,12.72592,0.7265987,2025,SPY,1,1
2025-09-16,-12.39757,-9.082652,-19.50349,-1.969309,0.7319209,2025,SPY,1,1
2025-09-17,-34.99629,21.58842,1.514991,-14.99614,0.7184844,2025,SPY,0,0
2025-09-18,20.09337,-14.77595,12.08624,-6.7903,0.7646163,2025,SPY,0,0
2025-09-19,10.87006,9.199355,21.58914,-1.506478,0.780908,2025,SPY,1,0
2025-09-22,68.85929,0.899847,74.29555,-4.496807,0.7638269,2025,SPY,1,0
2025-09-23,-69.14447,16.61355,-65.24478,12.68173,0.7049972,2025,SPY,0,0
2025-09-24,-51.39125,0.0756321,-55.83061,4.539952,0.7226055,2025,SPY,0,0
2025-09-25,-1.367823,2.432018,-8.054956,9.126169,0.7221778,2025,SPY,0,0
2025-09-26,36.99885,-1.510757,32.14654,3.325272,0.697086,2025,SPY,0,1
2025-09-29,-15.05253,5.125577,-25.58931,15.6948,0.7120923,2025,SPY,0,0
2025-09-30,22.3248,26.48927,36.6549,12.17368,0.7107409,2025,SPY,1,1
