date,r_o_t60,r_t60_c,r_o_t30,r_t30_c,atr_pct,year,instrument,agree60,agree30
2021-01-25,-6.508722,26.05184,-8.461338,28.0112,1.027913,2021,ES,0,0
2021-01-26,-22.67868,-18.18418,-19.43886,-21.4244,1.05803,2021,ES,1,1
2021-01-27,-74.88177,-75.44672,-162.9007,13.3547,0.9660498,2021,ES,1,0
2021-01-28,141.3498,-106.6614,114.8052,-80.69807,1.081691,2021,ES,0,0
2021-01-29,-156.9149,10.80789,-130.984,-15.49552,1.141242,2021,ES,0,1
2021-02-01,72.17804,-7.962312,83.5394,-19.22057,1.258342,2021,ES,0,0
2021-02-02,80.93703,-30.02611,92.78147,-41.72643,1.308059,2021,ES,0,0
2021-02-03,23.51558,-37.14565,15.67705,-29.34846,1.373608,2021,ES,0,0
2021-02-04,60.01696,25.93866,63.27875,22.68897,1.376476,2021,ES,1,1
2021-02-05,-15.44203,1.933239,-18.0157,4.512054,1.34842,2021,ES,0,0
2021-02-08,-12.19199,45.61516,1.283368,32.08007,1.370912,2021,ES,0,1
2021-02-09,18.59094,-2.559509,28.848,-12.78445,1.370509,2021,ES,0,0
2021-02-10,-61.79131,10.89674,-33.12524,-17.89595,1.279963,2021,ES,0,1
2021-02-11,-44.68846,32.70489,-37.66599,25.63281,1.338374,2021,ES,0,0
2021-02-12,25.62953,48.57161,32.67764,41.51233,1.36523,2021,ES,1,1
2021-02-16,-36.13999,-3.818008,-28.53157,-11.44529,1.29162,2021,ES,1,1
2021-02-17,21.75304,30.64351,36.46833,15.93676,1.143406,2021,ES,1,1
2021-02-18,17.31324,14.0827,37.83264,-6.388144,1.070856,2021,ES,1,0
2021-02-19,-31.85728,-19.81464,-42.68875,-8.95828,0.9789287,2021,ES,1,1
2021-02-22,61.31801,-57.73672,49.05441,-45.60344,0.9114715,2021,ES,0,0
2021-02-23,12.98954,61.62029,53.90661,20.67183,0.8475677,2021,ES,1,1
2021-02-24,148.0859,-7.009495,125.4527,15.32763,0.9459759,2021,ES,0,1
2021-02-25,-162.5184,-44.87805,-161.8786,-45.52549,0.9844337,2021,ES,1,1
2021-02-26,-57.84479,-49.02922,-37.69661,-69.15449,1.164324,2021,ES,1,1
2021-03-01,101.7169,-0.6413545,127.632,-26.22825,1.243001,2021,ES,0,0
2021-03-02,-14.74075,-68.67779,-20.50888,-62.93751,1.393047,2021,ES,1,1
2021-03-03,-42.09845,-69.5935,-44.68912,-67.0093,1.389711,2021,ES,1,1
2021-03-04,-243.8225,129.6607,-105.5253,-11.92369,1.441961,2021,ES,0,1
2021-03-05,23.64377,58.96999,69.61776,13.04461,1.613781,2021,ES,1,1
2021-03-08,-8.4443,-66.96138,2.598246,-77.92714,1.782118,2021,ES,1,0
2021-03-09,101.0166,-68.59414,82.88545,-50.73534,1.833471,2021,ES,0,0
2021-03-10,4.48833,-8.972633,28.21236,-32.6087,1.903418,2021,ES,0,0
2021-03-11,59.88787,-27.86574,47.14577,-15.21877,1.883555,2021,ES,0,0
2021-03-12,16.57001,34.99396,33.14002,18.42089,1.943789,2021,ES,1,1
2021-03-15,7.603599,46.22008,22.17716,31.61156,1.92715,2021,ES,1,1
2021-03-16,-19.50913,-7.566681,-28.3197,1.262228,1.84123,2021,ES,1,0
2021-03-17,-15.2381,82.66565,78.73016,-11.3393,1.775899,2021,ES,0,0
2021-03-18,39.37758,-115.7715,-28.5805,-48.40764,1.662664,2021,ES,0,1
2021-03-19,32.0328,-42.7869,41.00199,-51.68124,1.659194,2021,ES,0,0
2021-03-22,84.52869,-19.05004,96.6957,-31.07757,1.545517,2021,ES,0,0
2021-03-23,-0.637308,-59.91077,-35.05194,-25.58199,1.553785,2021,ES,1,1
2021-03-24,7.664304,-97.64503,-35.76675,-54.48369,1.544645,2021,ES,0,1
2021-03-25,35.58489,59.31275,74.40476,20.55102,1.437301,2021,ES,1,1
2021-03-26,26.19139,100.0319,32.57953,93.60076,1.318853,2021,ES,1,1
2021-03-29,31.03033,4.419192,26.59743,8.842291,1.316297,2021,ES,1,1
2021-03-30,-10.13235,20.91918,17.73162,-6.953663,1.240685,2021,ES,0,0
2021-03-31,60.02022,-30.14507,49.91155,-20.11693,1.210459,2021,ES,0,0
2021-04-01,31.97091,21.8709,38.8666,14.98689,1.148496,2021,ES,1,1
2021-04-05,78.62317,-7.371007,66.24157,4.920049,1.155127,2021,ES,0,1
2021-04-06,21.54376,-14.1269,20.31269,-12.90006,1.179065,2021,ES,0,0
2021-04-07,11.07488,4.302133,11.69015,3.687316,1.161104,2021,ES,1,1
2021-04-08,4.286327,11.62933,13.47131,2.446034,1.097387,2021,ES,1,1
2021-04-09,36.08342,40.82876,33.63709,43.27685,1.020907,2021,ES,1,1
2021-04-12,-2.431463,22.4965,0.0,20.05957,0.9977683,2021,ES,0,0
2021-04-13,15.17082,15.75376,35.80314,-4.837344,0.9462259,2021,ES,1,0
2021-04-14,-16.33493,-13.33172,-35.08984,5.464149,0.9023102,2021,ES,1,0
2021-04-15,41.04545,10.82056,39.83823,12.02429,0.8631617,2021,ES,1,1
2021-04-16,-18.55288,18.58736,4.189359,-4.187605,0.8220548,2021,ES,0,0
2021-04-19,-38.39923,15.65982,-28.79942,6.017209,0.7461279,2021,ES,0,0
2021-04-20,-47.66789,7.275373,-73.61371,33.43262,0.743464,2021,ES,0,0
2021-04-21,82.5393,27.68916,83.75311,26.48209,0.7803085,2021,ES,1,1
2021-04-22,-99.08125,12.73654,-70.25761,-16.32801,0.8025152,2021,ES,0,1
2021-04-23,100.4174,-8.38474,108.8863,-16.75543,0.8330669,2021,ES,0,0
2021-04-26,6.581703,-1.793829,14.95842,-10.15653,0.8158747,2021,ES,0,0
2021-04-27,-11.95314,2.39349,-7.769543,-1.794366,0.8106793,2021,ES,0,1
2021-04-28,-11.956,2.394063,11.3582,-20.89927,0.8164241,2021,ES,0,0
2021-04-29,-41.00065,32.81623,-7.724761,-0.5946717,0.8123732,2021,ES,0,1
2021-04-30,-23.32536,16.78556,-13.75598,7.18692,0.8317669,2021,ES,0,0
2021-05-03,-20.24653,-8.35372,-7.145835,-21.45283,0.8600522,2021,ES,1,1
2021-05-04,-62.42872,53.15615,-49.22264,39.8142,0.8686853,2021,ES,0,0
2021-05-05,-11.96816,-28.15889,-16.75543,-23.37709,0.9253956,2021,ES,1,1
2021-05-06,8.408913,69.01518,7.20764,70.22388,0.8953777,2021,ES,1,1
2021-05-07,42.23174,8.884677,52.34356,-1.183432,0.9436287,2021,ES,1,0
2021-05-10,-24.8315,-81.19962,-73.90328,-32.16392,0.9417389,2021,ES,1,1
2021-05-11,27.81641,1.206054,24.79289,4.222464,0.9675274,2021,ES,1,1
2021-05-12,-97.18763,-44.16365,-93.5431,-47.82635,1.024809,2021,ES,1,1
2021-05-13,42.95796,34.83043,98.18963,-20.05469,1.103318,2021,ES,1,0
2021-05-14,78.59734,3.59928,97.33978,-14.96916,1.103386,2021,ES,1,0
2021-05-17,-32.4773,36.80685,-4.811451,9.025814,1.196419,2021,ES,0,0
2021-05-18,-20.42778,-71.04154,-43.85965,-47.67365,1.21923,2021,ES,1,1
2021-05-19,60.78467,36.61662,30.69933,66.71972,1.284548,2021,ES,1,1
2021-05-20,80.68919,3.610977,91.60954,-7.21414,1.311741,2021,ES,1,0
2021-05-21,-27.56802,-18.02885,-26.96872,-18.62869,1.332169,2021,ES,1,1
2021-05-24,58.66507,-14.8783,65.84855,-22.00416,1.352461,2021,ES,0,0
2021-05-25,-37.44428,-11.33516,-46.35958,-2.388487,1.322437,2021,ES,1,1
2021-05-26,-4.175116,9.547109,0.0,5.368007,1.333481,2021,ES,0,0
2021-05-27,-10.70282,-11.90476,-13.08122,-9.526078,1.266925,2021,ES,1,1
2021-05-28,-6.52819,-14.84649,-4.747774,-16.6251,1.228063,2021,ES,1,1
2021-06-01,-70.94295,1.190831,-53.7984,-16.0485,1.062455,2021,ES,0,1
2021-06-02,-14.26364,13.68885,-12.48068,11.90122,0.972135,2021,ES,0,0
2021-06-03,40.06219,-16.6756,22.12389,1.193246,0.8934978,2021,ES,0,1
2021-06-04,33.25218,9.469137,41.56523,1.182662,0.8334252,2021,ES,1,1
2021-06-07,-31.92621,24.31791,-18.32801,10.66161,0.8446089,2021,ES,0,0
2021-06-08,-21.2565,1.183432,-8.856873,-11.22865,0.7979621,2021,ES,0,1
2021-06-09,-12.39816,-23.64485,-17.71165,-18.33452,0.7333468,2021,ES,1,1
2021-06-10,25.98937,-11.78273,18.90136,-4.716425,0.6666104,2021,ES,0,0
2021-06-11,-16.49096,18.28801,-10.01237,11.79106,0.6524867,2021,ES,0,0
2021-06-14,-25.31497,48.39757,-20.6052,43.65524,0.5887201,2021,ES,0,0
2021-06-15,-18.79258,-2.941869,-17.03077,-4.706159,0.5746837,2021,ES,1,1
2021-06-16,-36.56307,-23.67564,-71.94669,11.88001,0.577026,2021,ES,1,0
2021-06-17,13.06801,-4.152578,4.158004,4.75003,0.6406709,2021,ES,0,1
2021-06-18,-10.17781,-40.15342,-29.33605,-21.01597,0.6744663,2021,ES,1,1
2021-06-21,94.64478,2.373606,92.84773,4.154549,0.7557504,2021,ES,1,1
2021-06-22,36.78434,15.96028,49.83684,2.951768,0.7872464,2021,ES,1,1
2021-06-23,9.440642,-21.81089,4.720321,-17.10309,0.81714,2021,ES,0,0
2021-06-24,5.876476,-1.761908,11.75295,-7.630451,0.7715901,2021,ES,0,0
2021-06-25,8.207774,7.029465,15.82928,-0.585343,0.7494199,2021,ES,1,0
2021-06-28,-16.36566,23.41783,-5.844877,12.86625,0.7551358,2021,ES,0,0
2021-06-29,-0.5835327,-3.501401,-8.169458,4.088069,0.7348407,2021,ES,1,0
2021-06-30,15.78025,4.668262,16.94915,3.500788,0.7293899,2021,ES,1,1
2021-07-01,25.03493,13.35734,36.09688,2.320455,0.7030004,2021,ES,1,1
2021-07-02,39.33137,8.642046,37.59616,10.37225,0.7145789,2021,ES,1,1
2021-07-06,-47.19696,26.6019,-38.56337,17.91183,0.71001,2021,ES,0,0
2021-07-07,4.605907,12.66041,17.84789,-0.5747126,0.692531,2021,ES,1,0
2021-07-08,51.8346,1.738224,35.52708,17.99083,0.6934853,2021,ES,1,1
2021-07-09,55.41445,12.05511,69.8453,-2.292921,0.7017515,2021,ES,1,0
2021-07-12,26.95418,12.01098,33.8361,5.144033,0.6759026,2021,ES,1,1
2021-07-13,5.151689,-18.8798,1.14482,-14.88095,0.6496852,2021,ES,0,0
2021-07-14,-21.12234,-5.148741,-17.69709,-8.578291,0.6634372,2021,ES,1,1
2021-07-15,-46.51697,46.1574,-13.78281,13.22675,0.6690404,2021,ES,0,0
2021-07-16,-64.71565,-41.50334,-87.05114,-19.06523,0.6909275,2021,ES,1,1
2021-07-19,-96.09187,69.21848,-89.64669,62.66998,0.7633779,2021,ES,0,0
2021-07-20,127.8967,-2.317094,137.8703,-12.15278,0.9001383,2021,ES,0,0
2021-07-21,36.96858,16.68969,42.74492,10.92833,0.984866,2021,ES,1,1
2021-07-22,10.91452,6.885867,21.2546,-3.439381,0.9987198,2021,ES,1,0
2021-07-23,52.51441,2.271308,51.3728,3.407349,0.9667055,2021,ES,1,1
2021-07-26,22.73761,14.74592,28.99045,8.501955,1.032937,2021,ES,1,1
2021-07-27,-81.18542,62.3891,-42.01204,22.80502,0.99515,2021,ES,0,0
2021-07-28,-32.94519,13.67755,1.136041,-20.44641,1.022843,2021,ES,0,0
2021-07-29,38.61223,-18.10057,30.66265,-10.18964,0.9588163,2021,ES,0,0
2021-07-30,20.5292,-6.829046,13.11588,0.5695085,0.9323677,2021,ES,0,1
2021-08-02,-40.83485,-22.20957,-36.29764,-26.75319,0.9353934,2021,ES,1,1
2021-08-03,40.44662,20.99291,46.713,14.74257,0.9582675,2021,ES,1,1
2021-08-04,1.703868,-19.30721,-1.703868,-15.90548,0.9906774,2021,ES,0,1
2021-08-05,17.02224,18.1262,11.34816,23.80413,0.971889,2021,ES,1,1
2021-08-06,12.42938,-2.821352,-1.694915,11.30135,0.9309927,2021,ES,0,0
2021-08-09,-5.080727,-1.694437,0.5645252,-7.338414,0.7959806,2021,ES,1,0
2021-08-10,7.901123,-6.767044,5.643659,-4.512381,0.697395,2021,ES,0,0
2021-08-11,-10.13114,8.45118,-9.568301,7.887324,0.6609364,2021,ES,0,0
2021-08-12,16.89284,16.30221,27.59164,5.615454,0.6479612,2021,ES,1,1
2021-08-13,3.363606,3.922887,-3.924207,11.21642,0.6090529,2021,ES,1,0
2021-08-16,24.72327,30.26736,34.83733,20.1579,0.5960074,2021,ES,1,1
2021-08-17,-47.79846,45.20285,-25.8674,23.11552,0.5844265,2021,ES,0,0
2021-08-18,7.89533,-92.41519,-2.255809,-82.3556,0.637266,2021,ES,0,1
2021-08-19,61.2724,22.19693,77.87894,5.682141,0.6920755,2021,ES,1,1
2021-08-20,58.44967,11.84767,59.58461,10.71811,0.719474,2021,ES,1,1
2021-08-23,57.23906,-10.04352,63.97306,-16.728,0.7174924,2021,ES,0,0
2021-08-24,6.692321,-6.130524,12.26925,-11.69721,0.7090673,2021,ES,0,0
2021-08-25,20.6243,-3.893864,20.6243,-3.893864,0.6899984,2021,ES,0,0
2021-08-26,-25.61532,-26.79768,-41.76412,-10.62462,0.6710101,2021,ES,1,1
2021-08-27,72.63381,-4.437542,68.72276,-0.5549082,0.6984021,2021,ES,0,0
2021-08-30,44.31396,-16.54442,42.65219,-14.89244,0.7379066,2021,ES,0,0
2021-08-31,-6.077348,-4.422577,-6.629834,-3.869969,0.7573007,2021,ES,1,1
2021-09-01,9.934871,-26.4667,-5.519373,-11.04484,0.7620677,2021,ES,0,1
2021-09-02,-20.93895,18.77416,-13.77562,11.58749,0.7446708,2021,ES,0,0
2021-09-03,32.0566,-7.16214,30.9512,-6.06094,0.7674633,2021,ES,0,0
2021-09-07,-8.82856,-17.12045,-13.24284,-12.70788,0.6558359,2021,ES,1,1
2021-09-08,-13.2964,14.42361,-3.3241,4.433607,0.6212901,2021,ES,0,0
2021-09-09,-30.48611,-7.227844,-19.40025,-18.32722,0.5867587,2021,ES,1,1
2021-09-10,-54.27559,-68.49315,-70.33673,-52.42903,0.5838977,2021,ES,1,1
2021-09-13,-83.51893,37.61931,-84.07572,38.18294,0.6069042,2021,ES,0,0
2021-09-14,-69.68447,-17.40302,-89.7536,2.812623,0.6641925,2021,ES,1,0
2021-09-15,63.07017,10.63234,60.81766,12.87361,0.7248812,2021,ES,1,1
2021-09-16,-12.87434,8.967605,2.239015,-6.155912,0.7570176,2021,ES,0,0
2021-09-17,-76.86697,-3.392514,-74.06161,-6.217851,0.7577499,2021,ES,1,1
2021-09-20,-66.02744,48.5493,-118.8494,102.2661,0.806275,2021,ES,0,0
2021-09-21,-53.18845,-12.07452,-35.45896,-29.84561,0.9833496,2021,ES,1,1
2021-09-22,44.65819,-3.989968,36.07008,4.563866,1.038048,2021,ES,0,1
2021-09-23,114.662,-39.28391,99.33587,-24.16817,1.096937,2021,ES,0,0
2021-09-24,30.54126,26.50127,57.12347,0.0,1.173835,2021,ES,1,0
2021-09-27,14.09721,-14.64046,11.27777,-11.82832,1.205415,2021,ES,0,0
2021-09-28,-136.8463,2.878526,-87.44535,-46.97256,1.194077,2021,ES,0,1
2021-09-29,-6.883892,-10.33295,32.69849,-49.74555,1.321579,2021,ES,1,0
2021-09-30,-97.34311,-61.87117,-85.31837,-73.92434,1.309068,2021,ES,1,1
2021-10-01,53.88181,20.16942,87.48552,-13.21004,1.353728,2021,ES,1,0
2021-10-04,-132.0722,33.89831,-111.3098,12.83098,1.414877,2021,ES,0,0
2021-10-05,110.2728,-45.92423,109.112,-44.78126,1.470027,2021,ES,0,0
2021-10-06,76.79777,54.27252,93.67,37.46614,1.50271,2021,ES,1,1
2021-10-07,50.70358,-44.21267,17.6608,-11.37398,1.525177,2021,ES,0,0
2021-10-08,-32.96016,-3.991106,-17.04836,-19.92372,1.55343,2021,ES,1,1
2021-10-11,-15.99634,-41.77157,-7.998172,-49.74271,1.39968,2021,ES,1,1
2021-10-12,-33.82446,-13.23056,-32.10457,-14.9537,1.419317,2021,ES,1,1
2021-10-13,1.149161,8.617718,-5.171225,14.94682,1.372427,2021,ES,1,0
2021-10-14,72.80587,3.952792,77.35624,-0.5644296,1.318388,2021,ES,1,0
2021-10-15,19.09254,6.165228,29.20036,-3.919373,1.366561,2021,ES,1,0
2021-10-18,62.44726,11.74103,68.07314,6.146625,1.396424,2021,ES,1,1
2021-10-19,33.38155,7.208606,23.92344,16.65094,1.29274,2021,ES,1,1
2021-10-20,15.5013,14.37179,24.91281,4.970179,1.290721,2021,ES,1,1
2021-10-21,3.869969,38.13208,16.58558,25.38912,1.196136,2021,ES,1,1
2021-10-22,-12.67637,13.2443,0.5511464,0.0,1.092845,2021,ES,0,0
2021-10-25,24.18779,3.290376,26.38667,1.096551,1.022091,2021,ES,1,1
2021-10-26,-12.01792,-13.67316,-2.185076,-23.4947,0.9649451,2021,ES,1,1
2021-10-27,12.03764,-66.67395,-4.377325,-50.36129,0.8938342,2021,ES,0,1
2021-10-28,40.5724,20.75029,44.41033,16.9214,0.8408199,2021,ES,1,1
2021-10-29,62.44864,10.88791,51.49274,21.79955,0.867864,2021,ES,1,1
2021-11-01,-32.00955,27.75812,-24.41406,20.12291,0.8335658,2021,ES,0,0
2021-11-02,30.38854,5.951093,36.35772,0.0,0.8217309,2021,ES,1,0
2021-11-03,-3.789519,77.98538,56.30143,17.76486,0.7818784,2021,ES,0,1
2021-11-04,21.46844,12.85347,9.660799,24.66488,0.7264767,2021,ES,1,1
2021-11-05,-23.41546,6.934443,-12.2399,-4.262575,0.6960019,2021,ES,0,1
2021-11-08,-13.82464,-2.129812,-5.317169,-10.64,0.687434,2021,ES,1,1
2021-11-09,-67.57835,26.25094,-46.82595,5.346164,0.6647612,2021,ES,0,0
2021-11-10,-29.50327,-11.83623,-60.61581,19.429,0.6958174,2021,ES,1,0
2021-11-11,-18.25307,-11.83241,-20.40049,-9.683146,0.7393262,2021,ES,1,1
2021-11-12,39.73368,5.882982,32.75344,12.84453,0.7087629,2021,ES,1,1
2021-11-15,-34.63711,8.020961,-29.8412,3.206841,0.7117736,2021,ES,0,0
2021-11-16,68.96552,-23.89296,59.34242,-14.34949,0.7079849,2021,ES,0,0
2021-11-17,-5.857607,-12.2549,-10.65019,-7.463084,0.7070968,2021,ES,1,1
2021-11-18,2.128905,7.981695,5.322263,4.787489,0.6660432,2021,ES,1,1
2021-11-19,-1.59549,-13.29787,-4.25464,-10.64113,0.6598491,2021,ES,1,1
2021-11-22,-1.061008,-67.91171,21.75066,-90.51929,0.6563092,2021,ES,1,0
2021-11-23,-20.31325,42.85179,6.94927,15.49145,0.723946,2021,ES,0,1
2021-11-24,51.98285,19.72597,55.19829,16.52188,0.7295973,2021,ES,1,1
2021-11-29,46.28633,-34.28694,34.98385,-23.06248,0.8903583,2021,ES,0,0
2021-11-30,-68.12284,-64.77953,-101.1029,-31.67841,0.9770452,2021,ES,1,1
2021-12-01,-55.7299,-187.7142,-90.89925,-152.8885,1.039622,2021,ES,1,1
2021-12-02,167.9508,-18.53467,156.8649,-7.640253,1.269331,2021,ES,0,0
2021-12-03,-188.7922,64.32651,-208.3787,84.45852,1.318592,2021,ES,0,0
2021-12-06,93.10477,-34.72787,60.79194,-2.721829,1.466205,2021,ES,0,0
2021-12-07,87.67683,-4.798976,81.2221,1.600683,1.501879,2021,ES,0,1
2021-12-08,-1.066041,18.65771,9.061351,8.520609,1.615053,2021,ES,0,1
2021-12-09,6.403757,-44.79761,-14.9421,-23.51558,1.608563,2021,ES,0,1
2021-12-10,1.064736,30.34174,-11.7121,43.17237,1.618779,2021,ES,1,0
2021-12-13,-52.59523,-23.49925,-41.96993,-34.14426,1.59,2021,ES,1,1
2021-12-14,-52.86154,59.64969,-14.02449,20.52612,1.610504,2021,ES,0,0
2021-12-15,-16.74318,171.4997,29.16554,124.9394,1.639408,2021,ES,0,1
2021-12-16,-91.63136,-40.09194,-141.4195,10.20792,1.745835,2021,ES,1,0
2021-12-17,45.40786,-80.18081,17.29823,-52.34472,1.709596,2021,ES,0,0
2021-12-20,-21.41563,35.21902,-16.47356,30.25136,1.701224,2021,ES,0,0
2021-12-21,79.43849,19.4332,93.04097,5.929919,1.677801,2021,ES,1,1
2021-12-22,66.30728,38.55835,75.4717,29.4275,1.567286,2021,ES,1,1
2021-12-23,55.36037,-15.88142,66.0066,-26.44104,1.493871,2021,ES,0,0
2021-12-27,91.44247,20.4274,88.27105,23.57749,1.378755,2021,ES,1,1
2021-12-28,-11.48885,-3.659748,-15.66661,0.5230399,1.353464,2021,ES,1,0
2021-12-29,3.137911,5.751033,11.50567,-2.611921,1.245547,2021,ES,1,0
2021-12-30,7.831262,-41.73405,5.742926,-39.65562,1.235291,2021,ES,0,0
2021-12-31,14.6866,-28.80637,6.294256,-20.44347,1.239659,2021,ES,0,0
2022-01-03,6.809135,21.46035,17.28473,10.98039,1.201378,2022,ES,1,1
2022-01-04,-73.93908,37.7695,-39.05233,2.613696,1.188117,2022,ES,0,0
2022-01-05,-28.76419,-155.7747,-115.5797,-69.31217,1.163269,2022,ES,1,1
2022-01-06,23.46792,-23.94509,30.93498,-31.3713,1.179872,2022,ES,0,0
2022-01-07,-22.40239,-16.57222,-10.13441,-28.83229,1.138026,2022,ES,1,1
2022-01-10,-16.72511,78.36144,6.474238,54.99542,1.116806,2022,ES,0,1
2022-01-11,68.67321,28.24106,77.79387,19.16525,1.122454,2022,ES,1,1
2022-01-12,-25.40758,15.92019,-13.76244,4.240433,1.101373,2022,ES,0,0
2022-01-13,-75.58939,-86.81758,-103.0764,-59.28537,1.085889,2022,ES,1,1
2022-01-14,17.3207,58.3563,23.2747,52.38147,1.187319,2022,ES,1,1
2022-01-18,-56.47263,-12.01398,-28.77932,-39.75385,1.139149,2022,ES,1,1
2022-01-19,-37.05318,-101.1814,-60.48387,-77.84661,1.249766,2022,ES,1,1
2022-01-20,35.2132,-187.5103,-9.353508,-143.7383,1.339359,2022,ES,0,1
2022-01-21,-76.755,-95.98013,-126.0575,-46.52746,1.530298,2022,ES,1,1
2022-01-24,-19.06963,200.9032,-41.60647,223.9889,1.680769,2022,ES,0,0
2022-01-25,73.21995,-38.91941,148.1695,-112.4872,1.929745,2022,ES,0,0
2022-01-26,0.0,-165.4203,-99.70542,-66.37675,1.94636,2022,ES,0,1
2022-01-27,-143.0199,-16.18591,-162.963,4.05468,2.117623,2022,ES,1,0
2022-01-28,81.37119,129.9445,77.33149,134.0053,2.27254,2022,ES,1,1
2022-01-31,139.8008,51.35361,155.6486,35.66851,2.303195,2022,ES,1,1
2022-02-01,-6.095196,55.99911,-6.095196,55.99911,2.295593,2022,ES,0,0
2022-02-02,16.99655,21.34647,32.89654,5.464779,2.309415,2022,ES,1,1
2022-02-03,-22.70588,-71.60302,-60.3644,-33.98707,2.266236,2022,ES,1,1
2022-02-04,96.24531,-43.23006,105.1984,-52.05161,2.390145,2022,ES,0,0
2022-02-07,-1.666852,-48.90247,9.445494,-59.95004,2.500278,2022,ES,1,0
2022-02-08,83.31469,11.09078,46.4102,47.86553,2.447918,2022,ES,1,1
2022-02-09,34.01547,15.85653,32.36956,17.49973,2.379515,2022,ES,1,1
2022-02-10,16.6021,-59.66851,-32.0974,-11.10371,2.311645,2022,ES,0,1
2022-02-11,-171.1587,-30.5309,-190.0528,-11.32952,2.327631,2022,ES,1,1
2022-02-14,-84.03361,65.84975,-41.44901,22.80632,2.26469,2022,ES,0,0
2022-02-15,39.4011,12.3346,36.58674,15.14217,2.140123,2022,ES,1,1
2022-02-16,-22.50478,82.89162,58.51243,1.67804,2.010561,2022,ES,0,1
2022-02-17,-66.50135,-71.48531,-110.4599,-27.35354,1.914933,2022,ES,1,1
2022-02-18,-78.82111,8.059873,-17.13502,-53.7819,1.876285,2022,ES,0,1
2022-02-22,-106.4261,55.53932,-22.5577,-28.98551,1.830644,2022,ES,0,1
2022-02-23,-151.8388,-97.31504,-211.8815,-36.56954,1.902315,2022,ES,1,1
2022-02-24,193.921,223.6269,299.696,118.6331,2.010421,2022,ES,1,1
2022-02-25,164.0012,24.60376,151.7883,36.66361,2.074939,2022,ES,1,1
2022-02-28,58.97999,47.13727,19.66,86.5651,2.143601,2022,ES,1,1
2022-03-01,-137.2538,22.70875,-122.3224,7.55814,2.142078,2022,ES,0,0
2022-03-02,147.3222,-21.63516,128.8347,-3.422313,2.204881,2022,ES,0,0
2022-03-03,-55.58707,-51.3347,-95.29212,-11.45344,2.148934,2022,ES,1,1
2022-03-04,-28.35648,41.20481,-55.55556,68.66853,2.102761,2022,ES,0,0
2022-03-07,-205.5112,-75.06354,-226.9306,-53.31122,2.130369,2022,ES,1,1
2022-03-08,-3.571641,-78.60418,42.26442,-123.8886,2.286701,2022,ES,1,0
2022-03-09,37.01745,15.80611,49.94418,2.923293,2.357869,2022,ES,1,1
2022-03-10,23.06191,48.37758,75.09905,-3.52154,2.424457,2022,ES,1,0
2022-03-11,-105.0236,-85.50032,-118.4433,-72.0359,2.393872,2022,ES,1,1
2022-03-14,-99.7151,7.793765,-90.21842,-1.796838,2.489486,2022,ES,0,1
2022-03-15,82.13308,69.0673,116.0576,35.30035,2.481847,2022,ES,1,1
2022-03-16,32.60363,99.8143,0.0,132.7434,2.387402,2022,ES,1,0
2022-03-17,136.2587,36.45477,135.1039,37.59827,2.249825,2022,ES,1,1
2022-03-18,93.44197,54.19136,105.4071,42.28687,2.188408,2022,ES,1,1
2022-03-21,-40.43581,43.98331,-55.03763,58.73052,2.161335,2022,ES,0,0
2022-03-22,82.26538,3.330373,70.51318,15.00417,2.087695,2022,ES,1,1
2022-03-23,-24.56728,-44.21807,-34.61753,-34.1775,2.028601,2022,ES,1,1
2022-03-24,52.03671,48.98414,49.79857,51.22209,2.011579,2022,ES,1,1
2022-03-25,5.530668,29.29634,17.14507,17.66784,1.968839,2022,ES,1,1
2022-03-28,8.830997,78.30594,52.98598,34.03975,1.834753,2022,ES,1,1
2022-03-29,-9.761388,46.68331,13.01518,23.83016,1.706274,2022,ES,0,1
2022-03-30,-37.92805,3.263353,-54.18292,19.61212,1.595316,2022,ES,0,0
2022-03-31,-22.3348,-111.924,-29.96132,-104.3602,1.576135,2022,ES,1,1
2022-04-01,-61.07626,49.27199,-33.0142,20.97825,1.5593,2022,ES,0,0
2022-04-04,57.25296,23.53714,64.40958,16.40958,1.489587,2022,ES,1,1
2022-04-05,-49.31777,-40.75114,-60.27728,-29.77011,1.401251,2022,ES,1,1
2022-04-06,-16.74948,11.74431,26.79917,-31.73896,1.382231,2022,ES,0,0
2022-04-07,40.30452,30.10705,80.04926,-9.440773,1.37947,2022,ES,1,0
2022-04-08,19.49101,-24.45531,14.47903,-19.46283,1.363973,2022,ES,0,0
2022-04-11,-43.25357,-49.64739,-37.63622,-55.25796,1.358595,2022,ES,1,1
2022-04-12,-79.94145,-31.78026,-97.95643,-13.64489,1.396563,2022,ES,1,1
2022-04-13,90.56217,30.48092,108.2189,12.95994,1.464617,2022,ES,1,1
2022-04-14,-50.63006,-77.4624,-95.07201,-32.94144,1.439742,2022,ES,1,1
2022-04-18,54.84147,-25.56673,37.13225,-7.968127,1.502428,2022,ES,0,0
2022-04-19,131.6464,32.62459,136.7755,27.54821,1.470337,2022,ES,1,1
2022-04-20,-5.583473,-43.01676,-63.65159,15.17195,1.472442,2022,ES,1,0
2022-04-21,-152.4085,-84.16177,-208.5883,-27.26808,1.448596,2022,ES,1,1
2022-04-22,-187.9034,-59.95343,-217.6024,-29.77581,1.58082,2022,ES,1,1
2022-04-25,-28.27521,144.1399,43.59095,71.55425,1.769725,2022,ES,0,1
2022-04-26,-151.7904,-78.55273,-120.7291,-109.7467,1.850286,2022,ES,1,1
2022-04-27,112.4604,-110.6182,35.29341,-34.5732,1.965066,2022,ES,0,0
2022-04-28,115.8461,15.19135,150.7181,-19.21509,1.945826,2022,ES,1,0
2022-04-29,-139.6582,-132.672,-186.8002,-85.26992,2.026265,2022,ES,1,1
2022-05-02,-108.4323,169.6368,-138.1149,200.2457,2.289366,2022,ES,0,0
2022-05-03,61.95861,-27.50045,55.94321,-21.53496,2.318507,2022,ES,0,0
2022-05-04,23.94349,263.9436,159.8228,126.6718,2.248123,2022,ES,1,1
2022-05-05,-261.7031,11.47412,-277.5817,27.82482,2.372971,2022,ES,0,0
2022-05-06,-25.50711,31.66098,-55.2654,61.67939,2.671305,2022,ES,0,0
2022-05-09,-112.1933,-56.73317,-93.08347,-75.91314,2.798668,2022,ES,1,1
2022-05-10,-36.41975,-99.74599,-79.01235,-57.24241,2.920635,2022,ES,1,1
2022-05-11,-115.4329,-17.77101,-69.63614,-63.80694,3.096881,2022,ES,1,1
2022-05-12,-59.01976,138.7455,-93.02027,173.5414,3.152608,2022,ES,0,0
2022-05-13,66.73802,57.53956,97.58862,26.81132,3.058526,2022,ES,1,1
2022-05-16,52.45738,-44.1076,77.43708,-68.78602,3.049308,2022,ES,0,0
2022-05-17,-6.143261,47.33219,12.28652,28.83789,2.891282,2022,ES,0,1
2022-05-18,-260.0136,-24.15305,-292.2058,8.928002,2.920731,2022,ES,1,0
2022-05-19,81.65627,-58.67347,109.3037,-85.86148,3.133066,2022,ES,0,0
2022-05-20,-250.2859,159.6299,-249.6506,158.968,2.919397,2022,ES,0,0
2022-05-23,99.84737,4.407783,87.12796,17.02289,2.965894,2022,ES,1,1
2022-05-24,-26.73116,65.7307,-43.91548,83.10426,3.014529,2022,ES,0,0
2022-05-25,57.32484,79.79734,139.4904,-1.88454,2.907188,2022,ES,1,0
2022-05-26,191.1387,-24.59722,184.8718,-18.45927,2.642817,2022,ES,0,0
2022-05-27,108.416,73.92595,129.2417,53.214,2.588772,2022,ES,1,1
2022-05-31,65.24891,-78.63145,-11.47898,-2.419404,2.33075,2022,ES,0,1
2022-06-01,-129.3856,-5.487136,-97.49052,-37.67852,2.24168,2022,ES,1,1
2022-06-02,137.3123,26.48847,128.7685,34.94607,2.250179,2022,ES,1,1
2022-06-03,-39.38916,-3.041918,-19.99758,-22.46645,2.207525,2022,ES,1,1
2022-06-06,-24.09784,-49.5199,-71.08862,-2.427037,2.199788,2022,ES,1,1
2022-06-07,123.6987,62.30341,148.1935,38.01593,2.197096,2022,ES,1,1
2022-06-08,-58.56073,-6.072752,-65.80536,1.215436,2.007365,2022,ES,1,0
2022-06-09,2.442301,-196.5572,-67.16327,-127.8584,2.004431,2022,ES,0,1
2022-06-10,-84.82086,-45.96527,-46.84137,-83.9481,2.023764,2022,ES,1,1
2022-06-13,-10.53325,-114.0108,-75.04937,-49.74794,2.172012,2022,ES,1,1
2022-06-14,-98.19533,18.76173,-124.0711,45.01176,2.313182,2022,ES,0,0
2022-06-15,19.86097,31.05385,22.5091,28.40346,2.304929,2022,ES,1,1
2022-06-16,-129.4673,38.25659,-156.4396,65.76243,2.395677,2022,ES,0,0
2022-06-17,49.69367,-41.99688,55.82029,-48.0639,2.518988,2022,ES,0,0
2022-06-21,81.63265,4.645915,114.4195,-27.78513,2.508332,2022,ES,1,0
2022-06-22,174.5435,-74.55793,178.5714,-78.48569,2.467037,2022,ES,0,0
2022-06-23,-48.89329,88.97152,-13.2144,52.92756,2.415657,2022,ES,0,0
2022-06-24,147.4522,79.08442,170.9402,55.80858,2.372239,2022,ES,1,1
2022-06-27,-67.45148,8.328528,-62.99714,3.842213,2.422204,2022,ES,0,0
2022-06-28,-183.024,-60.41315,-223.8378,-18.91716,2.341683,2022,ES,1,1
2022-06-29,-11.74935,-13.07019,-31.33159,6.547931,2.531519,2022,ES,1,0
2022-06-30,96.61196,-65.53939,27.13076,3.299677,2.443773,2022,ES,0,1
2022-07-01,45.62285,78.32554,90.5845,33.41852,2.372686,2022,ES,1,1
2022-07-05,41.06504,120.0528,105.9743,55.05309,2.117594,2022,ES,1,1
2022-07-06,-5.212745,38.46405,64.50772,-31.07601,2.031574,2022,ES,0,0
2022-07-07,85.33747,12.17949,96.3279,1.280656,1.84944,2022,ES,1,1
2022-07-08,32.79743,4.486892,72.66881,-35.1146,1.824989,2022,ES,1,0
2022-07-11,15.49087,-55.42308,-32.27264,-7.770511,1.833086,2022,ES,0,1
2022-07-12,21.42301,-91.33899,-28.56401,-41.66667,1.814464,2022,ES,0,1
2022-07-13,154.03,-53.6158,169.9641,-69.19963,1.828158,2022,ES,0,0
2022-07-14,55.34071,63.65626,113.3484,5.933544,1.863106,2022,ES,1,1
2022-07-15,43.61979,22.6875,47.52604,18.7909,1.742001,2022,ES,1,1
2022-07-18,-99.40995,-65.42722,-135.3258,-29.25688,1.777468,2022,ES,1,1
2022-07-19,146.4705,13.35453,149.6967,10.17165,1.71082,2022,ES,1,1
2022-07-20,3.173797,57.74478,53.95455,6.944883,1.810878,2022,ES,1,1
2022-07-21,61.95082,59.05635,73.32954,47.69376,1.751059,2022,ES,1,1
2022-07-22,-123.025,29.08447,-131.1434,37.33468,1.716909,2022,ES,0,0
2022-07-25,-31.47624,28.41806,-48.4734,45.54656,1.825172,2022,ES,0,0
2022-07-26,-65.77699,-9.549882,-80.32383,5.10074,1.72755,2022,ES,1,0
2022-07-27,49.27353,118.1795,139.6083,28.03564,1.713293,2022,ES,1,1
2022-07-28,106.6534,-3.681207,107.8936,-4.907674,1.779181,2022,ES,0,0
2022-07-29,81.31573,27.89739,105.1602,4.235237,1.817594,2022,ES,1,1
2022-08-01,19.48843,16.41138,52.98417,-16.9625,1.843136,2022,ES,1,0
2022-08-02,8.528785,-32.26003,9.137984,-32.86671,1.806275,2022,ES,0,0
2022-08-03,103.8693,-3.60707,111.1584,-10.81341,1.780616,2022,ES,0,0
2022-08-04,-5.414185,-0.601902,-4.211033,-1.805489,1.757891,2022,ES,1,1
2022-08-05,69.98539,22.36055,57.81402,34.48902,1.698776,2022,ES,1,1
2022-08-08,-33.01915,-21.68413,-67.83935,13.29787,1.608933,2022,ES,1,0
2022-08-09,-22.98294,2.42483,-29.6359,9.099181,1.533636,2022,ES,0,0
2022-08-10,16.07526,11.29406,-5.953799,33.36113,1.468887,2022,ES,1,0
2022-08-11,-24.76123,-43.73522,-67.20906,-1.187085,1.480199,2022,ES,1,1
2022-08-12,66.17821,51.65532,88.04065,29.87173,1.454823,2022,ES,1,1
2022-08-15,89.23854,6.400931,98.04497,-2.325581,1.509674,2022,ES,1,0
2022-08-16,75.21427,-30.09259,31.48504,13.36821,1.483046,2022,ES,0,1
2022-08-17,17.56749,-0.584556,42.16197,-25.07435,1.370682,2022,ES,0,0
2022-08-18,2.922268,22.78703,18.70251,7.00035,1.310011,2022,ES,1,1
2022-08-19,-51.06833,-17.11015,-75.722,7.689123,1.249874,2022,ES,1,0
2022-08-22,-89.14149,3.01823,-101.7051,15.71472,1.30379,2022,ES,0,0
2022-08-23,-12.08605,-2.420136,-3.021513,-11.48522,1.379105,2022,ES,1,1
2022-08-24,23.01078,13.8956,29.67179,7.245064,1.314037,2022,ES,1,1
2022-08-25,36.66967,67.68088,34.2651,70.09346,1.322083,2022,ES,1,1
2022-08-26,-248.17,-91.54156,-287.4487,-51.47059,1.33097,2022,ES,1,1
2022-08-29,70.75472,-60.39689,58.96226,-48.74437,1.546319,2022,ES,0,0
2022-08-30,-160.7518,19.4797,-161.9884,20.73906,1.573071,2022,ES,0,0
2022-08-31,-80.54446,-40.28451,-101.7732,-18.92386,1.577886,2022,ES,1,1
2022-09-01,-19.07426,109.5681,34.96948,55.1226,1.614954,2022,ES,0,1
2022-09-02,-199.064,-2.546797,-193.4477,-8.272351,1.578783,2022,ES,1,1
2022-09-06,-70.53889,12.16,-69.26792,10.87861,1.666788,2022,ES,0,0
2022-09-07,155.5001,32.76623,189.4158,-0.6280224,1.688927,2022,ES,1,0
2022-09-08,91.65034,35.70086,81.5372,45.76803,1.763479,2022,ES,1,1
2022-09-09,95.55128,-2.458362,99.89452,-6.757587,1.731535,2022,ES,0,0
2022-09-12,52.57366,0.6081245,37.29062,15.83531,1.658865,2022,ES,1,1
2022-09-13,-85.2149,-132.3714,-149.2816,-68.19473,1.716738,2022,ES,1,1
2022-09-14,-35.32009,36.71118,-48.56512,50.06972,2.028228,2022,ES,0,0
2022-09-15,-1.266785,-70.31547,-48.77122,-22.91388,2.024118,2022,ES,1,1
2022-09-16,-36.14069,75.1344,18.07035,20.61457,1.921895,2022,ES,0,1
2022-09-19,84.32797,82.97954,95.35547,71.96556,1.966085,2022,ES,1,1
2022-09-20,-95.93716,74.1126,-45.07115,22.6376,1.920464,2022,ES,0,0
2022-09-21,22.47624,-250.5286,34.67763,-262.3832,1.939182,2022,ES,0,0
2022-09-22,-31.61431,-33.03601,-31.61431,-33.03601,2.088943,2022,ES,1,1
2022-09-23,-121.8288,49.46805,-193.4534,122.8669,1.988166,2022,ES,0,0
2022-09-26,-84.64247,27.99973,-24.37703,-32.58213,2.19678,2022,ES,0,1
2022-09-27,-173.2506,45.96282,-111.231,-17.04274,2.215856,2022,ES,0,1
2022-09-28,121.2451,47.78249,143.042,26.19032,2.264452,2022,ES,1,1
2022-09-29,-173.2422,66.79981,-188.8069,82.77004,2.309061,2022,ES,0,0
2022-09-30,-26.07025,-102.49,-71.35016,-57.35213,2.416691,2022,ES,1,1
2022-10-03,127.8966,24.44158,196.6582,-43.15868,2.490447,2022,ES,1,0
2022-10-04,106.0212,41.5677,128.0256,19.75114,2.266644,2022,ES,1,1
2022-10-05,65.17691,35.68125,114.3921,-13.15097,2.379052,2022,ES,1,0
2022-10-06,-5.290306,-59.54744,-58.19336,-6.65159,2.391029,2022,ES,1,1
2022-10-07,-152.1373,-16.40577,-169.6399,1.369582,2.424388,2022,ES,1,0
2022-10-10,-67.56757,-40.54147,-94.18509,-13.7798,2.571078,2022,ES,1,1
2022-10-11,101.9488,-114.6506,-25.66059,11.82033,2.592809,2022,ES,0,0
2022-10-12,-16.64817,-29.18288,-14.56715,-31.26085,2.500198,2022,ES,1,1
2022-10-13,468.939,10.87548,505.2302,-23.70792,2.548515,2022,ES,1,0
2022-10-14,-229.265,-64.18219,-274.4437,-18.02676,2.578268,2022,ES,1,1
2022-10-17,94.20438,-18.25928,77.13837,-1.35483,2.729099,2022,ES,0,0
2022-10-18,-82.15185,-23.38009,-151.7159,47.09048,2.659051,2022,ES,1,0
2022-10-19,-57.24677,44.02899,-50.51185,37.23008,2.680496,2022,ES,0,0
2022-10-20,-51.34788,-18.33616,-64.18485,-5.439956,2.599245,2022,ES,1,1
2022-10-21,206.3189,44.03229,213.8091,36.66667,2.60744,2022,ES,1,1
2022-10-24,35.05755,44.16321,93.26631,-13.76237,2.531986,2022,ES,1,0
2022-10-25,110.9288,49.33783,126.682,33.70495,2.429556,2022,ES,1,1
2022-10-26,56.68122,-44.05286,20.84826,-8.451986,2.376609,2022,ES,0,0
2022-10-27,-58.43018,-21.55032,-76.60845,-3.271181,2.372914,2022,ES,1,1
2022-10-28,203.614,37.21527,238.3135,3.19734,2.269029,2022,ES,1,1
2022-10-31,16.73425,-20.56159,12.8725,-16.71273,2.294063,2022,ES,0,0
2022-11-01,-130.044,-14.855,-123.0318,-21.94398,2.207014,2022,ES,1,1
2022-11-02,-14.90216,-222.5683,-88.76506,-149.7026,2.310761,2022,ES,1,1
2022-11-03,18.7567,-34.10003,53.59057,-68.63006,2.282863,2022,ES,0,0
2022-11-04,-165.7313,152.4104,-81.21492,65.90334,2.115738,2022,ES,0,0
2022-11-07,5.93198,54.67361,44.1603,16.40528,2.087492,2022,ES,1,1
2022-11-08,-9.146142,31.38691,-13.06592,35.32413,2.000485,2022,ES,0,0
2022-11-09,-99.65253,-52.31442,-133.7442,-17.94139,2.026768,2022,ES,1,1
2022-11-10,86.02427,84.65406,111.7032,59.04387,1.991031,2022,ES,1,1
2022-11-11,66.10009,8.130081,93.16966,-18.71141,2.125096,2022,ES,1,0
2022-11-14,87.90105,-122.6116,53.36849,-88.68349,2.098862,2022,ES,0,0
2022-11-15,-117.3403,54.02689,-61.46396,-2.498751,2.051016,2022,ES,0,1
2022-11-16,-40.17073,6.301991,-17.57469,-16.34809,2.101341,2022,ES,0,1
2022-11-17,97.01302,2.528445,68.9303,30.42596,2.103468,2022,ES,1,1
2022-11-18,-98.98509,56.31486,-77.6845,34.72661,1.985519,2022,ES,0,0
2022-11-21,3.157762,-4.419471,-3.789314,2.527167,2.020968,2022,ES,0,0
2022-11-22,48.39723,33.15194,58.4538,23.12066,1.946664,2022,ES,1,1
2022-11-23,35.57386,36.06965,66.77901,4.959702,1.78003,2022,ES,1,1
2022-11-28,-64.36695,-15.72426,-78.74016,-1.259763,1.53954,2022,ES,1,1
2022-11-29,-25.19526,5.683253,-32.75384,13.27098,1.551308,2022,ES,0,0
2022-11-30,107.2488,192.2477,198.0948,101.4538,1.473093,2022,ES,1,1
2022-12-01,-41.51151,6.743088,-20.14529,-14.68069,1.304647,2022,ES,0,1
2022-12-02,76.33114,39.41615,108.6012,7.366935,1.320502,2022,ES,1,1
2022-12-05,-118.643,10.63098,-125.4403,17.5219,1.322817,2022,ES,0,0
2022-12-06,-154.375,13.96559,-175.0,34.98728,1.354464,2022,ES,0,0
2022-12-07,3.177629,3.17662,0.0,6.355259,1.458986,2022,ES,1,0
2022-12-08,33.5019,-6.300006,9.481669,17.68235,1.417735,2022,ES,0,1
2022-12-09,26.56715,-66.87275,22.77184,-63.11139,1.403812,2022,ES,0,0
2022-12-12,44.36557,76.98132,66.54836,54.77555,1.422867,2022,ES,1,1
2022-12-13,-211.8592,8.707551,-212.468,9.330099,1.370214,2022,ES,0,0
2022-12-14,78.3612,-132.8517,-69.72296,14.29104,1.539652,2022,ES,0,0
2022-12-15,-149.0191,26.16966,-111.2928,-12.08113,1.713861,2022,ES,0,1
2022-12-16,-92.34321,39.4822,-60.27959,7.096774,1.936374,2022,ES,0,0
2022-12-19,-94.07216,1.951346,-124.3557,32.62217,1.940347,2022,ES,0,0
2022-12-20,52.12745,-19.44643,37.14081,-4.544274,1.990922,2022,ES,0,0
2022-12-21,81.25363,-4.477707,74.16006,2.560492,1.790451,2022,ES,0,1
2022-12-22,-197.5468,142.255,-120.0775,62.7287,1.817399,2022,ES,0,0
2022-12-23,48.20219,38.24712,76.21157,10.34327,1.944515,2022,ES,1,1
2022-12-27,-43.93049,7.786646,-40.05427,3.891808,1.859394,2022,ES,0,0
2022-12-28,-69.40841,-53.56326,-75.89517,-47.0619,1.77629,2022,ES,1,1
2022-12-29,112.1325,-14.18348,103.0054,-5.162289,1.846571,2022,ES,0,0
2022-12-30,-35.77003,80.93466,-41.62331,86.85998,1.906539,2022,ES,0,0
2023-01-03,-118.5262,25.42373,-113.3728,20.19807,1.898729,2023,ES,0,0
2023-01-04,27.78496,-15.46491,0.6461618,11.63016,1.960071,2023,ES,0,1
2023-01-05,-31.14658,-30.59298,-24.65771,-37.07799,1.864624,2023,ES,1,1
2023-01-06,108.1256,33.94824,155.3901,-12.75104,1.781899,2023,ES,1,0
2023-01-09,1.903795,-67.25462,-37.4413,-28.02726,1.707523,2023,ES,0,1
2023-01-10,58.86116,28.62231,57.58157,29.89822,1.702769,2023,ES,1,1
2023-01-11,36.00758,45.32007,51.80038,29.53746,1.6605,2023,ES,1,1
2023-01-12,41.25258,-33.61345,19.37621,-11.85278,1.651443,2023,ES,0,0
2023-01-13,100.1701,24.32635,103.9501,20.57613,1.649702,2023,ES,1,1
2023-01-17,2.488646,-22.39224,-11.82107,-8.09767,1.45408,2023,ES,0,1
2023-01-18,-136.7479,-51.04613,-147.9364,-39.74763,1.446952,2023,ES,1,1
2023-01-19,11.47081,-27.3711,28.67703,-44.48116,1.518517,2023,ES,0,0
2023-01-20,86.5195,60.54872,109.4217,37.75722,1.459562,2023,ES,1,1
2023-01-23,134.4927,-36.41751,71.3124,26.08696,1.484335,2023,ES,0,1
2023-01-24,47.28721,-16.10107,49.77601,-18.57355,1.44706,2023,ES,0,0
2023-01-25,78.36991,34.21462,97.17868,15.52313,1.415137,2023,ES,1,1
2023-01-26,-6.159153,44.98952,8.006898,30.77112,1.427604,2023,ES,0,1
2023-01-27,68.90188,-18.94055,94.74008,-44.48778,1.33805,2023,ES,0,0
2023-01-30,-14.18177,-38.28342,-36.99593,-15.47221,1.316439,2023,ES,1,1
2023-01-31,78.65238,53.45951,85.46479,46.66871,1.339479,2023,ES,1,1
2023-02-01,-11.64858,150.9944,97.48023,41.28719,1.341776,2023,ES,0,1
2023-02-02,76.66966,-30.91006,-25.15723,70.8581,1.402473,2023,ES,0,0
2023-02-03,32.00097,-14.44478,4.830335,12.67351,1.440475,2023,ES,0,1
2023-02-06,4.246285,-0.6063546,11.52563,-7.876878,1.528229,2023,ES,0,0
2023-02-07,2.432498,153.2101,116.1518,39.07424,1.551586,2023,ES,1,1
2023-02-08,-42.73247,-16.32012,-43.9362,-15.11305,1.536047,2023,ES,1,1
2023-02-09,-124.2348,-52.87147,-144.6405,-32.27574,1.546719,2023,ES,1,1
2023-02-10,21.45397,31.19457,38.61714,14.04409,1.597664,2023,ES,1,1
2023-02-13,99.22084,1.205473,73.65474,26.58771,1.523966,2023,ES,1,1
2023-02-14,29.65025,6.033183,47.19835,-11.44303,1.538701,2023,ES,1,0
2023-02-15,64.28918,24.70773,50.33964,38.62169,1.531417,2023,ES,1,1
2023-02-16,83.46025,-92.43596,84.67865,-93.63296,1.532135,2023,ES,0,0
2023-02-17,-23.30573,52.86777,25.14566,4.282393,1.567004,2023,ES,0,1
2023-02-21,-85.28521,-11.21985,-84.6672,-11.84243,1.484545,2023,ES,1,1
2023-02-22,20.5787,-42.31751,-49.26416,27.57411,1.424919,2023,ES,0,0
2023-02-23,-85.63982,61.96795,-37.85528,13.7046,1.359953,2023,ES,0,0
2023-02-24,4.413341,22.05697,35.9372,-9.423294,1.383447,2023,ES,1,0
2023-02-27,-22.44249,-32.48985,-49.8722,-5.012217,1.416905,2023,ES,1,1
2023-02-28,43.31178,-70.0,15.06497,-41.99311,1.353157,2023,ES,0,0
2023-03-01,-15.7679,0.6317119,-34.68937,19.62025,1.319998,2023,ES,0,0
2023-03-02,86.40407,43.46183,104.8285,25.14932,1.229806,2023,ES,1,1
2023-03-03,79.27591,30.9655,103.6205,6.795997,1.26137,2023,ES,1,1
2023-03-06,-3.69663,-9.861325,-7.39326,-6.165608,1.275337,2023,ES,1,1
2023-03-07,-150.5708,-1.879581,-166.6152,14.43364,1.221404,2023,ES,1,0
2023-03-08,-36.33858,49.67616,-27.5672,40.83684,1.285276,2023,ES,0,0
2023-03-09,-115.5528,-90.99526,-159.9001,-46.33744,1.22825,2023,ES,1,1
2023-03-10,-157.1483,27.25857,-91.98927,-38.68472,1.377101,2023,ES,0,1
2023-03-13,159.6336,-65.0396,176.6438,-81.64577,1.547736,2023,ES,0,0
2023-03-14,-37.09626,63.55524,-44.77135,71.31385,1.557403,2023,ES,0,0
2023-03-15,17.99139,79.53306,75.17831,22.32143,1.651362,2023,ES,1,1
2023-03-16,215.3294,24.46675,220.4563,19.43817,1.687251,2023,ES,1,1
2023-03-17,-59.65089,-24.63521,-96.06932,12.0459,1.710816,2023,ES,1,0
2023-03-20,58.79378,16.96939,51.20749,24.52984,1.745685,2023,ES,1,1
2023-03-21,-22.38806,68.56146,13.0597,32.91721,1.736312,2023,ES,0,1
2023-03-22,-3.716781,-161.7401,-4.336245,-161.1304,1.773727,2023,ES,1,1
2023-03-23,-6.255474,-45.69354,-71.3124,19.53125,1.864799,2023,ES,1,0
2023-03-24,44.16404,56.53266,72.55521,28.18666,1.923501,2023,ES,1,1
2023-03-27,-32.29011,-6.852729,-1.241927,-37.88349,1.948534,2023,ES,1,1
2023-03-28,-49.97189,47.71172,-24.98595,22.54368,1.892097,2023,ES,0,0
2023-03-29,-9.271851,44.54619,17.30745,17.89461,1.867886,2023,ES,0,1
2023-03-30,-44.06365,33.8087,-23.86781,13.4961,1.75988,2023,ES,0,0
2023-03-31,62.34338,54.06062,72.12273,44.2988,1.652415,2023,ES,1,1
2023-04-03,9.07441,41.70444,37.50756,13.2594,1.569279,2023,ES,1,1
2023-04-04,-72.71198,0.6053269,-93.14344,21.23013,1.470078,2023,ES,0,0
2023-04-05,-19.41748,12.76751,-10.31553,3.644536,1.424671,2023,ES,0,0
2023-04-06,51.73148,8.476629,53.5573,6.658999,1.302416,2023,ES,1,1
2023-04-10,50.53888,26.65697,61.49912,15.73469,1.262167,2023,ES,1,1
2023-04-11,13.88134,-24.7107,16.89903,-27.71585,1.244579,2023,ES,0,0
2023-04-12,-24.64979,-65.69431,-69.74088,-20.58485,1.17838,2023,ES,1,1
2023-04-13,84.13534,19.80792,106.5311,-2.39564,1.085199,2023,ES,1,0
2023-04-14,-45.0045,37.97468,-18.0018,10.82056,1.016244,2023,ES,0,0
2023-04-17,-25.23432,64.45007,8.41144,30.61592,0.9917774,2023,ES,0,1
2023-04-18,-40.53893,6.584461,-44.11589,10.17964,0.9768519,2023,ES,0,0
2023-04-19,55.90958,-7.771866,56.51076,-8.369201,0.9863618,2023,ES,0,0
2023-04-20,49.44227,-31.79936,10.25023,7.228045,0.9371635,2023,ES,0,1
2023-04-21,0.6015761,0.0,-3.609457,4.212553,0.956506,2023,ES,0,0
2023-04-24,4.213314,12.63462,1.805706,15.04483,0.8972639,2023,ES,1,1
2023-04-25,-89.40437,-19.50506,-97.25746,-11.59031,0.8923178,2023,ES,1,1
2023-04-26,-35.98658,-22.64936,-58.55444,0.0,0.9362611,2023,ES,1,0
2023-04-27,93.29837,39.27018,135.3741,-2.406594,0.9530198,2023,ES,1,0
2023-04-28,84.44927,23.92631,81.43322,26.92515,1.018562,2023,ES,1,1
2023-05-01,38.23863,-36.90257,14.93697,-13.72151,1.021262,2023,ES,0,0
2023-05-02,-97.55806,2.417649,-90.97438,-4.228074,1.024744,2023,ES,0,1
2023-05-03,19.31667,-101.217,20.52396,-102.4096,1.088288,2023,ES,0,0
2023-05-04,-20.14529,-23.85613,-42.73243,-1.226166,1.110607,2023,ES,1,1
2023-05-05,72.30526,18.09736,107.5465,-16.83198,1.095429,2023,ES,1,0
2023-05-08,-5.415488,1.806141,3.610326,-7.218045,1.181522,2023,ES,0,0
2023-05-09,18.13565,-20.51653,8.463306,-10.87219,1.169318,2023,ES,0,0
2023-05-10,-91.28581,67.2768,-45.04234,20.51158,1.148794,2023,ES,0,0
2023-05-11,-15.09115,21.15954,7.847398,-1.809518,1.181853,2023,ES,0,0
2023-05-12,-99.86164,57.7262,-85.42381,43.07991,1.186824,2023,ES,0,0
2023-05-15,2.41371,18.09846,5.430847,15.0775,1.227113,2023,ES,1,1
2023-05-16,0.0,-38.65668,-4.228074,-34.44317,1.166172,2023,ES,0,1
2023-05-17,82.05128,-13.16498,53.09201,15.60343,1.14415,2023,ES,0,1
2023-05-18,17.39756,88.0345,52.19269,53.1153,1.091847,2023,ES,1,1
2023-05-19,-50.95089,14.88716,-34.95468,-1.189061,1.08588,2023,ES,0,1
2023-05-22,11.89202,-8.908421,26.16244,-23.12893,1.107232,2023,ES,0,0
2023-05-23,-34.6248,-36.54226,-57.90699,-13.21004,1.028936,2023,ES,1,1
2023-05-24,-31.40097,-0.6057669,-48.30918,16.3835,1.024845,2023,ES,1,0
2023-05-25,6.609385,-8.406389,-14.42048,12.63614,1.017588,2023,ES,0,0
2023-05-26,103.2103,10.09681,117.0117,-3.558719,0.952381,2023,ES,1,0
2023-05-30,-72.05292,29.7442,-43.11363,0.593155,0.992626,2023,ES,0,0
2023-05-31,0.5959831,-8.939213,-3.575898,-4.76957,0.9697496,2023,ES,0,1
2023-06-01,95.43692,-5.908419,103.7877,-14.16849,0.9876017,2023,ES,0,0
2023-06-02,86.37405,-5.242922,91.07468,-9.898684,0.9984639,2023,ES,0,0
2023-06-05,5.82479,-32.59984,-13.9795,-12.83248,1.050959,2023,ES,0,1
2023-06-06,4.093089,29.22438,24.55853,8.749417,1.061279,2023,ES,1,1
2023-06-07,-40.76641,-1.754283,-34.36026,-8.181393,1.007513,2023,ES,1,1
2023-06-08,37.4488,21.56931,55.58806,3.491417,0.9867926,2023,ES,1,1
2023-06-09,14.51716,-15.07596,6.968236,-7.543666,0.9855077,2023,ES,0,0
2023-06-12,19.70101,47.42077,36.50481,30.5987,0.9846365,2023,ES,1,1
2023-06-13,34.99713,-4.002058,17.2117,13.7457,0.9536104,2023,ES,0,1
2023-06-14,5.658029,-3.392898,-15.84248,18.13442,0.9343058,2023,ES,0,0
2023-06-15,125.3332,20.72365,169.0013,-22.30774,0.9474037,2023,ES,1,0
2023-06-16,-37.28644,-44.12915,-65.66865,-15.6854,0.9557055,2023,ES,1,1
2023-06-20,0.5636979,-2.81833,5.073281,-7.324356,0.9719984,2023,ES,0,0
2023-06-21,-6.218905,-22.06257,8.480326,-36.71694,0.9689171,2023,ES,1,0
2023-06-22,38.65393,19.8188,55.70714,2.826456,0.9224073,2023,ES,1,1
2023-06-23,39.32969,-29.52365,1.709986,7.978572,0.8614693,2023,ES,0,1
2023-06-26,-10.83733,-15.98812,0.0,-26.80812,0.8769855,2023,ES,1,0
2023-06-27,90.19294,-2.262955,87.90958,0.0,0.8906964,2023,ES,0,0
2023-06-28,6.808511,26.08153,10.78014,22.10383,0.9138695,2023,ES,1,1
2023-06-29,25.48709,25.42229,32.85002,18.06481,0.9002975,2023,ES,1,1
2023-06-30,54.83131,-14.46775,56.50982,-16.13442,0.8832477,2023,ES,0,0
2023-07-03,20.63466,0.0,20.63466,0.0,0.9143883,2023,ES,0,0
2023-07-05,31.31115,-3.344295,35.22505,-7.243147,0.8011502,2023,ES,0,0
2023-07-06,6.751055,-0.5622084,14.0647,-7.865169,0.7128792,2023,ES,0,0
2023-07-07,73.28485,-72.75169,59.19161,-58.84331,0.7493578,2023,ES,0,0
2023-07-10,18.62302,16.33527,24.8307,10.13285,0.8009513,2023,ES,1,1
2023-07-11,11.7898,33.08473,20.21109,24.65262,0.7727535,2023,ES,1,1
2023-07-12,-1.108033,-6.094858,-2.770083,-4.433361,0.7720617,2023,ES,1,1
2023-07-13,18.22802,18.74621,31.48475,5.506305,0.8013225,2023,ES,1,1
2023-07-14,-14.28101,-12.65127,-27.46347,0.5507821,0.7968331,2023,ES,1,0
2023-07-17,37.47176,1.646994,39.67598,-0.5488775,0.7915515,2023,ES,1,0
2023-07-18,66.48352,16.37465,81.86813,1.089978,0.7515699,2023,ES,1,1
2023-07-19,1.08808,0.5439809,7.616561,-5.979886,0.7725369,2023,ES,1,0
2023-07-20,-16.90571,-25.12837,-36.53815,-5.473454,0.7642627,2023,ES,1,1
2023-07-21,2.728215,-42.00305,-16.91493,-22.40927,0.7292129,2023,ES,0,1
2023-07-24,30.59942,-10.89503,20.76389,-1.090572,0.7392258,2023,ES,0,0
2023-07-25,42.03057,-8.69707,43.12227,-9.78314,0.7774485,2023,ES,0,0
2023-07-26,-5.997492,30.00546,33.25882,-9.238126,0.7905785,2023,ES,0,0
2023-07-27,-65.34536,-77.19069,-137.1712,-4.927996,0.7410179,2023,ES,1,1
2023-07-28,9.245663,12.49728,25.56154,-3.797331,0.8014203,2023,ES,1,0
2023-07-31,-11.38458,21.16689,-7.589721,17.36111,0.8457118,2023,ES,0,0
2023-08-01,2.717687,0.5433897,9.240135,-5.973391,0.8246238,2023,ES,1,0
2023-08-02,-60.2047,-8.810088,-59.11007,-9.910257,0.7900889,2023,ES,1,1
2023-08-03,31.5737,-16.01325,41.54434,-25.92674,0.8486916,2023,ES,0,0
2023-08-04,1.652528,-88.12028,-80.42305,-6.108396,0.8522325,2023,ES,0,1
2023-08-07,32.64538,11.58173,30.43214,13.79082,0.9153354,2023,ES,1,1
2023-08-08,-18.84387,33.31667,5.542316,8.862793,0.9030016,2023,ES,0,1
2023-08-09,-34.84706,-39.40941,-18.80635,-55.41701,0.9561212,2023,ES,1,1
2023-08-10,-74.8503,24.57963,-17.74229,-32.7705,0.9655293,2023,ES,0,1
2023-08-11,21.83406,15.08296,47.58706,-10.58673,1.056513,2023,ES,1,0
2023-08-14,54.22023,22.23828,45.83566,30.60316,1.063244,2023,ES,1,1
2023-08-15,-50.6992,-23.51887,-45.685,-28.54424,1.073677,2023,ES,1,1
2023-08-16,-5.058169,-59.04184,-14.61249,-49.53003,1.119622,2023,ES,1,1
2023-08-17,-53.0115,-58.9636,-90.23235,-21.62531,1.070703,2023,ES,1,1
2023-08-18,59.14781,12.55923,59.72206,11.98767,1.097229,2023,ES,1,1
2023-08-21,11.37656,28.97727,32.99204,7.37045,1.126686,2023,ES,1,1
2023-08-22,-69.39743,-1.136299,-62.06274,-8.515953,1.155818,2023,ES,1,1
2023-08-23,98.62827,-13.47104,79.35608,5.623664,1.102483,2023,ES,0,1
2023-08-24,-120.9813,-55.56186,-127.1424,-49.3561,1.122598,2023,ES,1,1
2023-08-25,-2.839457,31.81095,47.70288,-18.65144,1.166611,2023,ES,0,0
2023-08-28,-25.91403,35.01836,-10.14027,19.17329,1.194701,2023,ES,0,0
2023-08-29,122.7201,23.35669,132.29,13.88966,1.158845,2023,ES,1,1
2023-08-30,27.16638,5.529139,36.03703,-3.314551,1.18447,2023,ES,1,0
2023-08-31,-3.312904,-26.51201,-17.11667,-12.72124,1.114161,2023,ES,1,1
2023-09-01,-56.68373,12.72969,-58.88504,14.94686,1.099476,2023,ES,0,0
2023-09-05,-16.0487,-17.73738,-2.767017,-30.99917,1.03526,2023,ES,1,1
2023-09-06,-69.55264,20.73178,-54.52927,5.594719,0.9967887,2023,ES,0,0
2023-09-07,44.50203,-5.60821,42.24876,-3.365681,1.005923,2023,ES,0,0
2023-09-08,21.88429,-7.838746,0.5611357,13.4665,0.9871981,2023,ES,0,1
2023-09-11,2.78505,2.22742,3.89907,1.113586,0.943734,2023,ES,1,1
2023-09-12,2.235011,-23.46238,-20.1151,-1.119758,0.9387048,2023,ES,0,1
2023-09-13,26.02292,-19.88072,-0.5536792,6.644518,0.9031553,2023,ES,0,0
2023-09-14,24.21841,4.392708,33.57552,-4.937188,0.8063526,2023,ES,1,0
2023-09-15,-71.08221,-15.53915,-73.28631,-13.32223,0.7750519,2023,ES,1,1
2023-09-18,30.03671,-15.52795,12.23718,2.222222,0.8238971,2023,ES,0,1
2023-09-19,-12.24808,13.37793,-13.36154,14.49437,0.7502363,2023,ES,0,0
2023-09-20,-10.54794,-112.2596,-50.51907,-72.53655,0.7618723,2023,ES,1,1
2023-09-21,-28.87392,-68.13536,-59.4463,-37.5897,0.832299,2023,ES,1,1
2023-09-22,-19.96691,-27.43798,-31.94706,-15.45241,0.8982534,2023,ES,1,1
2023-09-25,54.04473,17.72745,39.09619,32.64418,0.9522715,2023,ES,1,1
2023-09-26,-54.64481,-19.66455,-74.77711,0.5795422,0.9811247,2023,ES,1,0
2023-09-27,-87.85112,64.13994,-27.16449,2.897711,1.015798,2023,ES,0,0
2023-09-28,62.68501,9.228817,68.48918,3.458811,1.049286,2023,ES,1,1
2023-09-29,-128.7259,29.55836,-81.24035,-18.45763,1.08081,2023,ES,0,1
2023-10-02,-26.63733,44.12704,-34.74434,52.29822,1.140114,2023,ES,0,0
2023-10-03,-98.81423,18.78596,-93.00163,12.90777,1.160444,2023,ES,0,0
2023-10-04,3.513292,59.11964,26.93524,35.62252,1.246382,2023,ES,1,1
2023-10-05,-7.574433,9.329446,15.14887,-13.38065,1.249782,2023,ES,0,0
2023-10-06,185.2177,-5.17926,208.0769,-27.56086,1.226691,2023,ES,0,0
2023-10-09,106.4384,5.151394,116.8508,-5.146092,1.347007,2023,ES,1,0
2023-10-10,56.5585,-21.01914,37.70567,-2.276608,1.364586,2023,ES,0,0
2023-10-11,-42.58944,57.0288,-14.19648,28.43332,1.336092,2023,ES,0,0
2023-10-12,-104.2198,29.76361,-92.32512,17.72239,1.263098,2023,ES,0,0
2023-10-13,-88.16837,4.017217,-83.61775,-0.5736247,1.301398,2023,ES,0,1
2023-10-16,61.64032,-10.7777,62.7818,-11.91084,1.355109,2023,ES,0,0
2023-10-17,48.06317,27.90274,41.197,34.75982,1.329502,2023,ES,1,1
2023-10-18,-39.92927,-50.97073,-70.16143,-20.68015,1.329889,2023,ES,1,1
2023-10-19,-35.07561,-71.55222,-94.30165,-12.19017,1.368524,2023,ES,1,1
2023-10-20,-41.89457,-70.11803,-78.55231,-33.42912,1.403967,2023,ES,1,1
2023-10-23,81.53619,-59.1924,75.62777,-53.36304,1.447141,2023,ES,0,0
2023-10-24,-11.73227,33.47624,20.53147,1.170823,1.426728,2023,ES,0,1
2023-10-25,-100.5055,-1.187437,-101.0932,-0.5937537,1.41816,2023,ES,1,1
2023-10-26,-68.51355,-25.79484,-22.04349,-72.24743,1.479212,2023,ES,1,1
2023-10-27,-92.86442,9.675859,-112.6356,29.69157,1.413936,2023,ES,0,0
2023-10-30,51.61135,-2.985253,55.81228,-7.161614,1.40731,2023,ES,0,0
2023-10-31,41.15472,8.316008,47.11917,2.374592,1.416557,2023,ES,1,1
2023-11-01,20.13502,62.64775,50.92976,31.81711,1.421719,2023,ES,1,1
2023-11-02,86.74895,11.54401,86.74895,11.54401,1.381912,2023,ES,1,1
2023-11-03,58.49295,-22.80502,69.38869,-33.601,1.384497,2023,ES,0,0
2023-11-06,-26.81118,31.45913,-9.12721,13.70332,1.376008,2023,ES,0,0
2023-11-07,35.92609,-7.386783,27.94252,0.5686665,1.322993,2023,ES,0,1
2023-11-08,-23.28355,14.79964,-23.85144,15.36973,1.251389,2023,ES,0,0
2023-11-09,-68.04264,-36.53802,-104.8991,0.5730331,1.186291,2023,ES,1,0
2023-11-10,80.9809,24.8911,84.40262,21.48957,1.187828,2023,ES,1,1
2023-11-13,30.00793,-7.338414,30.57411,-7.902461,1.18414,2023,ES,0,0
2023-11-14,42.9065,11.09693,69.6534,-15.49444,1.143908,2023,ES,1,0
2023-11-15,3.315833,-12.70648,3.315833,-12.70648,1.184226,2023,ES,0,0
2023-11-16,-7.201418,29.38079,7.755373,14.39167,1.126903,2023,ES,0,1
2023-11-17,17.69031,-4.414767,16.03184,-2.759686,1.077213,2023,ES,0,0
2023-11-20,77.35661,6.031363,89.51265,-6.024096,1.017082,2023,ES,1,0
2023-11-21,2.747253,-0.5492996,2.747253,-0.5492996,1.016484,2023,ES,0,0
2023-11-22,6.022118,-5.471357,-3.832257,4.381401,0.9690135,2023,ES,0,0
2023-11-27,10.96191,-13.13989,0.0,-2.192381,0.7849509,2023,ES,0,0
2023-11-28,6.03699,11.51821,14.26925,3.288212,0.760112,2023,ES,1,1
2023-11-29,-22.89951,-32.2422,-35.98495,-19.15185,0.7477393,2023,ES,1,1
2023-11-30,-33.9447,52.73856,-8.212428,26.84932,0.7348168,2023,ES,0,0
2023-12-01,55.81395,15.23644,72.77702,-1.629726,0.6785226,2023,ES,1,0
2023-12-04,7.117827,16.41407,8.760403,14.77024,0.7035699,2023,ES,1,1
2023-12-05,20.8242,9.29673,30.68829,-0.5463287,0.6243346,2023,ES,1,0
2023-12-06,-52.20512,-37.71935,-65.80021,-24.08583,0.6214896,2023,ES,1,1
2023-12-07,29.49853,-3.267974,23.48957,2.724944,0.6570835,2023,ES,0,1
2023-12-08,43.65859,14.67072,63.85069,-5.422699,0.6848941,2023,ES,1,0
2023-12-11,42.37058,7.031968,40.19773,9.197641,0.6646594,2023,ES,1,1
2023-12-12,33.54252,21.02879,41.65765,12.93034,0.6665997,2023,ES,1,1
2023-12-13,-1.59566,130.865,115.4194,13.67126,0.6733395,2023,ES,0,1
2023-12-14,-48.65035,41.003,-20.40176,12.58059,0.7540651,2023,ES,0,0
2023-12-15,-17.82625,14.70665,-10.48603,7.347924,0.8114296,2023,ES,0,0
2023-12-18,32.41322,-9.90099,33.9816,-11.46251,0.8204338,2023,ES,0,0
2023-12-19,33.87181,13.50299,33.3507,14.02306,0.8284901,2023,ES,1,1
2023-12-20,23.90604,-149.8341,-72.23781,-54.44171,0.8066401,2023,ES,0,1
2023-12-21,-16.73203,46.09019,-16.20915,45.56405,0.8827113,2023,ES,0,0
2023-12-22,8.842653,-10.91363,1.560468,-3.640524,0.8822085,2023,ES,0,0
2023-12-26,23.91474,9.854261,35.87211,-2.072109,0.8650001,2023,ES,1,0
2023-12-27,11.40546,14.49951,0.5184302,25.40176,0.865096,2023,ES,1,1
2023-12-28,5.173841,-3.102699,9.312914,-7.236638,0.8234356,2023,ES,0,0
2023-12-29,-28.99451,8.8275,-18.63933,-1.556178,0.7815897,2023,ES,0,1
2024-01-02,-3.135779,12.54705,-28.74464,38.26196,0.7924644,2024,ES,0,0
2024-01-03,-7.871123,-28.35837,-5.772157,-30.45259,0.8338179,2024,ES,1,1
2024-01-04,16.35194,-36.86345,7.912227,-28.4615,0.8533902,2024,ES,0,0
2024-01-05,18.49797,-7.385524,-14.26986,25.40489,0.8127779,2024,ES,0,0
2024-01-08,76.4889,54.44456,114.4696,16.68927,0.8036986,2024,ES,1,1
2024-01-09,51.3304,-9.379885,40.85481,1.043297,0.866107,2024,ES,0,1
2024-01-10,33.8877,16.10724,65.69001,-15.53841,0.8635778,2024,ES,1,0
2024-01-11,-38.844,13.51843,-16.57344,-8.819257,0.8689958,2024,ES,0,1
2024-01-12,-19.67281,-5.705986,-33.65086,8.311257,0.8342455,2024,ES,1,0
2024-01-16,-26.03082,18.79111,-20.82466,13.56427,0.774231,2024,ES,0,0
2024-01-17,-24.6538,35.23163,-7.343684,17.84777,0.7905701,2024,ES,0,0
2024-01-18,-0.5223569,52.7608,37.08734,15.09238,0.8368903,2024,ES,0,1
2024-01-19,86.06387,14.90696,96.95147,4.107831,0.8828583,2024,ES,1,1
2024-01-22,-3.070153,-5.118493,-7.16369,-1.024118,0.9078881,2024,ES,1,1
2024-01-23,-1.535076,19.95906,6.140306,12.27308,0.8702422,2024,ES,0,1
2024-01-24,-10.66315,-39.64825,-26.40398,-23.92832,0.8283886,2024,ES,1,1
2024-01-25,-33.03517,43.34302,-18.80464,29.02388,0.8276944,2024,ES,0,0
2024-01-26,-12.70777,10.17915,8.132974,-10.66585,0.8122082,2024,ES,0,0
2024-01-29,9.656434,62.96014,22.8705,49.69322,0.7525484,2024,ES,1,1
2024-01-30,4.043467,2.020916,16.6793,-10.59643,0.7581501,2024,ES,1,0
2024-01-31,-25.37556,-91.07561,-44.15347,-72.3862,0.7315411,2024,ES,1,1
2024-02-01,53.75518,41.24656,79.86484,15.23693,0.7693939,2024,ES,1,1
2024-02-02,95.27671,-1.004016,123.657,-29.03484,0.8003678,2024,ES,0,0
2024-02-05,-12.06515,-12.07973,5.027147,-29.1428,0.8815461,2024,ES,1,0
2024-02-06,0.5030181,9.556863,-7.545272,17.61893,0.8899828,2024,ES,1,0
2024-02-07,36.01801,0.0,41.02051,-4.982065,0.8436361,2024,ES,0,0
2024-02-08,0.4986785,6.981151,2.992071,4.486764,0.8381361,2024,ES,1,1
2024-02-09,37.84861,9.922604,49.30279,-1.486694,0.7683552,2024,ES,1,0
2024-02-12,17.84652,-20.78385,-11.89768,8.933889,0.7715787,2024,ES,0,0
2024-02-13,-19.09548,12.58685,-64.32161,58.16306,0.7972003,2024,ES,0,0
2024-02-14,-4.502476,40.54054,2.001101,34.0119,0.8887031,2024,ES,0,1
2024-02-15,42.33911,12.89619,51.30504,3.964518,0.9115362,2024,ES,1,1
2024-02-16,12.88915,-57.43143,-23.29962,-21.36646,0.9185292,2024,ES,0,1
2024-02-20,-36.48723,18.0596,-19.993,1.502479,0.9132518,2024,ES,0,0
2024-02-21,-2.008839,37.6733,-16.57292,52.31651,0.8820955,2024,ES,0,0
2024-02-22,65.1884,4.415878,64.2007,5.397713,0.8367256,2024,ES,1,1
2024-02-23,-14.66491,-13.70735,-18.08672,-10.28404,0.8886235,2024,ES,1,1
2024-02-26,-28.41048,-18.17557,-30.85966,-15.72327,0.8754067,2024,ES,1,1
2024-02-27,-17.6939,21.6642,-0.4914971,4.423691,0.8868012,2024,ES,0,0
2024-02-28,26.61541,-8.356683,10.35044,7.877893,0.8607761,2024,ES,0,1
2024-02-29,-5.884661,3.43474,-6.865437,4.416528,0.8634338,2024,ES,0,0
2024-03-01,72.46732,4.375091,81.28091,-4.371266,0.8792608,2024,ES,1,0
2024-03-04,14.11673,-10.20805,35.04843,-31.04536,0.9008978,2024,ES,0,0
2024-03-05,-67.91752,7.871304,-88.43936,28.59256,0.7891137,2024,ES,0,0
2024-03-06,-7.813645,-6.353551,-26.37105,12.2411,0.8253162,2024,ES,1,0
2024-03-07,50.06805,-17.41233,34.02683,-1.453348,0.8409489,2024,ES,0,0
2024-03-08,-73.08809,1.950363,-30.97773,-40.29909,0.860531,2024,ES,0,1
2024-03-11,11.73193,4.882574,23.46385,-6.827603,0.9570598,2024,ES,1,0
2024-03-12,41.7983,23.23218,64.64156,0.4829052,0.9210207,2024,ES,1,1
2024-03-13,0.953607,-20.5006,-10.48968,-9.06878,0.9505746,2024,ES,0,1
2024-03-14,-47.23282,9.587268,-59.6374,22.07823,0.8354538,2024,ES,0,0
2024-03-15,-3.856537,-2.411265,1.446201,-7.711958,0.8746151,2024,ES,1,0
2024-03-18,-5.262654,-14.36025,-5.262654,-14.36025,0.8992903,2024,ES,1,1
2024-03-19,54.26692,16.23997,52.34596,18.15402,0.9472187,2024,ES,1,1
2024-03-20,-8.109139,97.38865,59.62603,29.39921,0.9807158,2024,ES,0,1
2024-03-21,-10.81844,-12.24278,-20.22578,-2.827921,0.9824487,2024,ES,1,1
2024-03-22,7.54539,-24.97526,0.9431738,-18.39015,0.9605427,2024,ES,0,0
2024-03-25,17.05595,-16.55394,19.89861,-19.38626,0.9571808,2024,ES,0,0
2024-03-26,-9.451796,-35.9508,-6.143667,-39.24907,0.8765704,2024,ES,1,1
2024-03-27,-27.86699,60.62615,-24.56074,57.29167,0.8519813,2024,ES,0,0
2024-03-28,-0.4708541,-7.534021,13.18392,-21.16054,0.8295262,2024,ES,1,0
2024-04-01,-40.94696,7.561437,-38.59368,5.19726,0.7560469,2024,ES,0,0
2024-04-02,-8.566126,23.33889,-8.09023,22.8615,0.7649101,2024,ES,0,0
2024-04-03,54.78538,-21.32095,43.35191,-9.961104,0.7561064,2024,ES,0,0
2024-04-04,-33.45742,-170.2128,-148.4379,-55.48646,0.7549799,2024,ES,1,1
2024-04-05,66.68586,10.48468,68.12512,9.053655,0.8519067,2024,ES,1,1
2024-04-08,2.852524,-10.93156,1.901683,-9.981937,0.8747742,2024,ES,0,0
2024-04-09,-73.97923,52.07587,-76.35036,54.47768,0.8265079,2024,ES,0,0
2024-04-10,4.327131,6.247597,-18.7509,29.38343,0.8606183,2024,ES,1,0
2024-04-11,45.98802,-0.476849,58.44311,-12.85898,0.8828058,2024,ES,0,0
2024-04-12,-76.86026,6.777364,-93.67344,23.76103,0.941195,2024,ES,0,0
2024-04-15,-170.7844,-37.09307,-194.7709,-12.72078,1.043416,2024,ES,1,1
2024-04-16,-20.56002,-8.829589,17.13335,-46.42526,1.206327,2024,ES,1,0
2024-04-17,-72.78945,-38.38394,-88.42208,-22.67238,1.221997,2024,ES,1,1
2024-04-18,-48.28776,-1.980492,-61.09879,10.90675,1.271249,2024,ES,1,0
2024-04-19,-42.59745,-44.76944,-90.1481,2.99895,1.333116,2024,ES,1,0
2024-04-22,73.55499,-37.00232,70.57303,-34.05221,1.382706,2024,ES,0,0
2024-04-23,83.34155,-7.825109,78.4101,-2.935852,1.392431,2024,ES,0,0
2024-04-24,-2.442957,-20.03714,-42.50745,20.11776,1.42215,2024,ES,1,0
2024-04-25,86.31809,-0.4918355,65.97877,19.71317,1.342608,2024,ES,0,1
2024-04-26,60.16435,-23.82457,59.18607,-22.85436,1.335006,2024,ES,0,0
2024-04-29,2.914177,-2.913328,-10.19962,10.21004,1.381459,2024,ES,0,0
2024-04-30,-49.21068,-79.81198,-75.03411,-54.00098,1.343375,2024,ES,1,1
2024-05-01,-9.391064,-14.3472,118.1297,-140.1983,1.373002,2024,ES,1,0
2024-05-02,-6.393547,23.12992,25.57419,-8.830022,1.378477,2024,ES,0,0
2024-05-03,2.910784,-0.9699791,7.276961,-5.332558,1.320942,2024,ES,0,0
2024-05-06,22.68997,32.27205,32.82804,22.13454,1.25381,2024,ES,1,1
2024-05-07,-10.0647,2.398772,-9.58543,1.918925,1.256718,2024,ES,0,0
2024-05-08,35.63003,1.91911,34.18557,3.358925,1.192712,2024,ES,1,1
2024-05-09,35.02039,18.64423,48.9326,4.773953,1.146215,2024,ES,1,1
2024-05-10,-19.97907,0.4766444,-17.60061,-1.906123,1.094432,2024,ES,0,1
2024-05-13,-36.10794,5.245089,-31.3569,0.476599,1.035728,2024,ES,0,0
2024-05-14,3.335398,38.10613,41.45423,0.0,0.9921108,2024,ES,1,0
2024-05-15,60.4515,15.02206,60.92377,14.55194,0.9701926,2024,ES,1,1
2024-05-16,3.281917,-26.24672,4.219607,-27.18155,0.9440534,2024,ES,0,0
2024-05-17,-1.879434,15.0383,0.0,13.15604,0.9011216,2024,ES,0,0
2024-05-20,12.66892,-2.811753,5.630631,4.220597,0.8831376,2024,ES,0,1
2024-05-21,27.70213,12.64223,22.0678,18.27126,0.8062461,2024,ES,1,1
2024-05-22,-13.11353,-3.282686,-40.27726,23.98194,0.7245892,2024,ES,1,0
2024-05-23,-118.5254,-14.63921,-152.5898,19.90238,0.6882874,2024,ES,1,0
2024-05-24,33.46215,-0.9394523,24.97879,7.521978,0.7082935,2024,ES,0,1
2024-05-28,-27.68134,22.11244,-36.59566,31.0793,0.6846607,2024,ES,0,0
2024-05-29,25.0852,-14.63576,9.466111,0.9457159,0.7059014,2024,ES,0,1
2024-05-30,5.218464,-39.8293,-8.064899,-26.58817,0.7224523,2024,ES,0,1
2024-05-31,-50.87728,125.693,-39.46555,114.092,0.7485549,2024,ES,0,0
2024-06-03,-73.41522,49.77955,-63.06179,39.30855,0.8269297,2024,ES,0,0
2024-06-04,6.622203,28.83479,35.9491,-0.4713202,0.8764283,2024,ES,1,0
2024-06-05,47.39559,25.68773,58.65791,14.46233,0.8346182,2024,ES,1,1
2024-06-06,-16.2965,8.861114,-12.10597,4.661787,0.8716966,2024,ES,0,0
2024-06-07,42.5035,-35.81229,27.55722,-20.96045,0.881097,2024,ES,0,0
2024-06-10,39.27252,8.38262,34.12969,13.51225,0.908678,2024,ES,1,1
2024-06-11,20.53963,32.60971,39.21203,13.9496,0.9202822,2024,ES,1,1
2024-06-12,17.03499,-22.98111,15.65378,-21.60522,0.9227835,2024,ES,0,0
2024-06-13,-27.552,13.35359,-12.3984,-1.83908,0.9016721,2024,ES,0,1
2024-06-14,16.60823,17.04127,21.68297,11.96888,0.8982944,2024,ES,1,1
2024-06-17,98.99167,-6.838698,105.8981,-13.66805,0.9146041,2024,ES,0,0
2024-06-18,17.33814,7.287634,15.51307,9.111202,0.9480573,2024,ES,1,1
2024-06-20,-46.67654,1.80367,-44.88129,0.0,0.8526394,2024,ES,0,0
2024-06-21,-10.84158,3.617781,-3.613859,-3.615166,0.8014859,2024,ES,0,1
2024-06-24,-5.423974,-24.42113,-0.4519978,-29.38119,0.7495441,2024,ES,1,1
2024-06-25,-0.4523045,14.92672,7.689176,6.779355,0.750974,2024,ES,0,1
2024-06-26,21.27467,12.19567,16.29549,17.17281,0.7052632,2024,ES,1,1
2024-06-27,5.86775,10.82642,-2.256827,18.96163,0.7089298,2024,ES,1,0
2024-06-28,-20.26023,-32.93332,-36.46842,-16.71939,0.6813392,2024,ES,1,1
2024-07-01,-13.09373,7.2336,-16.25429,10.40159,0.7336701,2024,ES,0,0
2024-07-02,64.81146,31.9719,71.60986,25.20025,0.7152425,2024,ES,1,1
2024-07-03,48.07476,0.0,48.07476,0.0,0.6876852,2024,ES,0,0
2024-07-05,46.04587,7.119972,47.38701,5.784205,0.651231,2024,ES,1,1
2024-07-08,-4.441286,1.777304,-9.77083,7.113008,0.6093935,2024,ES,0,0
2024-07-09,-2.217885,-5.324105,-6.653655,-0.8877447,0.6124531,2024,ES,1,1
2024-07-10,49.17379,26.8912,54.93288,21.14817,0.6265387,2024,ES,1,1
2024-07-11,-97.59958,8.879418,-75.61769,-13.28963,0.6311942,2024,ES,0,1
2024-07-12,98.74247,-55.2462,101.842,-58.29754,0.6850615,2024,ES,0,0
2024-07-15,-17.57315,8.802042,3.953958,-12.7355,0.7151644,2024,ES,0,0
2024-07-16,5.703505,28.50127,29.39499,4.811899,0.7452163,2024,ES,1,1
2024-07-17,-26.08196,-5.761901,-23.42956,-8.419,0.7546717,2024,ES,1,1
2024-07-18,-86.69881,-16.95596,-109.7005,6.261461,0.830337,2024,ES,1,0
2024-07-19,-53.69368,-6.298079,-58.16815,-1.800261,0.8619753,2024,ES,1,1
2024-07-22,26.81684,1.783008,32.18021,-3.564109,0.8964487,2024,ES,1,0
2024-07-23,12.48328,-28.05236,9.808292,-25.38749,0.9037641,2024,ES,0,0
2024-07-24,-91.46616,-47.29207,-116.6982,-21.88284,0.9175582,2024,ES,1,1
2024-07-25,59.85288,-114.906,-10.05163,-45.73519,1.095562,2024,ES,0,1
2024-07-26,48.3709,-10.44505,23.72912,14.11272,1.172766,2024,ES,0,1
2024-07-29,-8.614045,-11.7978,-14.50787,-5.902384,1.249037,2024,ES,1,1
2024-07-30,-90.64129,11.89115,-87.92205,9.144529,1.28225,2024,ES,0,0
2024-07-31,22.54995,1.349953,73.51283,-49.24785,1.315628,2024,ES,1,0
2024-08-01,-181.5167,7.303602,-229.0247,55.96074,1.371459,2024,ES,0,0
2024-08-02,-104.0799,52.35357,-91.59034,39.68254,1.526175,2024,ES,0,0
2024-08-05,144.3938,-29.13642,80.43415,34.12805,1.731895,2024,ES,0,1
2024-08-06,167.1362,-108.9662,159.0182,-101.0623,1.972208,2024,ES,0,0
2024-08-07,-122.472,-64.13302,-170.8038,-15.27665,1.989918,2024,ES,1,1
2024-08-08,120.7215,7.016559,118.8278,8.889305,2.069173,2024,ES,1,1
2024-08-09,53.39578,4.658964,49.64871,8.389262,2.13282,2024,ES,1,1
2024-08-12,-34.38023,17.24942,-19.0485,1.861937,2.113256,2024,ES,0,0
2024-08-13,78.65273,23.41168,91.14463,11.00362,2.122632,2024,ES,1,1
2024-08-14,8.689687,7.768232,26.98376,-10.49079,2.036523,2024,ES,1,0
2024-08-15,58.29191,6.738847,62.81066,2.245274,1.945323,2024,ES,1,1
2024-08-16,58.11334,-6.270435,58.11334,-6.270435,1.951592,2024,ES,0,0
2024-08-19,51.05468,36.09143,62.25088,24.92434,1.933104,2024,ES,1,1
2024-08-20,-14.66406,5.785234,-1.333096,-7.55522,1.877761,2024,ES,0,1
2024-08-21,11.09878,4.878049,18.202,-2.215723,1.774853,2024,ES,1,0
2024-08-22,-125.0276,12.97423,-117.0753,4.9173,1.622014,2024,ES,0,0
2024-08-23,15.10843,29.72757,22.21827,22.6124,1.547027,2024,ES,1,1
2024-08-26,-64.47624,22.66868,-40.62886,-1.330259,1.331479,2024,ES,0,1
2024-08-27,44.01369,-7.524788,37.78953,-1.328727,1.24642,2024,ES,0,0
2024-08-28,-105.0532,55.10012,-56.73759,6.241084,1.117338,2024,ES,0,0
2024-08-29,44.40103,-80.01061,-33.74478,-2.227568,1.043424,2024,ES,0,1
2024-08-30,-35.07214,83.31106,-2.219756,50.17762,1.049945,2024,ES,0,0
2024-09-03,-109.309,-38.63606,-138.6359,-9.011851,0.9835909,2024,ES,1,1
2024-09-04,13.12752,-3.616637,-3.168711,12.67886,1.130389,2024,ES,0,0
2024-09-05,-3.617781,-20.35739,-13.11446,-10.8676,1.069184,2024,ES,1,1
2024-09-06,-169.5223,-2.766507,-172.2419,0.0,1.108564,2024,ES,1,0
2024-09-09,20.59685,11.41918,8.696448,23.32282,1.203772,2024,ES,1,1
2024-09-10,-25.00796,31.9081,-3.182831,10.00637,1.243253,2024,ES,0,0
2024-09-11,23.63422,78.44382,54.08599,47.91827,1.263521,2024,ES,1,1
2024-09-12,75.05281,-1.78428,66.51386,6.696728,1.343118,2024,ES,0,1
2024-09-13,51.26833,-11.53198,31.20681,8.444069,1.332021,2024,ES,0,1
2024-09-16,12.88259,7.098492,16.88064,3.104351,1.313009,2024,ES,1,1
2024-09-17,-43.72212,8.427963,-55.2047,19.98401,1.298099,2024,ES,0,0
2024-09-18,-11.82706,-34.64608,-2.628236,-43.81545,1.290752,2024,ES,1,1
2024-09-19,25.95942,-26.32374,15.57565,-15.98341,1.292242,2024,ES,0,0
2024-09-20,4.339901,0.0,-6.509852,10.85682,1.35231,2024,ES,0,0
2024-09-23,-2.597628,5.629655,0.0,3.030565,1.385633,2024,ES,0,0
2024-09-24,-0.4322082,15.56017,-0.4322082,15.56017,1.227258,2024,ES,0,0
2024-09-25,-14.67922,-4.323763,-18.99663,0.0,1.212311,2024,ES,1,0
2024-09-26,-49.36682,13.805,-37.34707,1.723544,1.159726,2024,ES,0,0
2024-09-27,-15.91672,-19.38903,-18.92799,-16.3779,1.070508,2024,ES,1,1
2024-09-30,20.76035,41.00306,2.595043,59.23812,1.034544,2024,ES,1,1
2024-10-01,-71.01661,-11.70402,-52.07885,-30.71864,1.036427,2024,ES,1,1
2024-10-02,23.47928,-4.33783,20.00087,-0.8678672,0.9548528,2024,ES,0,0
2024-10-03,-4.351989,12.19087,-9.574375,17.42464,0.9318208,2024,ES,0,0
2024-10-04,-36.67904,47.64173,-13.80858,24.63054,0.9311365,2024,ES,0,0
2024-10-07,-15.13383,-45.03724,-78.2635,18.30384,0.9616284,2024,ES,1,0
2024-10-08,24.68601,24.1932,41.57644,7.332011,0.971045,2024,ES,1,1
2024-10-09,46.55574,22.74093,55.17717,14.1473,0.9409678,2024,ES,1,1
2024-10-10,6.866363,-1.28656,-9.44125,15.03436,0.8582954,2024,ES,0,0
2024-10-11,54.51346,5.976776,64.38597,-3.838444,0.842843,2024,ES,1,0
2024-10-14,42.54233,13.13225,53.60334,2.115775,0.8614822,2024,ES,1,1
2024-10-15,-61.32634,-20.00085,-76.12925,-5.114218,0.8800179,2024,ES,1,1
2024-10-16,31.98703,9.352946,45.63484,-4.245563,0.9279286,2024,ES,1,0
2024-10-17,-27.01334,-35.12781,-44.74084,-17.38319,0.9068763,2024,ES,1,1
2024-10-18,9.319664,-1.26968,13.55588,-5.499619,0.911088,2024,ES,0,0
2024-10-21,-10.59591,8.061437,-25.43019,22.94553,0.8694704,2024,ES,0,0
2024-10-22,50.68791,-11.01882,34.0759,5.51853,0.8257322,2024,ES,0,1
2024-10-23,-91.56339,35.67437,-70.26958,14.15337,0.8179866,2024,ES,0,0
2024-10-24,-25.61038,11.9822,-20.06146,6.415466,0.8774604,2024,ES,0,0
2024-10-25,-40.45997,-1.282874,-22.5724,-19.20861,0.8505719,2024,ES,1,1
2024-10-28,-14.4564,-14.47733,-23.81054,-5.114435,0.8494652,2024,ES,1,1
2024-10-29,36.73958,-2.979484,45.28366,-11.48252,0.823589,2024,ES,0,0
2024-10-30,-12.785,-9.81438,-2.983166,-19.60951,0.8130651,2024,ES,1,1
2024-10-31,-91.69573,-32.15155,-87.39076,-36.4805,0.8330105,2024,ES,1,1
2024-11-01,4.339713,-11.27836,13.45311,-20.36925,0.9308684,2024,ES,0,0
2024-11-04,-8.24975,-15.20946,-11.72333,-11.73709,0.9428286,2024,ES,1,1
2024-11-05,79.95828,24.14209,75.17817,28.89799,0.9228105,2024,ES,1,1
2024-11-06,19.36353,11.76372,23.57299,7.559214,0.9296899,2024,ES,1,1
2024-11-07,28.44236,14.18085,49.77413,-7.075374,1.059717,2024,ES,1,0
2024-11-08,48.71144,-11.60093,47.04609,-9.945301,1.086045,2024,ES,0,0
2024-11-11,-26.06753,9.956441,-24.41245,8.295657,1.072847,2024,ES,0,0
2024-11-12,-21.55708,-8.309098,-10.77854,-19.09031,1.062752,2024,ES,1,1
2024-11-13,26.59574,-26.93966,-1.662234,1.246883,1.015744,2024,ES,0,0
2024-11-14,-57.35422,-6.688124,-33.24883,-30.85776,1.025667,2024,ES,1,1
2024-11-15,-90.11665,23.37144,-81.69453,14.8601,1.022385,2024,ES,0,0
2024-11-18,35.168,-1.266678,31.3546,2.534319,1.107096,2024,ES,0,1
2024-11-19,105.375,-11.35265,82.43042,11.37848,1.105345,2024,ES,0,1
2024-11-20,-61.88171,63.1142,-49.67375,50.76786,1.13119,2024,ES,0,0
2024-11-21,18.01349,-14.21761,20.10808,-16.30503,1.058966,2024,ES,0,0
2024-11-22,29.74071,0.0,29.32183,0.4176586,1.070247,2024,ES,0,1
2024-11-25,-38.16319,2.914845,-41.89654,6.665,1.040302,2024,ES,0,0
2024-11-26,22.84622,7.874342,20.35391,10.36355,1.027783,2024,ES,1,1
2024-11-27,-26.5208,-2.077447,-29.8359,1.246883,0.8885653,2024,ES,1,0
2024-11-29,49.82147,0.0,49.82147,0.0,0.8428133,2024,ES,0,0
2024-12-02,12.79881,-1.649349,15.276,-4.122351,0.8490271,2024,ES,0,0
2024-12-03,0.0,7.014938,10.31608,-3.297745,0.8120232,2024,ES,0,0
2024-12-04,4.934211,26.30281,20.97039,10.25809,0.7797815,2024,ES,1,1
2024-12-05,-4.509121,-11.89304,-7.378561,-9.024901,0.7630369,2024,ES,1,1
2024-12-06,9.844942,-3.27842,-2.05103,8.616092,0.6718587,2024,ES,0,0
2024-12-09,-28.29724,-21.38598,-44.29134,-5.355083,0.6488447,2024,ES,1,1
2024-12-10,-21.41063,-18.56819,-27.58677,-12.38646,0.6129087,2024,ES,1,1
2024-12-11,33.74208,-6.151575,35.79952,-8.200418,0.5804931,2024,ES,0,0
2024-12-12,-14.38612,-22.63933,-25.07296,-11.94989,0.5531318,2024,ES,1,1
2024-12-13,-37.43469,2.06458,-34.14373,-1.238339,0.5559375,2024,ES,0,1
2024-12-16,27.17168,-14.78075,25.11322,-12.73048,0.5399047,2024,ES,0,0
2024-12-17,2.478212,-0.4129331,-11.15196,13.23189,0.537241,2024,ES,0,0
2024-12-18,19.59504,-320.6486,-131.8583,-172.0928,0.5404126,2024,ES,0,1
2024-12-19,-4.174494,-86.86573,-59.27781,-31.91534,0.7867419,2024,ES,1,1
2024-12-20,179.8637,-18.70791,186.2119,-24.92833,0.8362901,2024,ES,0,0
2024-12-23,47.09314,16.1772,34.59054,28.65687,0.9825213,2024,ES,1,1
2024-12-26,27.14151,-1.640487,34.1325,-8.606557,1.065908,2024,ES,0,0
2024-12-27,-60.71871,21.19436,-35.52251,-4.14525,1.09686,2024,ES,0,1
2024-12-30,53.3143,-48.43828,49.11633,-44.28106,1.222094,2024,ES,0,0
2024-12-31,-77.01967,14.34236,-59.4391,-3.368705,1.303814,2024,ES,0,1
2025-01-02,-131.9593,47.97079,-126.0944,42.00255,1.337249,2025,ES,0,0
2025-01-03,65.60135,6.684492,78.21699,-5.841609,1.407943,2025,ES,1,0
2025-01-06,-11.18893,-5.808165,-34.39559,17.46507,1.442344,2025,ES,1,0
2025-01-07,-107.1665,-37.22448,-123.7173,-20.52872,1.482955,2025,ES,1,1
2025-01-08,-17.21532,25.6572,-5.038629,13.44312,1.59524,2025,ES,0,0
2025-01-09,1.261777,0.0,1.261777,0.0,1.615975,2025,ES,0,0
2025-01-10,-24.0679,-67.722,-64.18106,-27.62314,1.383452,2025,ES,1,1
2025-01-13,74.34465,24.74086,82.93941,16.19571,1.439929,2025,ES,1,1
2025-01-14,-13.12947,-22.05259,-63.10618,28.13059,1.313552,2025,ES,1,0
2025-01-15,36.88336,2.923122,51.55287,-11.67542,1.287026,2025,ES,1,0
2025-01-16,-47.0696,4.603666,-20.82726,-21.70556,1.346334,2025,ES,0,1
2025-01-17,28.20757,-17.78697,21.5705,-11.17596,1.330082,2025,ES,0,0
2025-01-21,32.5706,4.931372,25.56174,11.92581,1.278676,2025,ES,1,1
2025-01-22,17.98488,-11.42437,27.38606,-20.78917,1.202301,2025,ES,0,0
2025-01-23,33.12342,32.1989,34.35021,30.97237,1.186776,2025,ES,1,1
2025-01-24,-38.60533,7.343042,-39.41808,8.159602,1.100978,2025,ES,0,0
2025-01-27,32.51084,48.60823,39.59653,41.51617,1.082504,2025,ES,1,1
2025-01-28,52.41436,11.08511,75.1135,-11.46977,1.13761,2025,ES,1,0
2025-01-29,-36.14111,4.94621,-22.5882,-8.64411,1.098608,2025,ES,0,1
2025-01-30,17.24279,-1.229508,28.73799,-12.69036,1.097029,2025,ES,0,0
2025-01-31,-33.89138,-60.63834,-63.69947,-30.82107,1.143032,2025,ES,1,1
2025-02-03,103.8135,-18.64358,118.8832,-33.50846,1.160426,2025,ES,0,0
2025-02-04,48.55981,16.10838,61.01104,3.712718,1.208955,2025,ES,1,1
2025-02-05,38.01025,19.75634,40.90233,16.87035,1.183984,2025,ES,1,1
2025-02-06,-13.51628,18.86638,-37.27217,42.75613,1.103244,2025,ES,0,0
2025-02-07,-93.69119,-6.60802,-95.73685,-4.543952,1.105825,2025,ES,1,1
2025-02-10,17.67874,-5.335303,15.62307,-3.283937,1.119164,2025,ES,0,0
2025-02-11,34.2127,11.09148,48.22754,-2.871559,1.113238,2025,ES,1,0
2025-02-12,66.74128,2.882556,78.76301,-9.048657,1.102386,2025,ES,1,0
2025-02-13,44.38235,40.50405,72.32679,12.6479,1.123355,2025,ES,1,1
2025-02-14,9.373217,-13.84308,5.297905,-9.775569,1.146036,2025,ES,0,0
2025-02-18,-19.94059,27.72794,-16.27803,24.04924,0.9313358,2025,ES,0,0
2025-02-19,24.04532,22.76793,50.53593,-3.649487,0.9053383,2025,ES,1,0
2025-02-20,-48.38579,30.23493,-27.64902,9.377803,0.8771013,2025,ES,0,0
2025-02-21,-138.6058,-28.52418,-166.7346,0.0,0.8447382,2025,ES,1,0
2025-02-24,-22.72727,-56.32636,-37.19008,-41.89133,0.8541913,2025,ES,1,1
2025-02-25,-40.82993,-9.203481,-32.08066,-17.97283,0.8787958,2025,ES,1,1
2025-02-26,-57.20489,31.91668,-54.28202,28.96847,0.9102677,2025,ES,0,0
2025-02-27,-53.37336,-144.2106,-128.0127,-69.69377,0.956372,2025,ES,1,1
2025-02-28,-34.44024,178.3429,42.09363,100.7706,1.038674,2025,ES,0,1
2025-03-03,-116.964,-87.9158,-169.18,-35.26812,1.111456,2025,ES,1,1
2025-03-04,9.451796,-57.94489,54.13301,-102.128,1.31558,2025,ES,0,0
2025-03-05,81.63442,26.5627,109.2778,-0.8545183,1.400373,2025,ES,1,0
2025-03-06,-58.45421,13.50174,-77.50595,32.72822,1.466922,2025,ES,0,0
2025-03-07,75.96595,9.099181,74.65619,10.40042,1.617863,2025,ES,1,1
2025-03-10,-125.6315,6.672895,-180.101,62.17848,1.756769,2025,ES,0,0
2025-03-11,-92.26244,33.28985,37.88554,-96.79854,2.003158,2025,ES,0,0
2025-03-12,-74.08393,16.08939,-16.85742,-41.32599,2.085631,2025,ES,0,1
2025-03-13,-151.3934,27.20718,-82.1722,-42.77738,2.143623,2025,ES,0,1
2025-03-14,81.20962,36.04967,101.3999,15.99005,2.13023,2025,ES,1,1
2025-03-17,78.05224,-1.320132,115.3044,-38.14284,2.175263,2025,ES,0,0
2025-03-18,-70.26382,5.340454,-60.54178,-4.446025,2.156209,2025,ES,0,1
2025-03-19,6.153576,69.40479,97.13859,-21.33032,2.167157,2025,ES,1,0
2025-03-20,31.18412,8.319103,18.00773,21.48275,2.119106,2025,ES,1,1
2025-03-21,67.0904,21.92213,60.91102,28.07756,2.074879,2025,ES,1,1
2025-03-24,40.20752,13.34884,49.28664,4.302186,1.900364,2025,ES,1,1
2025-03-25,-21.02643,21.07074,-24.45932,24.51929,1.859254,2025,ES,0,0
2025-03-26,-124.4849,11.73607,-135.2163,22.62739,1.74695,2025,ES,0,0
2025-03-27,-10.01262,6.10075,6.094641,-10.00653,1.721357,2025,ES,0,0
2025-03-28,-162.0512,-11.09976,-165.5456,-7.550522,1.653101,2025,ES,1,1
2025-03-31,59.76454,106.3117,118.181,47.96376,1.595216,2025,ES,1,1
2025-04-01,27.48836,36.25591,3.990246,59.82982,1.609706,2025,ES,1,1
2025-04-02,164.796,7.887126,111.794,60.34445,1.615667,2025,ES,1,1
2025-04-03,-60.77649,-77.57598,-61.6836,-76.67032,1.688209,2025,ES,1,1
2025-04-04,-175.2646,-174.5444,-305.65,-42.39559,1.97421,2025,ES,1,1
2025-04-07,407.2444,-86.03928,288.3594,28.51945,2.48642,2025,ES,0,1
2025-04-08,-290.6866,-197.8022,-387.8983,-98.66798,2.788965,2025,ES,1,1
2025-04-09,845.9184,157.7462,765.6415,233.4902,3.332569,2025,ES,1,1
2025-04-10,-148.8234,7.553583,-113.0127,-28.69373,3.699324,2025,ES,0,1
2025-04-11,223.9053,-17.59422,176.568,28.83989,4.134235,2025,ES,0,1
2025-04-14,-92.38611,0.0,-59.61862,-32.96401,4.047175,2025,ES,0,1
2025-04-15,-26.60917,-12.88008,-20.64504,-18.84884,4.183079,2025,ES,1,1
2025-04-16,-145.7916,30.72414,-169.5468,54.96328,4.212386,2025,ES,0,0
2025-04-17,38.04424,-60.35935,18.3176,-40.78762,4.404611,2025,ES,0,0
2025-04-21,-237.2914,99.36678,-239.669,101.827,4.392574,2025,ES,0,0
2025-04-22,33.36193,97.37792,128.6817,2.35272,4.463009,2025,ES,1,1
2025-04-23,-37.15596,-58.01372,-74.77064,-20.33554,4.375819,2025,ES,1,1
2025-04-24,160.7613,21.36849,175.544,6.809824,4.48198,2025,ES,1,1
2025-04-25,23.13765,45.26321,58.07096,10.37438,4.19459,2025,ES,1,1
2025-04-28,-67.03257,57.52072,-48.58737,38.87884,3.826898,2025,ES,0,0
2025-04-29,107.1235,-12.07459,99.89152,-4.922802,3.415166,2025,ES,0,0
2025-04-30,54.38477,68.06401,38.06934,84.42819,3.041986,2025,ES,1,1
2025-05-01,3.100089,-38.51773,23.91497,-59.20297,2.480704,2025,ES,0,0
2025-05-02,46.6016,-12.25276,44.40341,-10.06697,2.155795,2025,ES,0,0
2025-05-05,55.61195,-37.30852,57.81878,-39.49447,2.079774,2025,ES,0,0
2025-05-06,9.792575,6.225543,56.97498,-40.71877,2.026872,2025,ES,1,0
2025-05-07,-19.06535,37.31509,11.52789,6.643047,2.021498,2025,ES,0,1
2025-05-08,44.82531,-48.5628,56.25137,-59.86977,1.880905,2025,ES,0,0
2025-05-09,-22.3694,-16.26517,-28.51002,-10.11701,1.900146,2025,ES,1,1
2025-05-12,1.709329,22.21747,2.136661,21.78928,1.685215,2025,ES,1,1
2025-05-13,77.09017,-19.4421,89.01572,-31.23945,1.71947,2025,ES,0,0
2025-05-14,-8.032808,1.692477,-2.959455,-3.383236,1.559452,2025,ES,0,1
2025-05-15,75.14009,8.427085,72.59297,10.95798,1.460653,2025,ES,1,1
2025-05-16,26.91564,24.74625,39.53234,12.14812,1.429893,2025,ES,1,1
2025-05-19,106.9813,9.622626,107.4041,9.203866,1.396616,2025,ES,1,1
2025-05-20,-1.67729,-2.935749,-37.31969,32.82966,1.391851,2025,ES,1,0
2025-05-21,-39.31017,-54.31784,-75.66151,-17.88833,1.286185,2025,ES,1,1
2025-05-22,46.96439,-41.64542,54.22253,-48.83435,1.315003,2025,ES,0,0
2025-05-23,86.01314,-28.71223,84.28423,-27.0027,1.272599,2025,ES,0,0
2025-05-27,84.09429,0.4211768,73.0516,11.38424,1.293572,2025,ES,1,1
2025-05-28,-31.56433,-33.77523,-30.30175,-35.03736,1.271592,2025,ES,1,1
2025-05-29,-77.24601,24.11576,-73.04786,19.87651,1.22736,2025,ES,0,0
2025-05-30,-52.02606,59.52634,-4.229761,11.42519,1.266511,2025,ES,0,0
2025-06-02,38.57567,45.60618,70.79271,13.46971,1.137286,2025,ES,1,1
2025-06-03,63.51476,0.4179728,67.30041,-3.342525,1.146511,2025,ES,1,0
2025-06-04,9.600534,-27.93995,0.4174145,-18.78287,1.15922,2025,ES,0,0
2025-06-05,-30.85905,-48.10508,-40.03336,-38.9382,1.116109,2025,ES,1,1
2025-06-06,4.581234,1.66514,17.90846,-11.64048,1.147391,2025,ES,1,0
2025-06-09,19.95759,-24.48234,20.78916,-25.31015,1.147858,2025,ES,0,0
2025-06-10,18.69936,29.0336,37.39871,10.34982,1.115431,2025,ES,1,1
2025-06-11,-27.24796,-17.38698,-54.90876,10.37818,1.029171,2025,ES,1,0
2025-06-12,51.1307,9.512387,54.87197,5.787994,1.043696,2025,ES,1,1
2025-06-13,21.26418,-47.84689,-22.09807,-4.596548,1.004539,2025,ES,0,1
2025-06-16,32.423,7.043712,35.74843,3.727789,1.012476,2025,ES,1,1
2025-06-17,-36.59652,-7.513148,-34.93304,-9.181204,1.018583,2025,ES,1,1
2025-06-18,21.91894,-37.5521,-17.78329,2.071508,1.025826,2025,ES,0,0
2025-06-20,-73.83879,1.662303,-80.85141,8.733261,0.97653,2025,ES,0,0
2025-06-23,60.58091,25.15879,60.16598,25.57228,0.9983497,2025,ES,1,1
2025-06-24,49.03163,-7.725461,51.07461,-9.756494,1.023694,2025,ES,0,0
2025-06-25,-26.80747,14.66156,-24.37043,12.21498,1.079745,2025,ES,0,0
2025-06-26,38.5208,11.30993,40.95369,8.884222,1.018284,2025,ES,1,1
2025-06-27,19.74453,10.8582,-27.40057,58.18417,0.9826383,2025,ES,1,0
2025-06-30,-25.20706,30.48536,-7.602129,12.81333,1.007445,2025,ES,0,0
2025-07-01,37.68895,-15.57819,28.46718,-6.396929,1.006515,2025,ES,0,0
2025-07-02,33.6269,14.76221,40.83267,7.575153,0.9763254,2025,ES,1,1
2025-07-07,-53.55443,11.56623,-51.17423,9.17102,0.8946083,2025,ES,0,0
2025-07-08,-2.786181,-13.93479,-13.13485,-3.586944,0.8995383,2025,ES,1,1
2025-07-09,-5.559747,24.23809,9.92812,8.728081,0.8733909,2025,ES,0,1
2025-07-10,39.23745,-12.63324,34.08505,-7.504839,0.8475968,2025,ES,0,0
2025-07-11,29.40943,-15.85037,27.4223,-13.87182,0.7894558,2025,ES,0,0
2025-07-14,25.02284,1.18859,29.39191,-3.168191,0.7410392,2025,ES,1,0
2025-07-15,-46.9391,-41.21587,-67.84475,-20.25417,0.6863364,2025,ES,1,1
2025-07-16,-9.526078,16.28923,10.71684,-3.96495,0.7249458,2025,ES,0,0
2025-07-17,49.17123,10.65425,57.49861,2.365651,0.7415338,2025,ES,1,1
2025-07-18,-35.02834,7.899206,-32.66688,5.528134,0.7222135,2025,ES,0,0
2025-07-21,38.61004,-38.854,25.21472,-25.54429,0.7094454,2025,ES,0,0
2025-07-22,-11.0271,7.096672,4.332073,-8.26674,0.7150734,2025,ES,0,0
2025-07-23,14.51493,26.63742,26.28379,14.86814,0.7086535,2025,ES,1,1
2025-07-24,10.54317,-11.31222,10.54317,-11.31222,0.7006465,2025,ES,0,0
2025-07-25,33.17721,-0.7780587,34.73849,-2.333813,0.6755325,2025,ES,0,0
2025-07-28,-22.16519,12.86098,-22.55405,13.25123,0.6349577,2025,ES,0,0
2025-07-29,-43.11182,-4.680917,-46.99577,-0.7804573,0.6333609,2025,ES,1,1
2025-07-30,11.69682,-34.27058,-49.51653,27.03656,0.6346916,2025,ES,0,0
2025-07-31,-93.45794,-24.26994,-82.98755,-34.80233,0.6573079,2025,ES,1,1
2025-08-01,-92.29916,17.19244,-80.01901,4.79195,0.7243588,2025,ES,0,0
2025-08-04,65.44243,19.7021,66.63229,18.51779,0.8351701,2025,ES,1,1
2025-08-05,-26.71381,-33.87561,-53.82047,-6.71459,0.8667957,2025,ES,1,1
2025-08-06,50.90766,7.067415,56.82715,1.177209,0.857763,2025,ES,1,1
2025-08-07,-87.79117,25.98016,-91.30282,29.53337,0.8600748,2025,ES,0,0
2025-08-08,48.95817,-0.3897572,50.52483,-1.948482,0.9190148,2025,ES,0,0
2025-08-11,-11.29944,-14.04275,-15.58543,-9.756098,0.9278896,2025,ES,1,1
2025-08-12,59.15548,8.898518,58.7663,9.28577,0.9368137,2025,ES,1,1
2025-08-13,-21.57331,20.84781,-14.25379,13.50257,0.9452082,2025,ES,0,0
2025-08-14,29.76421,3.083208,27.83147,5.011179,0.9636093,2025,ES,1,1
2025-08-15,-19.24039,-19.66303,-26.93655,-11.96126,0.9636686,2025,ES,1,1
2025-08-18,-1.54691,8.122534,9.28146,-2.704582,0.9806305,2025,ES,0,0
2025-08-19,-51.80746,0.0,-62.6329,10.89367,0.9519207,2025,ES,0,0
2025-08-20,-34.22526,12.09803,-42.78158,20.70151,0.9509179,2025,ES,0,0
2025-08-21,-5.863727,-5.084878,-2.345491,-8.602151,0.930378,2025,ES,1,1
2025-08-22,126.7996,-8.86115,121.7276,-3.854604,0.8304676,2025,ES,0,0
2025-08-25,7.341577,-30.88922,-1.931994,-21.64251,0.8368293,2025,ES,0,1
2025-08-26,10.85145,36.00325,27.12863,19.71167,0.8102602,2025,ES,1,1
2025-08-27,34.36824,-2.693862,38.22984,-6.539719,0.7921797,2025,ES,0,0
2025-08-28,18.07692,8.062349,27.30769,-1.150704,0.7337912,2025,ES,1,0
2025-08-29,-43.46823,6.954372,-45.77627,9.274645,0.7237377,2025,ES,0,0
2025-09-02,13.28488,30.04644,8.5961,34.74527,0.6946654,2025,ES,1,1
2025-09-03,-26.3617,41.59055,-27.52471,42.76162,0.7728519,2025,ES,0,0
2025-09-04,42.14515,28.10719,49.8782,20.39089,0.7763435,2025,ES,1,1
2025-09-05,-96.80875,32.06986,-79.20716,14.27084,0.7901584,2025,ES,0,0
2025-09-08,-16.52702,20.40423,-6.533938,10.38422,0.8724729,2025,ES,0,0
2025-09-09,12.29398,8.825448,13.44654,7.673419,0.8383506,2025,ES,1,1
2025-09-10,-20.60047,-0.7645552,-25.55984,4.207144,0.7964968,2025,ES,1,0
2025-09-11,52.22828,0.3792476,52.22828,0.3792476,0.7934995,2025,ES,1,1
2025-09-12,11.38131,-14.39994,18.58948,-21.58437,0.7384304,2025,ES,0,0
2025-09-15,14.75205,4.154706,5.295608,13.61007,0.7286865,2025,ES,1,1
2025-09-16,-19.23947,-4.15769,-12.82632,-10.57641,0.721615,2025,ES,1,1
2025-09-17,-5.248163,-7.876378,-34.8628,21.81846,0.7191731,2025,ES,1,0
2025-09-18,13.83333,-5.600358,21.68467,-13.43033,0.7523948,2025,ES,0,0
2025-09-19,7.454898,14.52622,14.9098,7.071609,0.7455674,2025,ES,1,1
2025-09-22,61.88488,6.298629,68.96809,-0.7404939,0.7753541,2025,ES,1,0
2025-09-23,-53.70171,2.606494,-69.99741,19.02133,0.7055069,2025,ES,0,0
2025-09-24,-59.08804,6.728972,-50.54071,-1.867553,0.7250898,2025,ES,0,1
2025-09-25,-35.28529,36.16364,-0.3753754,1.126168,0.7254564,2025,ES,0,0
2025-09-26,28.47082,5.603287,37.08699,-2.985855,0.6996172,2025,ES,1,0
2025-09-29,-22.31396,10.43647,-15.99167,4.097445,0.7158213,2025,ES,0,0
2025-09-30,-7.082417,52.59624,21.24725,24.17795,0.7150074,2025,ES,0,1
