0,0
2018-01-02 16:00:00-05:00,99813.4696
2018-01-03 16:00:00-05:00,100161.7278
2018-01-04 16:00:00-05:00,100370.9568
2018-01-05 16:00:00-05:00,100215.414
2018-01-08 16:00:00-05:00,100450.9408
2018-01-09 16:00:00-05:00,100450.9408
2018-01-10 16:00:00-05:00,100450.9408
2018-01-11 16:00:00-05:00,100450.9408
2018-01-12 16:00:00-05:00,100730.0198
2018-01-16 16:00:00-05:00,100911.4992
2018-01-17 16:00:00-05:00,101284.0947
2018-01-18 16:00:00-05:00,101284.0947
2018-01-19 16:00:00-05:00,101046.7568
2018-01-22 16:00:00-05:00,101046.7568
2018-01-23 16:00:00-05:00,101046.7568
2018-01-24 16:00:00-05:00,101046.7568
2018-01-25 16:00:00-05:00,101365.9439
2018-01-26 16:00:00-05:00,101365.9439
2018-01-29 16:00:00-05:00,101365.9439
2018-01-30 16:00:00-05:00,101013.4381
2018-01-31 16:00:00-05:00,101013.4381
2018-02-01 16:00:00-05:00,101389.6518
2018-02-02 16:00:00-05:00,101061.0869
2018-02-05 16:00:00-05:00,100501.3552
2018-02-06 16:00:00-05:00,99485.7662
2018-02-07 16:00:00-05:00,99095.2941
2018-02-08 16:00:00-05:00,99095.2941
2018-02-09 16:00:00-05:00,99095.2941
2018-02-12 16:00:00-05:00,98350.3723
2018-02-13 16:00:00-05:00,98350.3723
2018-02-14 16:00:00-05:00,98350.3723
2018-02-15 16:00:00-05:00,98350.3723
2018-02-16 16:00:00-05:00,98885.718
2018-02-20 16:00:00-05:00,98885.718
2018-02-21 16:00:00-05:00,98885.718
2018-02-22 16:00:00-05:00,98885.718
2018-02-23 16:00:00-05:00,98885.718
2018-02-26 16:00:00-05:00,98885.718
2018-02-27 16:00:00-05:00,98885.718
2018-02-28 16:00:00-05:00,98885.718
2018-03-01 16:00:00-05:00,98885.718
2018-03-02 16:00:00-05:00,98885.718
2018-03-05 16:00:00-05:00,98644.7329
2018-03-06 16:00:00-05:00,98644.7329
2018-03-07 16:00:00-05:00,98644.7329
2018-03-08 16:00:00-05:00,98644.7329
2018-03-09 16:00:00-05:00,98644.7329
2018-03-12 16:00:00-04:00,98644.7329
2018-03-13 16:00:00-04:00,98644.7329
2018-03-14 16:00:00-04:00,98644.7329
2018-03-15 16:00:00-04:00,98644.7329
2018-03-16 16:00:00-04:00,98424.0035
2018-03-19 16:00:00-04:00,98783.1699
2018-03-20 16:00:00-04:00,98314.2834
2018-03-21 16:00:00-04:00,98314.2834
2018-03-22 16:00:00-04:00,98666.2901
2018-03-23 16:00:00-04:00,98268.5425
2018-03-26 16:00:00-04:00,98268.5425
2018-03-27 16:00:00-04:00,98268.5425
2018-03-28 16:00:00-04:00,97666.5268
2018-03-29 16:00:00-04:00,97666.5268
2018-04-02 16:00:00-04:00,97666.5268
2018-04-03 16:00:00-04:00,97666.5268
2018-04-04 16:00:00-04:00,98212.492
2018-04-05 16:00:00-04:00,98212.492
2018-04-06 16:00:00-04:00,98212.492
2018-04-09 16:00:00-04:00,98212.492
2018-04-10 16:00:00-04:00,98212.492
2018-04-11 16:00:00-04:00,98212.492
2018-04-12 16:00:00-04:00,98212.492
2018-04-13 16:00:00-04:00,98212.492
2018-04-16 16:00:00-04:00,98212.492
2018-04-17 16:00:00-04:00,98212.492
2018-04-18 16:00:00-04:00,98212.492
2018-04-19 16:00:00-04:00,98212.492
2018-04-20 16:00:00-04:00,98212.492
2018-04-23 16:00:00-04:00,98212.492
2018-04-24 16:00:00-04:00,98212.492
2018-04-25 16:00:00-04:00,98212.492
2018-04-26 16:00:00-04:00,98212.492
2018-04-27 16:00:00-04:00,98582.3087
2018-04-30 16:00:00-04:00,98582.3087
2018-05-01 16:00:00-04:00,98582.3087
2018-05-02 16:00:00-04:00,98582.3087
2018-05-03 16:00:00-04:00,98313.1764
2018-05-04 16:00:00-04:00,98889.6517
2018-05-07 16:00:00-04:00,98889.6517
2018-05-08 16:00:00-04:00,98889.6517
2018-05-09 16:00:00-04:00,98889.6517
2018-05-10 16:00:00-04:00,98889.6517
2018-05-11 16:00:00-04:00,98889.6517
2018-05-14 16:00:00-04:00,98889.6517
2018-05-15 16:00:00-04:00,99329.0292
2018-05-16 16:00:00-04:00,99329.0292
2018-05-17 16:00:00-04:00,99329.0292
2018-05-18 16:00:00-04:00,99083.0077
2018-05-21 16:00:00-04:00,99083.0077
2018-05-22 16:00:00-04:00,99083.0077
2018-05-23 16:00:00-04:00,99083.0077
2018-05-24 16:00:00-04:00,98829.4205
2018-05-25 16:00:00-04:00,98810.466
2018-05-29 16:00:00-04:00,98553.1201
2018-05-30 16:00:00-04:00,98553.1201
2018-05-31 16:00:00-04:00,98407.3082
2018-06-01 16:00:00-04:00,98407.3082
2018-06-04 16:00:00-04:00,98407.3082
2018-06-05 16:00:00-04:00,98407.3082
2018-06-06 16:00:00-04:00,98407.3082
2018-06-07 16:00:00-04:00,98407.3082
2018-06-08 16:00:00-04:00,98407.3082
2018-06-11 16:00:00-04:00,98407.3082
2018-06-12 16:00:00-04:00,98407.3082
2018-06-13 16:00:00-04:00,98407.3082
2018-06-14 16:00:00-04:00,98664.3307
2018-06-15 16:00:00-04:00,98316.5773
2018-06-18 16:00:00-04:00,98316.5773
2018-06-19 16:00:00-04:00,97990.8348
2018-06-20 16:00:00-04:00,97764.4165
2018-06-21 16:00:00-04:00,97764.4165
2018-06-22 16:00:00-04:00,97764.4165
2018-06-25 16:00:00-04:00,97764.4165
2018-06-26 16:00:00-04:00,97764.4165
2018-06-27 16:00:00-04:00,97536.6607
2018-06-28 16:00:00-04:00,97791.7701
2018-06-29 16:00:00-04:00,97791.7701
2018-07-02 16:00:00-04:00,97454.9083
2018-07-05 16:00:00-04:00,97268.0761
2018-07-06 16:00:00-04:00,97268.0761
2018-07-09 16:00:00-04:00,97268.0761
2018-07-10 16:00:00-04:00,97268.0761
2018-07-11 16:00:00-04:00,97268.0761
2018-07-12 16:00:00-04:00,97268.0761
2018-07-13 16:00:00-04:00,97268.0761
2018-07-16 16:00:00-04:00,97268.0761
2018-07-17 16:00:00-04:00,97575.6135
2018-07-18 16:00:00-04:00,97575.6135
2018-07-19 16:00:00-04:00,97575.6135
2018-07-20 16:00:00-04:00,97290.2737
2018-07-23 16:00:00-04:00,97290.2737
2018-07-24 16:00:00-04:00,97290.2737
2018-07-25 16:00:00-04:00,97290.2737
2018-07-26 16:00:00-04:00,96938.2493
2018-07-27 16:00:00-04:00,96938.2493
2018-07-30 16:00:00-04:00,96938.2493
2018-07-31 16:00:00-04:00,96445.1425
2018-08-01 16:00:00-04:00,96445.1425
2018-08-02 16:00:00-04:00,96445.1425
2018-08-03 16:00:00-04:00,96445.1425
2018-08-06 16:00:00-04:00,96445.1425
2018-08-07 16:00:00-04:00,96445.1425
2018-08-08 16:00:00-04:00,96445.1425
2018-08-09 16:00:00-04:00,96445.1425
2018-08-10 16:00:00-04:00,96445.1425
2018-08-13 16:00:00-04:00,96445.1425
2018-08-14 16:00:00-04:00,96445.1425
2018-08-15 16:00:00-04:00,96445.1425
2018-08-16 16:00:00-04:00,96445.1425
2018-08-17 16:00:00-04:00,96445.1425
2018-08-20 16:00:00-04:00,96445.1425
2018-08-21 16:00:00-04:00,96445.1425
2018-08-22 16:00:00-04:00,96445.1425
2018-08-23 16:00:00-04:00,96445.1425
2018-08-24 16:00:00-04:00,96445.1425
2018-08-27 16:00:00-04:00,96445.1425
2018-08-28 16:00:00-04:00,96445.1425
2018-08-29 16:00:00-04:00,96445.1425
2018-08-30 16:00:00-04:00,96445.1425
2018-08-31 16:00:00-04:00,96445.1425
2018-09-04 16:00:00-04:00,96304.3775
2018-09-05 16:00:00-04:00,96558.2687
2018-09-06 16:00:00-04:00,96415.5455
2018-09-07 16:00:00-04:00,96715.779
2018-09-10 16:00:00-04:00,97068.5502
2018-09-11 16:00:00-04:00,96801.6194
2018-09-12 16:00:00-04:00,96631.8977
2018-09-13 16:00:00-04:00,96740.2736
2018-09-14 16:00:00-04:00,96740.2736
2018-09-17 16:00:00-04:00,96740.2736
2018-09-18 16:00:00-04:00,96740.2736
2018-09-19 16:00:00-04:00,96740.2736
2018-09-20 16:00:00-04:00,96740.2736
2018-09-21 16:00:00-04:00,97229.0525
2018-09-24 16:00:00-04:00,97229.0525
2018-09-25 16:00:00-04:00,96950.7051
2018-09-26 16:00:00-04:00,96950.7051
2018-09-27 16:00:00-04:00,96950.7051
2018-09-28 16:00:00-04:00,96752.0305
2018-10-01 16:00:00-04:00,96752.0305
2018-10-02 16:00:00-04:00,96752.0305
2018-10-03 16:00:00-04:00,96752.0305
2018-10-04 16:00:00-04:00,96752.0305
2018-10-05 16:00:00-04:00,96333.5986
2018-10-08 16:00:00-04:00,95946.5449
2018-10-09 16:00:00-04:00,95730.4301
2018-10-10 16:00:00-04:00,96075.7166
2018-10-11 16:00:00-04:00,95527.6207
2018-10-12 16:00:00-04:00,95155.0794
2018-10-15 16:00:00-04:00,94890.4949
2018-10-16 16:00:00-04:00,94890.4949
2018-10-17 16:00:00-04:00,95346.1645
2018-10-18 16:00:00-04:00,95346.1645
2018-10-19 16:00:00-04:00,95856.3638
2018-10-22 16:00:00-04:00,95856.3638
2018-10-23 16:00:00-04:00,95509.6444
2018-10-24 16:00:00-04:00,95509.6444
2018-10-25 16:00:00-04:00,95025.2549
2018-10-26 16:00:00-04:00,94265.5993
2018-10-29 16:00:00-04:00,94265.5993
2018-10-30 16:00:00-04:00,95417.2585
2018-10-31 16:00:00-04:00,95417.2585
2018-11-01 16:00:00-04:00,95417.2585
2018-11-02 16:00:00-04:00,95053.0133
2018-11-05 16:00:00-05:00,95053.0133
2018-11-06 16:00:00-05:00,95053.0133
2018-11-07 16:00:00-05:00,95053.0133
2018-11-08 16:00:00-05:00,95053.0133
2018-11-09 16:00:00-05:00,95053.0133
2018-11-12 16:00:00-05:00,95053.0133
2018-11-13 16:00:00-05:00,95053.0133
2018-11-14 16:00:00-05:00,95053.0133
2018-11-15 16:00:00-05:00,94511.8374
2018-11-16 16:00:00-05:00,94182.1438
2018-11-19 16:00:00-05:00,94182.1438
2018-11-20 16:00:00-05:00,93677.2913
2018-11-21 16:00:00-05:00,93677.2913
2018-11-26 16:00:00-05:00,93677.2913
2018-11-27 16:00:00-05:00,93677.2913
2018-11-28 16:00:00-05:00,93677.2913
2018-11-29 16:00:00-05:00,93677.2913
2018-11-30 16:00:00-05:00,93677.2913
2018-12-03 16:00:00-05:00,93677.2913
2018-12-04 16:00:00-05:00,93677.2913
2018-12-06 16:00:00-05:00,93208.0867
2018-12-07 16:00:00-05:00,93208.0867
2018-12-10 16:00:00-05:00,93208.0867
2018-12-11 16:00:00-05:00,93208.0867
2018-12-12 16:00:00-05:00,93208.0867
2018-12-13 16:00:00-05:00,93208.0867
2018-12-14 16:00:00-05:00,93208.0867
2018-12-17 16:00:00-05:00,93208.0867
2018-12-18 16:00:00-05:00,93208.0867
2018-12-19 16:00:00-05:00,93208.0867
2018-12-20 16:00:00-05:00,92826.5649
2018-12-21 16:00:00-05:00,94208.7276
2018-12-26 16:00:00-05:00,93549.8718
2018-12-27 16:00:00-05:00,93549.8718
2018-12-28 16:00:00-05:00,93549.8718
2018-12-31 16:00:00-05:00,93549.8718
2019-01-02 16:00:00-05:00,93549.8718
2019-01-03 16:00:00-05:00,93549.8718
2019-01-04 16:00:00-05:00,93549.8718
2019-01-07 16:00:00-05:00,93549.8718
2019-01-08 16:00:00-05:00,93549.8718
2019-01-09 16:00:00-05:00,93549.8718
2019-01-10 16:00:00-05:00,93549.8718
2019-01-11 16:00:00-05:00,93549.8718
2019-01-14 16:00:00-05:00,93549.8718
2019-01-15 16:00:00-05:00,93549.8718
2019-01-16 16:00:00-05:00,93549.8718
2019-01-17 16:00:00-05:00,93549.8718
2019-01-18 16:00:00-05:00,93053.9125
2019-01-22 16:00:00-05:00,93053.9125
2019-01-23 16:00:00-05:00,93053.9125
2019-01-24 16:00:00-05:00,92840.9272
2019-01-25 16:00:00-05:00,92840.9272
2019-01-28 16:00:00-05:00,92457.8664
2019-01-29 16:00:00-05:00,92457.8664
2019-01-30 16:00:00-05:00,92457.8664
2019-01-31 16:00:00-05:00,92775.4656
2019-02-01 16:00:00-05:00,93188.2303
2019-02-04 16:00:00-05:00,93188.2303
2019-02-05 16:00:00-05:00,93188.2303
2019-02-06 16:00:00-05:00,93188.2303
2019-02-07 16:00:00-05:00,93188.2303
2019-02-08 16:00:00-05:00,93188.2303
2019-02-11 16:00:00-05:00,93188.2303
2019-02-12 16:00:00-05:00,93188.2303
2019-02-13 16:00:00-05:00,93188.2303
2019-02-14 16:00:00-05:00,92913.4104
2019-02-15 16:00:00-05:00,92711.0334
2019-02-19 16:00:00-05:00,92711.0334
2019-02-20 16:00:00-05:00,92711.0334
2019-02-21 16:00:00-05:00,92711.0334
2019-02-22 16:00:00-05:00,92711.0334
2019-02-25 16:00:00-05:00,92711.0334
2019-02-26 16:00:00-05:00,92711.0334
2019-02-27 16:00:00-05:00,92711.0334
2019-02-28 16:00:00-05:00,92711.0334
2019-03-01 16:00:00-05:00,92711.0334
2019-03-04 16:00:00-05:00,92711.0334
2019-03-05 16:00:00-05:00,92711.0334
2019-03-06 16:00:00-05:00,92711.0334
2019-03-07 16:00:00-05:00,93008.5941
2019-03-08 16:00:00-05:00,93008.5941
2019-03-11 16:00:00-04:00,93008.5941
2019-03-12 16:00:00-04:00,93008.5941
2019-03-13 16:00:00-04:00,93008.5941
2019-03-14 16:00:00-04:00,93008.5941
2019-03-15 16:00:00-04:00,93365.1987
2019-03-18 16:00:00-04:00,93365.1987
2019-03-19 16:00:00-04:00,93365.1987
2019-03-20 16:00:00-04:00,93365.1987
2019-03-21 16:00:00-04:00,93365.1987
2019-03-22 16:00:00-04:00,93526.805
2019-03-25 16:00:00-04:00,93218.9156
2019-03-26 16:00:00-04:00,93490.905
2019-03-27 16:00:00-04:00,93490.905
2019-03-28 16:00:00-04:00,93136.4149
2019-03-29 16:00:00-04:00,93136.4149
2019-04-01 16:00:00-04:00,93136.4149
2019-04-02 16:00:00-04:00,93136.4149
2019-04-03 16:00:00-04:00,93136.4149
2019-04-04 16:00:00-04:00,93136.4149
2019-04-05 16:00:00-04:00,93136.4149
2019-04-08 16:00:00-04:00,93136.4149
2019-04-09 16:00:00-04:00,93136.4149
2019-04-10 16:00:00-04:00,93136.4149
2019-04-11 16:00:00-04:00,93136.4149
2019-04-12 16:00:00-04:00,93136.4149
2019-04-15 16:00:00-04:00,93136.4149
2019-04-16 16:00:00-04:00,93136.4149
2019-04-17 16:00:00-04:00,93265.3934
2019-04-18 16:00:00-04:00,93127.0214
2019-04-22 16:00:00-04:00,93127.0214
2019-04-23 16:00:00-04:00,93363.4747
2019-04-24 16:00:00-04:00,93363.4747
2019-04-25 16:00:00-04:00,93583.8666
2019-04-26 16:00:00-04:00,93909.3642
2019-04-29 16:00:00-04:00,93909.3642
2019-04-30 16:00:00-04:00,93909.3642
2019-05-01 16:00:00-04:00,93909.3642
2019-05-02 16:00:00-04:00,93909.3642
2019-05-03 16:00:00-04:00,93909.3642
2019-05-06 16:00:00-04:00,94304.7921
2019-05-07 16:00:00-04:00,93988.303
2019-05-08 16:00:00-04:00,93690.9449
2019-05-09 16:00:00-04:00,93428.762
2019-05-10 16:00:00-04:00,93428.762
2019-05-13 16:00:00-04:00,93428.762
2019-05-14 16:00:00-04:00,93428.762
2019-05-15 16:00:00-04:00,93892.4491
2019-05-16 16:00:00-04:00,93892.4491
2019-05-17 16:00:00-04:00,94329.8299
2019-05-20 16:00:00-04:00,94329.8299
2019-05-21 16:00:00-04:00,94329.8299
2019-05-22 16:00:00-04:00,94329.8299
2019-05-23 16:00:00-04:00,94329.8299
2019-05-24 16:00:00-04:00,94329.8299
2019-05-28 16:00:00-04:00,94329.8299
2019-05-29 16:00:00-04:00,94329.8299
2019-05-30 16:00:00-04:00,94329.8299
2019-05-31 16:00:00-04:00,94329.8299
2019-06-03 16:00:00-04:00,94329.8299
2019-06-04 16:00:00-04:00,94329.8299
2019-06-05 16:00:00-04:00,94887.2723
2019-06-06 16:00:00-04:00,94887.2723
2019-06-07 16:00:00-04:00,94887.2723
2019-06-10 16:00:00-04:00,94887.2723
2019-06-11 16:00:00-04:00,94887.2723
2019-06-12 16:00:00-04:00,94887.2723
2019-06-13 16:00:00-04:00,94887.2723
2019-06-14 16:00:00-04:00,94887.2723
2019-06-17 16:00:00-04:00,94887.2723
2019-06-18 16:00:00-04:00,94887.2723
2019-06-19 16:00:00-04:00,94887.2723
2019-06-20 16:00:00-04:00,95250.1532
2019-06-21 16:00:00-04:00,94998.6793
2019-06-24 16:00:00-04:00,94998.6793
2019-06-25 16:00:00-04:00,94998.6793
2019-06-26 16:00:00-04:00,94998.6793
2019-06-27 16:00:00-04:00,94998.6793
2019-06-28 16:00:00-04:00,94998.6793
2019-07-01 16:00:00-04:00,94998.6793
2019-07-02 16:00:00-04:00,94998.6793
2019-07-05 16:00:00-04:00,94793.2556
2019-07-08 16:00:00-04:00,94793.2556
2019-07-09 16:00:00-04:00,94793.2556
2019-07-10 16:00:00-04:00,95033.7387
2019-07-11 16:00:00-04:00,94836.6605
2019-07-12 16:00:00-04:00,94836.6605
2019-07-15 16:00:00-04:00,94836.6605
2019-07-16 16:00:00-04:00,94836.6605
2019-07-17 16:00:00-04:00,94670.2191
2019-07-18 16:00:00-04:00,94670.2191
2019-07-19 16:00:00-04:00,95069.3099
2019-07-22 16:00:00-04:00,95069.3099
2019-07-23 16:00:00-04:00,95069.3099
2019-07-24 16:00:00-04:00,95069.3099
2019-07-25 16:00:00-04:00,95321.223
2019-07-26 16:00:00-04:00,95321.223
2019-07-29 16:00:00-04:00,95321.223
2019-07-30 16:00:00-04:00,95593.214
2019-07-31 16:00:00-04:00,95593.214
2019-08-01 16:00:00-04:00,96095.3944
2019-08-02 16:00:00-04:00,96567.8696
2019-08-05 16:00:00-04:00,97071.224
2019-08-06 16:00:00-04:00,96755.4907
2019-08-07 16:00:00-04:00,96185.9083
2019-08-08 16:00:00-04:00,96185.9083
2019-08-09 16:00:00-04:00,96185.9083
2019-08-12 16:00:00-04:00,96185.9083
2019-08-13 16:00:00-04:00,96579.5313
2019-08-14 16:00:00-04:00,96222.6053
2019-08-15 16:00:00-04:00,97028.713
2019-08-16 16:00:00-04:00,97579.2679
2019-08-19 16:00:00-04:00,97579.2679
2019-08-20 16:00:00-04:00,97579.2679
2019-08-21 16:00:00-04:00,97579.2679
2019-08-22 16:00:00-04:00,97579.2679
2019-08-23 16:00:00-04:00,97579.2679
2019-08-26 16:00:00-04:00,97579.2679
2019-08-27 16:00:00-04:00,97579.2679
2019-08-28 16:00:00-04:00,97579.2679
2019-08-29 16:00:00-04:00,97579.2679
2019-08-30 16:00:00-04:00,97579.2679
2019-09-03 16:00:00-04:00,97579.2679
2019-09-04 16:00:00-04:00,97579.2679
2019-09-05 16:00:00-04:00,97579.2679
2019-09-06 16:00:00-04:00,97579.2679
2019-09-09 16:00:00-04:00,97579.2679
2019-09-10 16:00:00-04:00,97579.2679
2019-09-11 16:00:00-04:00,97579.2679
2019-09-12 16:00:00-04:00,97579.2679
2019-09-13 16:00:00-04:00,97579.2679
2019-09-16 16:00:00-04:00,97579.2679
2019-09-17 16:00:00-04:00,97579.2679
2019-09-18 16:00:00-04:00,97579.2679
2019-09-19 16:00:00-04:00,97579.2679
2019-09-20 16:00:00-04:00,97964.4516
2019-09-23 16:00:00-04:00,97699.5904
2019-09-24 16:00:00-04:00,97699.5904
2019-09-25 16:00:00-04:00,97699.5904
2019-09-26 16:00:00-04:00,97699.5904
2019-09-27 16:00:00-04:00,97699.5904
2019-09-30 16:00:00-04:00,97699.5904
2019-10-01 16:00:00-04:00,97699.5904
2019-10-02 16:00:00-04:00,98129.571
2019-10-03 16:00:00-04:00,98129.571
2019-10-04 16:00:00-04:00,98604.9428
2019-10-07 16:00:00-04:00,98604.9428
2019-10-08 16:00:00-04:00,98604.9428
2019-10-09 16:00:00-04:00,98604.9428
2019-10-10 16:00:00-04:00,98967.5014
2019-10-11 16:00:00-04:00,98967.5014
2019-10-14 16:00:00-04:00,98886.3688
2019-10-15 16:00:00-04:00,98886.3688
2019-10-16 16:00:00-04:00,98886.3688
2019-10-17 16:00:00-04:00,98886.3688
2019-10-18 16:00:00-04:00,98613.3451
2019-10-21 16:00:00-04:00,98613.3451
2019-10-22 16:00:00-04:00,98613.3451
2019-10-23 16:00:00-04:00,98613.3451
2019-10-24 16:00:00-04:00,98613.3451
2019-10-25 16:00:00-04:00,98613.3451
2019-10-28 16:00:00-04:00,98613.3451
2019-10-29 16:00:00-04:00,98613.3451
2019-10-30 16:00:00-04:00,98613.3451
2019-10-31 16:00:00-04:00,99058.6026
2019-11-01 16:00:00-04:00,98857.5878
2019-11-04 16:00:00-05:00,98857.5878
2019-11-05 16:00:00-05:00,98857.5878
2019-11-06 16:00:00-05:00,98857.5878
2019-11-07 16:00:00-05:00,98857.5878
2019-11-08 16:00:00-05:00,98857.5878
2019-11-11 16:00:00-05:00,98857.5878
2019-11-12 16:00:00-05:00,98857.5878
2019-11-13 16:00:00-05:00,98857.5878
2019-11-14 16:00:00-05:00,98857.5878
2019-11-15 16:00:00-05:00,98661.1562
2019-11-18 16:00:00-05:00,98661.1562
2019-11-19 16:00:00-05:00,98661.1562
2019-11-20 16:00:00-05:00,98421.1713
2019-11-21 16:00:00-05:00,98421.1713
2019-11-22 16:00:00-05:00,98421.1713
2019-11-25 16:00:00-05:00,98421.1713
2019-11-26 16:00:00-05:00,98421.1713
2019-11-27 16:00:00-05:00,98421.1713
2019-12-02 16:00:00-05:00,98703.7524
2019-12-03 16:00:00-05:00,98457.0921
2019-12-04 16:00:00-05:00,98457.0921
2019-12-05 16:00:00-05:00,98457.0921
2019-12-06 16:00:00-05:00,98339.4089
2019-12-09 16:00:00-05:00,98339.4089
2019-12-10 16:00:00-05:00,98339.4089
2019-12-11 16:00:00-05:00,98339.4089
2019-12-12 16:00:00-05:00,98180.9099
2019-12-13 16:00:00-05:00,98656.5672
2019-12-16 16:00:00-05:00,98656.5672
2019-12-17 16:00:00-05:00,98656.5672
2019-12-18 16:00:00-05:00,98656.5672
2019-12-19 16:00:00-05:00,98656.5672
2019-12-20 16:00:00-05:00,98542.6112
2019-12-23 16:00:00-05:00,98542.6112
2019-12-26 16:00:00-05:00,98542.6112
2019-12-27 16:00:00-05:00,98542.6112
2019-12-30 16:00:00-05:00,98542.6112
2019-12-31 16:00:00-05:00,98542.6112
2020-01-02 16:00:00-05:00,98332.5956
2020-01-03 16:00:00-05:00,98723.665
2020-01-06 16:00:00-05:00,99151.5159
2020-01-07 16:00:00-05:00,98907.6715
2020-01-08 16:00:00-05:00,98907.6715
2020-01-09 16:00:00-05:00,98670.6438
2020-01-10 16:00:00-05:00,98867.9066
2020-01-13 16:00:00-05:00,98867.9066
2020-01-14 16:00:00-05:00,98561.4042
2020-01-15 16:00:00-05:00,98561.4042
2020-01-16 16:00:00-05:00,98561.4042
2020-01-17 16:00:00-05:00,98916.7833
2020-01-21 16:00:00-05:00,98916.7833
2020-01-22 16:00:00-05:00,98916.7833
2020-01-23 16:00:00-05:00,98640.5324
2020-01-24 16:00:00-05:00,98640.5324
2020-01-27 16:00:00-05:00,98197.9449
2020-01-28 16:00:00-05:00,98197.9449
2020-01-29 16:00:00-05:00,98197.9449
2020-01-30 16:00:00-05:00,98197.9449
2020-01-31 16:00:00-05:00,98708.4217
2020-02-03 16:00:00-05:00,98708.4217
2020-02-04 16:00:00-05:00,98477.9789
2020-02-05 16:00:00-05:00,98477.9789
2020-02-06 16:00:00-05:00,98477.9789
2020-02-07 16:00:00-05:00,98477.9789
2020-02-10 16:00:00-05:00,98477.9789
2020-02-11 16:00:00-05:00,98477.9789
2020-02-12 16:00:00-05:00,98477.9789
2020-02-13 16:00:00-05:00,98477.9789
2020-02-14 16:00:00-05:00,98477.9789
2020-02-18 16:00:00-05:00,98477.9789
2020-02-19 16:00:00-05:00,98477.9789
2020-02-20 16:00:00-05:00,98477.9789
2020-02-21 16:00:00-05:00,98902.0188
2020-02-24 16:00:00-05:00,98241.9403
2020-02-25 16:00:00-05:00,97837.0599
2020-02-26 16:00:00-05:00,98388.9266
2020-02-27 16:00:00-05:00,97957.7591
2020-02-28 16:00:00-05:00,99416.6244
2020-03-02 16:00:00-05:00,98622.3568
2020-03-03 16:00:00-05:00,99613.5578
2020-03-04 16:00:00-05:00,99613.5578
2020-03-05 16:00:00-05:00,100552.1505
2020-03-06 16:00:00-05:00,102049.9236
2020-03-09 16:00:00-04:00,102049.9236
2020-03-10 16:00:00-04:00,102049.9236
2020-03-11 16:00:00-04:00,102049.9236
2020-03-12 16:00:00-04:00,102049.9236
2020-03-13 16:00:00-04:00,102049.9236
2020-03-16 16:00:00-04:00,102049.9236
2020-03-17 16:00:00-04:00,102049.9236
2020-03-18 16:00:00-04:00,102049.9236
2020-03-19 16:00:00-04:00,102049.9236
2020-03-20 16:00:00-04:00,102049.9236
2020-03-23 16:00:00-04:00,102049.9236
2020-03-24 16:00:00-04:00,102049.9236
2020-03-25 16:00:00-04:00,102049.9236
2020-03-26 16:00:00-04:00,102049.9236
2020-03-27 16:00:00-04:00,102049.9236
2020-03-30 16:00:00-04:00,102049.9236
2020-03-31 16:00:00-04:00,102049.9236
2020-04-01 16:00:00-04:00,102049.9236
2020-04-02 16:00:00-04:00,103570.1056
2020-04-03 16:00:00-04:00,103570.1056
2020-04-06 16:00:00-04:00,103570.1056
2020-04-07 16:00:00-04:00,103147.1882
2020-04-08 16:00:00-04:00,103147.1882
2020-04-09 16:00:00-04:00,102475.9745
2020-04-13 16:00:00-04:00,102475.9745
2020-04-14 16:00:00-04:00,102475.9745
2020-04-15 16:00:00-04:00,102475.9745
2020-04-16 16:00:00-04:00,102475.9745
2020-04-17 16:00:00-04:00,103125.9136
2020-04-20 16:00:00-04:00,103125.9136
2020-04-21 16:00:00-04:00,103125.9136
2020-04-22 16:00:00-04:00,103125.9136
2020-04-23 16:00:00-04:00,103125.9136
2020-04-24 16:00:00-04:00,103125.9136
2020-04-27 16:00:00-04:00,103125.9136
2020-04-28 16:00:00-04:00,103125.9136
2020-04-29 16:00:00-04:00,103125.9136
2020-04-30 16:00:00-04:00,103634.2633
2020-05-01 16:00:00-04:00,103634.2633
2020-05-04 16:00:00-04:00,103634.2633
2020-05-05 16:00:00-04:00,103634.2633
2020-05-06 16:00:00-04:00,103634.2633
2020-05-07 16:00:00-04:00,103634.2633
2020-05-08 16:00:00-04:00,103315.9228
2020-05-11 16:00:00-04:00,103315.9228
2020-05-12 16:00:00-04:00,103315.9228
2020-05-13 16:00:00-04:00,102972.64
2020-05-14 16:00:00-04:00,102972.64
2020-05-15 16:00:00-04:00,103631.333
2020-05-18 16:00:00-04:00,103631.333
2020-05-19 16:00:00-04:00,103631.333
2020-05-20 16:00:00-04:00,103631.333
2020-05-21 16:00:00-04:00,103631.333
2020-05-22 16:00:00-04:00,103631.333
2020-05-26 16:00:00-04:00,103631.333
2020-05-27 16:00:00-04:00,104404.6015
2020-05-28 16:00:00-04:00,104404.6015
2020-05-29 16:00:00-04:00,104404.6015
2020-06-01 16:00:00-04:00,104404.6015
2020-06-02 16:00:00-04:00,104404.6015
2020-06-03 16:00:00-04:00,104404.6015
2020-06-04 16:00:00-04:00,104404.6015
2020-06-05 16:00:00-04:00,104032.6912
2020-06-08 16:00:00-04:00,104032.6912
2020-06-09 16:00:00-04:00,104032.6912
2020-06-10 16:00:00-04:00,104032.6912
2020-06-11 16:00:00-04:00,103718.5112
2020-06-12 16:00:00-04:00,103718.5112
2020-06-15 16:00:00-04:00,103718.5112
2020-06-16 16:00:00-04:00,103718.5112
2020-06-17 16:00:00-04:00,103718.5112
2020-06-18 16:00:00-04:00,103718.5112
2020-06-19 16:00:00-04:00,104358.8377
2020-06-22 16:00:00-04:00,104358.8377
2020-06-23 16:00:00-04:00,104358.8377
2020-06-24 16:00:00-04:00,104715.6766
2020-06-25 16:00:00-04:00,104715.6766
2020-06-26 16:00:00-04:00,104715.6766
2020-06-29 16:00:00-04:00,104715.6766
2020-06-30 16:00:00-04:00,104715.6766
2020-07-01 16:00:00-04:00,104715.6766
2020-07-02 16:00:00-04:00,104715.6766
2020-07-06 16:00:00-04:00,104715.6766
2020-07-07 16:00:00-04:00,104715.6766
2020-07-08 16:00:00-04:00,104715.6766
2020-07-09 16:00:00-04:00,104715.6766
2020-07-10 16:00:00-04:00,104564.1787
2020-07-13 16:00:00-04:00,104870.2764
2020-07-14 16:00:00-04:00,105382.2877
2020-07-15 16:00:00-04:00,105123.5673
2020-07-16 16:00:00-04:00,105123.5673
2020-07-17 16:00:00-04:00,105526.3639
2020-07-20 16:00:00-04:00,105526.3639
2020-07-21 16:00:00-04:00,106148.8357
2020-07-22 16:00:00-04:00,105756.2078
2020-07-23 16:00:00-04:00,105756.2078
2020-07-24 16:00:00-04:00,106564.431
2020-07-27 16:00:00-04:00,106564.431
2020-07-28 16:00:00-04:00,106564.431
2020-07-29 16:00:00-04:00,106564.431
2020-07-30 16:00:00-04:00,106564.431
2020-07-31 16:00:00-04:00,106564.431
2020-08-03 16:00:00-04:00,106564.431
2020-08-04 16:00:00-04:00,106564.431
2020-08-05 16:00:00-04:00,106564.431
2020-08-06 16:00:00-04:00,106564.431
2020-08-07 16:00:00-04:00,106564.431
2020-08-10 16:00:00-04:00,106564.431
2020-08-11 16:00:00-04:00,106564.431
2020-08-12 16:00:00-04:00,106564.431
2020-08-13 16:00:00-04:00,106564.431
2020-08-14 16:00:00-04:00,106564.431
2020-08-17 16:00:00-04:00,106564.431
2020-08-18 16:00:00-04:00,106564.431
2020-08-19 16:00:00-04:00,106564.431
2020-08-20 16:00:00-04:00,106564.431
2020-08-21 16:00:00-04:00,106205.294
2020-08-24 16:00:00-04:00,106205.294
2020-08-25 16:00:00-04:00,105864.5193
2020-08-26 16:00:00-04:00,106084.4861
2020-08-27 16:00:00-04:00,105371.004
2020-08-28 16:00:00-04:00,105371.004
2020-08-31 16:00:00-04:00,105942.8979
2020-09-01 16:00:00-04:00,105623.1418
2020-09-02 16:00:00-04:00,105623.1418
2020-09-03 16:00:00-04:00,106459.3629
2020-09-04 16:00:00-04:00,105786.4989
2020-09-08 16:00:00-04:00,105242.1503
2020-09-09 16:00:00-04:00,105242.1503
2020-09-10 16:00:00-04:00,105242.1503
2020-09-11 16:00:00-04:00,105242.1503
2020-09-14 16:00:00-04:00,105242.1503
2020-09-15 16:00:00-04:00,105242.1503
2020-09-16 16:00:00-04:00,105242.1503
2020-09-17 16:00:00-04:00,106403.5707
2020-09-18 16:00:00-04:00,107279.7898
2020-09-21 16:00:00-04:00,107279.7898
2020-09-22 16:00:00-04:00,107279.7898
2020-09-23 16:00:00-04:00,107279.7898
2020-09-24 16:00:00-04:00,108579.0092
2020-09-25 16:00:00-04:00,108579.0092
2020-09-28 16:00:00-04:00,109141.9093
2020-09-29 16:00:00-04:00,109141.9093
2020-09-30 16:00:00-04:00,109141.9093
2020-10-01 16:00:00-04:00,109141.9093
2020-10-02 16:00:00-04:00,109947.7572
2020-10-05 16:00:00-04:00,109947.7572
2020-10-06 16:00:00-04:00,109947.7572
2020-10-07 16:00:00-04:00,109947.7572
2020-10-08 16:00:00-04:00,109947.7572
2020-10-09 16:00:00-04:00,109775.7491
2020-10-12 16:00:00-04:00,109291.6638
2020-10-13 16:00:00-04:00,109896.9993
2020-10-14 16:00:00-04:00,109896.9993
2020-10-15 16:00:00-04:00,109896.9993
2020-10-16 16:00:00-04:00,109563.9506
2020-10-19 16:00:00-04:00,109563.9506
2020-10-20 16:00:00-04:00,109563.9506
2020-10-21 16:00:00-04:00,109563.9506
2020-10-22 16:00:00-04:00,109563.9506
2020-10-23 16:00:00-04:00,109563.9506
2020-10-26 16:00:00-04:00,109563.9506
2020-10-27 16:00:00-04:00,109563.9506
2020-10-28 16:00:00-04:00,109317.9384
2020-10-29 16:00:00-04:00,109317.9384
2020-10-30 16:00:00-04:00,109317.9384
2020-11-02 16:00:00-05:00,109317.9384
2020-11-03 16:00:00-05:00,109317.9384
2020-11-04 16:00:00-05:00,108791.5417
2020-11-05 16:00:00-05:00,108791.5417
2020-11-06 16:00:00-05:00,109545.7628
2020-11-09 16:00:00-05:00,108671.8623
2020-11-10 16:00:00-05:00,108317.64
2020-11-11 16:00:00-05:00,108317.64
2020-11-12 16:00:00-05:00,108317.64
2020-11-13 16:00:00-05:00,108317.64
2020-11-16 16:00:00-05:00,107908.3914
2020-11-17 16:00:00-05:00,107908.3914
2020-11-18 16:00:00-05:00,107908.3914
2020-11-19 16:00:00-05:00,107908.3914
2020-11-20 16:00:00-05:00,107908.3914
2020-11-23 16:00:00-05:00,107908.3914
2020-11-24 16:00:00-05:00,107908.3914
2020-11-25 16:00:00-05:00,107908.3914
2020-11-30 16:00:00-05:00,107908.3914
2020-12-01 16:00:00-05:00,107908.3914
2020-12-02 16:00:00-05:00,107908.3914
2020-12-03 16:00:00-05:00,107908.3914
2020-12-04 16:00:00-05:00,107908.3914
2020-12-07 16:00:00-05:00,107908.3914
2020-12-08 16:00:00-05:00,107908.3914
2020-12-09 16:00:00-05:00,107908.3914
2020-12-10 16:00:00-05:00,107616.2067
2020-12-11 16:00:00-05:00,107616.2067
2020-12-14 16:00:00-05:00,107616.2067
2020-12-15 16:00:00-05:00,107616.2067
2020-12-16 16:00:00-05:00,107616.2067
2020-12-17 16:00:00-05:00,107616.2067
2020-12-18 16:00:00-05:00,107875.1685
2020-12-21 16:00:00-05:00,107518.015
2020-12-22 16:00:00-05:00,107181.2634
2020-12-23 16:00:00-05:00,107181.2634
2020-12-28 16:00:00-05:00,107181.2634
2020-12-29 16:00:00-05:00,107181.2634
2020-12-30 16:00:00-05:00,107181.2634
2020-12-31 16:00:00-05:00,107181.2634
2021-01-04 16:00:00-05:00,107181.2634
2021-01-05 16:00:00-05:00,107181.2634
2021-01-06 16:00:00-05:00,106716.0845
2021-01-07 16:00:00-05:00,106716.0845
2021-01-08 16:00:00-05:00,106716.0845
2021-01-11 16:00:00-05:00,106389.7098
2021-01-12 16:00:00-05:00,106141.9949
2021-01-13 16:00:00-05:00,106141.9949
2021-01-14 16:00:00-05:00,106141.9949
2021-01-15 16:00:00-05:00,105800.5256
2021-01-19 16:00:00-05:00,105800.5256
2021-01-20 16:00:00-05:00,105654.7508
2021-01-21 16:00:00-05:00,105654.7508
2021-01-22 16:00:00-05:00,105420.4912
2021-01-25 16:00:00-05:00,105420.4912
2021-01-26 16:00:00-05:00,105420.4912
2021-01-27 16:00:00-05:00,106324.9222
2021-01-28 16:00:00-05:00,105879.1036
2021-01-29 16:00:00-05:00,105879.1036
2021-02-01 16:00:00-05:00,105879.1036
2021-02-02 16:00:00-05:00,105879.1036
2021-02-03 16:00:00-05:00,105879.1036
2021-02-04 16:00:00-05:00,105879.1036
2021-02-05 16:00:00-05:00,105879.1036
2021-02-08 16:00:00-05:00,105879.1036
2021-02-09 16:00:00-05:00,105879.1036
2021-02-10 16:00:00-05:00,105879.1036
2021-02-11 16:00:00-05:00,105879.1036
2021-02-12 16:00:00-05:00,105879.1036
2021-02-16 16:00:00-05:00,105707.7273
2021-02-17 16:00:00-05:00,105460.2821
2021-02-18 16:00:00-05:00,105235.533
2021-02-19 16:00:00-05:00,105707.6646
2021-02-22 16:00:00-05:00,105407.163
2021-02-23 16:00:00-05:00,105894.5902
2021-02-24 16:00:00-05:00,105123.0111
2021-02-25 16:00:00-05:00,105528.929
2021-02-26 16:00:00-05:00,105084.8072
2021-03-01 16:00:00-05:00,105084.8072
2021-03-02 16:00:00-05:00,105084.8072
2021-03-03 16:00:00-05:00,104469.6544
2021-03-04 16:00:00-05:00,104469.6544
2021-03-05 16:00:00-05:00,105389.893
2021-03-08 16:00:00-05:00,105389.893
2021-03-09 16:00:00-05:00,105389.893
2021-03-10 16:00:00-05:00,106083.024
2021-03-11 16:00:00-05:00,106083.024
2021-03-12 16:00:00-05:00,106083.024
2021-03-15 16:00:00-04:00,106083.024
2021-03-16 16:00:00-04:00,106083.024
2021-03-17 16:00:00-04:00,106083.024
2021-03-18 16:00:00-04:00,106083.024
2021-03-19 16:00:00-04:00,105619.3485
2021-03-22 16:00:00-04:00,105619.3485
2021-03-23 16:00:00-04:00,105619.3485
2021-03-24 16:00:00-04:00,105619.3485
2021-03-25 16:00:00-04:00,105619.3485
2021-03-26 16:00:00-04:00,105619.3485
2021-03-29 16:00:00-04:00,105619.3485
2021-03-30 16:00:00-04:00,105619.3485
2021-03-31 16:00:00-04:00,105619.3485
2021-04-01 16:00:00-04:00,105619.3485
2021-04-05 16:00:00-04:00,105619.3485
2021-04-06 16:00:00-04:00,105619.3485
2021-04-07 16:00:00-04:00,105619.3485
2021-04-08 16:00:00-04:00,105619.3485
2021-04-09 16:00:00-04:00,106011.7157
2021-04-12 16:00:00-04:00,106011.7157
2021-04-13 16:00:00-04:00,106011.7157
2021-04-14 16:00:00-04:00,106011.7157
2021-04-15 16:00:00-04:00,106011.7157
2021-04-16 16:00:00-04:00,106347.8883
2021-04-19 16:00:00-04:00,106347.8883
2021-04-20 16:00:00-04:00,106347.8883
2021-04-21 16:00:00-04:00,106347.8883
2021-04-22 16:00:00-04:00,106347.8883
2021-04-23 16:00:00-04:00,106347.8883
2021-04-26 16:00:00-04:00,106347.8883
2021-04-27 16:00:00-04:00,106347.8883
2021-04-28 16:00:00-04:00,106347.8883
2021-04-29 16:00:00-04:00,106347.8883
2021-04-30 16:00:00-04:00,106347.8883
2021-05-03 16:00:00-04:00,106347.8883
2021-05-04 16:00:00-04:00,106347.8883
2021-05-05 16:00:00-04:00,106347.8883
2021-05-06 16:00:00-04:00,106347.8883
2021-05-07 16:00:00-04:00,105682.295
2021-05-10 16:00:00-04:00,105682.295
2021-05-11 16:00:00-04:00,106324.4515
2021-05-12 16:00:00-04:00,105793.5605
2021-05-13 16:00:00-04:00,105257.9744
2021-05-14 16:00:00-04:00,105257.9744
2021-05-17 16:00:00-04:00,105257.9744
2021-05-18 16:00:00-04:00,105257.9744
2021-05-19 16:00:00-04:00,105728.3226
2021-05-20 16:00:00-04:00,105728.3226
2021-05-21 16:00:00-04:00,106170.0554
2021-05-24 16:00:00-04:00,106170.0554
2021-05-25 16:00:00-04:00,106170.0554
2021-05-26 16:00:00-04:00,106170.0554
2021-05-27 16:00:00-04:00,106170.0554
2021-05-28 16:00:00-04:00,106170.0554
2021-06-01 16:00:00-04:00,106170.0554
2021-06-02 16:00:00-04:00,106170.0554
2021-06-03 16:00:00-04:00,106170.0554
2021-06-04 16:00:00-04:00,106170.0554
2021-06-07 16:00:00-04:00,106170.0554
2021-06-08 16:00:00-04:00,106170.0554
2021-06-09 16:00:00-04:00,106170.0554
2021-06-10 16:00:00-04:00,106170.0554
2021-06-11 16:00:00-04:00,106170.0554
2021-06-14 16:00:00-04:00,106170.0554
2021-06-15 16:00:00-04:00,106170.0554
2021-06-16 16:00:00-04:00,106170.0554
2021-06-17 16:00:00-04:00,106170.0554
2021-06-18 16:00:00-04:00,105929.0198
2021-06-21 16:00:00-04:00,105929.0198
2021-06-22 16:00:00-04:00,105929.0198
2021-06-23 16:00:00-04:00,105929.0198
2021-06-24 16:00:00-04:00,105929.0198
2021-06-25 16:00:00-04:00,105929.0198
2021-06-28 16:00:00-04:00,105929.0198
2021-06-29 16:00:00-04:00,105689.4472
2021-06-30 16:00:00-04:00,105689.4472
2021-07-01 16:00:00-04:00,105689.4472
2021-07-02 16:00:00-04:00,105544.8674
2021-07-06 16:00:00-04:00,105544.8674
2021-07-07 16:00:00-04:00,105544.8674
2021-07-08 16:00:00-04:00,105293.9526
2021-07-09 16:00:00-04:00,105293.9526
2021-07-12 16:00:00-04:00,105293.9526
2021-07-13 16:00:00-04:00,105687.8318
2021-07-14 16:00:00-04:00,105687.8318
2021-07-15 16:00:00-04:00,105687.8318
2021-07-16 16:00:00-04:00,105447.5109
2021-07-19 16:00:00-04:00,105289.8014
2021-07-20 16:00:00-04:00,105607.9567
2021-07-21 16:00:00-04:00,105607.9567
2021-07-22 16:00:00-04:00,105607.9567
2021-07-23 16:00:00-04:00,105607.9567
2021-07-26 16:00:00-04:00,105607.9567
2021-07-27 16:00:00-04:00,105607.9567
2021-07-28 16:00:00-04:00,105607.9567
2021-07-29 16:00:00-04:00,105607.9567
2021-07-30 16:00:00-04:00,105607.9567
2021-08-02 16:00:00-04:00,105607.9567
2021-08-03 16:00:00-04:00,105607.9567
2021-08-04 16:00:00-04:00,105607.9567
2021-08-05 16:00:00-04:00,105607.9567
2021-08-06 16:00:00-04:00,105443.3706
2021-08-09 16:00:00-04:00,105443.3706
2021-08-10 16:00:00-04:00,105443.3706
2021-08-11 16:00:00-04:00,105443.3706
2021-08-12 16:00:00-04:00,105443.3706
2021-08-13 16:00:00-04:00,105443.3706
2021-08-16 16:00:00-04:00,105443.3706
2021-08-17 16:00:00-04:00,105115.9367
2021-08-18 16:00:00-04:00,104865.0331
2021-08-19 16:00:00-04:00,105174.049
2021-08-20 16:00:00-04:00,104980.401
2021-08-23 16:00:00-04:00,104980.401
2021-08-24 16:00:00-04:00,104980.401
2021-08-25 16:00:00-04:00,104980.401
2021-08-26 16:00:00-04:00,104980.401
2021-08-27 16:00:00-04:00,104803.3199
2021-08-30 16:00:00-04:00,104803.3199
2021-08-31 16:00:00-04:00,105136.3434
2021-09-01 16:00:00-04:00,105136.3434
2021-09-02 16:00:00-04:00,105136.3434
2021-09-03 16:00:00-04:00,105352.5989
2021-09-07 16:00:00-04:00,105352.5989
2021-09-08 16:00:00-04:00,105352.5989
2021-09-09 16:00:00-04:00,105352.5989
2021-09-10 16:00:00-04:00,105352.5989
2021-09-13 16:00:00-04:00,105352.5989
2021-09-14 16:00:00-04:00,105352.5989
2021-09-15 16:00:00-04:00,105352.5989
2021-09-16 16:00:00-04:00,105352.5989
2021-09-17 16:00:00-04:00,105912.7272
2021-09-20 16:00:00-04:00,105456.3218
2021-09-21 16:00:00-04:00,105456.3218
2021-09-22 16:00:00-04:00,105247.4712
2021-09-23 16:00:00-04:00,104951.4142
2021-09-24 16:00:00-04:00,104951.4142
2021-09-27 16:00:00-04:00,104951.4142
2021-09-28 16:00:00-04:00,105388.1247
2021-09-29 16:00:00-04:00,105169.441
2021-09-30 16:00:00-04:00,105169.441
2021-10-01 16:00:00-04:00,105169.441
2021-10-04 16:00:00-04:00,105169.441
2021-10-05 16:00:00-04:00,105169.441
2021-10-06 16:00:00-04:00,105169.441
2021-10-07 16:00:00-04:00,105548.4872
2021-10-08 16:00:00-04:00,105548.4872
2021-10-11 16:00:00-04:00,105548.4872
2021-10-12 16:00:00-04:00,105548.4872
2021-10-13 16:00:00-04:00,105105.1331
2021-10-14 16:00:00-04:00,105105.1331
2021-10-15 16:00:00-04:00,104802.8096
2021-10-18 16:00:00-04:00,104802.8096
2021-10-19 16:00:00-04:00,104802.8096
2021-10-20 16:00:00-04:00,104802.8096
2021-10-21 16:00:00-04:00,104802.8096
2021-10-22 16:00:00-04:00,104802.8096
2021-10-25 16:00:00-04:00,104802.8096
2021-10-26 16:00:00-04:00,104802.8096
2021-10-27 16:00:00-04:00,104802.8096
2021-10-28 16:00:00-04:00,104802.8096
2021-10-29 16:00:00-04:00,104802.8096
2021-11-01 16:00:00-04:00,104802.8096
2021-11-02 16:00:00-04:00,104802.8096
2021-11-03 16:00:00-04:00,104802.8096
2021-11-04 16:00:00-04:00,104802.8096
2021-11-05 16:00:00-04:00,104645.0248
2021-11-08 16:00:00-05:00,104645.0248
2021-11-09 16:00:00-05:00,104645.0248
2021-11-10 16:00:00-05:00,104645.0248
2021-11-11 16:00:00-05:00,104645.0248
2021-11-12 16:00:00-05:00,104645.0248
2021-11-15 16:00:00-05:00,104645.0248
2021-11-16 16:00:00-05:00,105020.545
2021-11-17 16:00:00-05:00,105020.545
2021-11-18 16:00:00-05:00,105020.545
2021-11-19 16:00:00-05:00,104688.457
2021-11-22 16:00:00-05:00,104871.5988
2021-11-23 16:00:00-05:00,104589.0422
2021-11-24 16:00:00-05:00,104285.3091
2021-11-29 16:00:00-05:00,104035.5107
2021-11-30 16:00:00-05:00,104035.5107
2021-12-01 16:00:00-05:00,104035.5107
2021-12-02 16:00:00-05:00,104536.9444
2021-12-03 16:00:00-05:00,104536.9444
2021-12-06 16:00:00-05:00,104536.9444
2021-12-07 16:00:00-05:00,104874.3623
2021-12-08 16:00:00-05:00,104874.3623
2021-12-09 16:00:00-05:00,104874.3623
2021-12-10 16:00:00-05:00,104874.3623
2021-12-13 16:00:00-05:00,104874.3623
2021-12-14 16:00:00-05:00,104874.3623
2021-12-15 16:00:00-05:00,104874.3623
2021-12-16 16:00:00-05:00,105354.1927
2021-12-17 16:00:00-05:00,104988.6136
2021-12-20 16:00:00-05:00,104712.824
2021-12-21 16:00:00-05:00,104712.824
2021-12-22 16:00:00-05:00,104712.824
2021-12-23 16:00:00-05:00,104712.824
2021-12-27 16:00:00-05:00,104712.824
2021-12-28 16:00:00-05:00,104712.824
2021-12-29 16:00:00-05:00,104712.824
2021-12-30 16:00:00-05:00,104712.824
2021-12-31 16:00:00-05:00,104712.824
2022-01-03 16:00:00-05:00,105001.8663
2022-01-04 16:00:00-05:00,105001.8663
2022-01-05 16:00:00-05:00,105001.8663
2022-01-06 16:00:00-05:00,104522.5562
2022-01-07 16:00:00-05:00,104175.7241
2022-01-10 16:00:00-05:00,103884.076
2022-01-11 16:00:00-05:00,103438.0904
2022-01-12 16:00:00-05:00,103208.5688
2022-01-13 16:00:00-05:00,103208.5688
2022-01-14 16:00:00-05:00,103783.7503
2022-01-18 16:00:00-05:00,103291.2983
2022-01-19 16:00:00-05:00,103291.2983
2022-01-20 16:00:00-05:00,103291.2983
2022-01-21 16:00:00-05:00,102569.5931
2022-01-24 16:00:00-05:00,102197.9129
2022-01-25 16:00:00-05:00,102197.9129
2022-01-26 16:00:00-05:00,102197.9129
2022-01-27 16:00:00-05:00,102197.9129
2022-01-28 16:00:00-05:00,102197.9129
2022-01-31 16:00:00-05:00,102197.9129
2022-02-01 16:00:00-05:00,102197.9129
2022-02-02 16:00:00-05:00,102715.0956
2022-02-03 16:00:00-05:00,102715.0956
2022-02-04 16:00:00-05:00,102073.5517
2022-02-07 16:00:00-05:00,102073.5517
2022-02-08 16:00:00-05:00,102073.5517
2022-02-09 16:00:00-05:00,102073.5517
2022-02-10 16:00:00-05:00,102512.257
2022-02-11 16:00:00-05:00,102512.257
2022-02-14 16:00:00-05:00,102512.257
2022-02-15 16:00:00-05:00,102512.257
2022-02-16 16:00:00-05:00,102512.257
2022-02-17 16:00:00-05:00,102512.257
2022-02-18 16:00:00-05:00,102061.6379
2022-02-22 16:00:00-05:00,102061.6379
2022-02-23 16:00:00-05:00,102061.6379
2022-02-24 16:00:00-05:00,103070.6367
2022-02-25 16:00:00-05:00,103878.784
2022-02-28 16:00:00-05:00,103878.784
2022-03-01 16:00:00-05:00,103878.784
2022-03-02 16:00:00-05:00,103878.784
2022-03-03 16:00:00-05:00,103878.784
2022-03-04 16:00:00-05:00,103878.784
2022-03-07 16:00:00-05:00,103371.609
2022-03-08 16:00:00-05:00,103371.609
2022-03-09 16:00:00-05:00,102895.9138
2022-03-10 16:00:00-05:00,102895.9138
2022-03-11 16:00:00-05:00,102895.9138
2022-03-14 16:00:00-04:00,102895.9138
2022-03-15 16:00:00-04:00,102895.9138
2022-03-16 16:00:00-04:00,102895.9138
2022-03-17 16:00:00-04:00,102895.9138
2022-03-18 16:00:00-04:00,103752.9741
2022-03-21 16:00:00-04:00,103752.9741
2022-03-22 16:00:00-04:00,103752.9741
2022-03-23 16:00:00-04:00,103447.5296
2022-03-24 16:00:00-04:00,103447.5296
2022-03-25 16:00:00-04:00,103447.5296
2022-03-28 16:00:00-04:00,103447.5296
2022-03-29 16:00:00-04:00,103447.5296
2022-03-30 16:00:00-04:00,103447.5296
2022-03-31 16:00:00-04:00,103447.5296
2022-04-01 16:00:00-04:00,103447.5296
2022-04-04 16:00:00-04:00,103447.5296
2022-04-05 16:00:00-04:00,103447.5296
2022-04-06 16:00:00-04:00,103447.5296
2022-04-07 16:00:00-04:00,103447.5296
2022-04-08 16:00:00-04:00,103835.0835
2022-04-11 16:00:00-04:00,103835.0835
2022-04-12 16:00:00-04:00,103344.2443
2022-04-13 16:00:00-04:00,103344.2443
2022-04-14 16:00:00-04:00,103932.8827
2022-04-18 16:00:00-04:00,103932.8827
2022-04-19 16:00:00-04:00,103932.8827
2022-04-20 16:00:00-04:00,103932.8827
2022-04-21 16:00:00-04:00,103932.8827
2022-04-22 16:00:00-04:00,103932.8827
2022-04-25 16:00:00-04:00,103932.8827
2022-04-26 16:00:00-04:00,103932.8827
2022-04-27 16:00:00-04:00,104836.1083
2022-04-28 16:00:00-04:00,104836.1083
2022-04-29 16:00:00-04:00,105671.2971
2022-05-02 16:00:00-04:00,105671.2971
2022-05-03 16:00:00-04:00,105671.2971
2022-05-04 16:00:00-04:00,105671.2971
2022-05-05 16:00:00-04:00,106321.7597
2022-05-06 16:00:00-04:00,105822.6843
2022-05-09 16:00:00-04:00,105822.6843
2022-05-10 16:00:00-04:00,105318.1764
2022-05-11 16:00:00-04:00,104252.6443
2022-05-12 16:00:00-04:00,103600.0408
2022-05-13 16:00:00-04:00,103600.0408
2022-05-16 16:00:00-04:00,103600.0408
2022-05-17 16:00:00-04:00,103600.0408
2022-05-18 16:00:00-04:00,103600.0408
2022-05-19 16:00:00-04:00,103600.0408
2022-05-20 16:00:00-04:00,103600.0408
2022-05-23 16:00:00-04:00,103600.0408
2022-05-24 16:00:00-04:00,103600.0408
2022-05-25 16:00:00-04:00,103600.0408
2022-05-26 16:00:00-04:00,104511.7523
2022-05-27 16:00:00-04:00,104511.7523
2022-05-31 16:00:00-04:00,104511.7523
2022-06-01 16:00:00-04:00,104511.7523
2022-06-02 16:00:00-04:00,104057.494
2022-06-03 16:00:00-04:00,104057.494
2022-06-06 16:00:00-04:00,104057.494
2022-06-07 16:00:00-04:00,104057.494
2022-06-08 16:00:00-04:00,104057.494
2022-06-09 16:00:00-04:00,104057.494
2022-06-10 16:00:00-04:00,103336.4404
2022-06-13 16:00:00-04:00,103336.4404
2022-06-14 16:00:00-04:00,103336.4404
2022-06-15 16:00:00-04:00,103336.4404
2022-06-16 16:00:00-04:00,103336.4404
2022-06-17 16:00:00-04:00,104210.7529
2022-06-21 16:00:00-04:00,104210.7529
2022-06-22 16:00:00-04:00,105359.5425
2022-06-23 16:00:00-04:00,105359.5425
2022-06-24 16:00:00-04:00,105359.5425
2022-06-27 16:00:00-04:00,105359.5425
2022-06-28 16:00:00-04:00,105359.5425
2022-06-29 16:00:00-04:00,105359.5425
2022-06-30 16:00:00-04:00,105002.9943
2022-07-01 16:00:00-04:00,105002.9943
2022-07-05 16:00:00-04:00,105002.9943
2022-07-06 16:00:00-04:00,105002.9943
2022-07-07 16:00:00-04:00,105002.9943
2022-07-08 16:00:00-04:00,105002.9943
2022-07-11 16:00:00-04:00,105002.9943
2022-07-12 16:00:00-04:00,105002.9943
2022-07-13 16:00:00-04:00,104295.6905
2022-07-14 16:00:00-04:00,104295.6905
2022-07-15 16:00:00-04:00,103746.2896
2022-07-18 16:00:00-04:00,103746.2896
2022-07-19 16:00:00-04:00,103746.2896
2022-07-20 16:00:00-04:00,103746.2896
2022-07-21 16:00:00-04:00,103236.577
2022-07-22 16:00:00-04:00,103236.577
2022-07-25 16:00:00-04:00,103236.577
2022-07-26 16:00:00-04:00,103236.577
2022-07-27 16:00:00-04:00,103236.577
2022-07-28 16:00:00-04:00,102811.5072
2022-07-29 16:00:00-04:00,102811.5072
2022-08-01 16:00:00-04:00,102811.5072
2022-08-02 16:00:00-04:00,102811.5072
2022-08-03 16:00:00-04:00,102811.5072
2022-08-04 16:00:00-04:00,102811.5072
2022-08-05 16:00:00-04:00,103359.1001
2022-08-08 16:00:00-04:00,103359.1001
2022-08-09 16:00:00-04:00,103359.1001
2022-08-10 16:00:00-04:00,103040.7677
2022-08-11 16:00:00-04:00,103040.7677
2022-08-12 16:00:00-04:00,103040.7677
2022-08-15 16:00:00-04:00,103040.7677
2022-08-16 16:00:00-04:00,103040.7677
2022-08-17 16:00:00-04:00,103040.7677
2022-08-18 16:00:00-04:00,103040.7677
2022-08-19 16:00:00-04:00,102742.2963
2022-08-22 16:00:00-04:00,102742.2963
2022-08-23 16:00:00-04:00,102742.2963
2022-08-24 16:00:00-04:00,102742.2963
2022-08-25 16:00:00-04:00,102742.2963
2022-08-26 16:00:00-04:00,103510.1843
2022-08-29 16:00:00-04:00,103510.1843
2022-08-30 16:00:00-04:00,103510.1843
2022-08-31 16:00:00-04:00,103031.8688
2022-09-01 16:00:00-04:00,103031.8688
2022-09-02 16:00:00-04:00,103750.8542
2022-09-06 16:00:00-04:00,104490.2882
2022-09-07 16:00:00-04:00,105162.5795
2022-09-08 16:00:00-04:00,104755.7837
2022-09-09 16:00:00-04:00,104755.7837
2022-09-12 16:00:00-04:00,104755.7837
2022-09-13 16:00:00-04:00,104755.7837
2022-09-14 16:00:00-04:00,104755.7837
2022-09-15 16:00:00-04:00,104241.6341
2022-09-16 16:00:00-04:00,103763.748
2022-09-19 16:00:00-04:00,103763.748
2022-09-20 16:00:00-04:00,103763.748
2022-09-21 16:00:00-04:00,103763.748
2022-09-22 16:00:00-04:00,104712.0374
2022-09-23 16:00:00-04:00,105183.3254
2022-09-26 16:00:00-04:00,105183.3254
2022-09-27 16:00:00-04:00,105183.3254
2022-09-28 16:00:00-04:00,104639.7845
2022-09-29 16:00:00-04:00,104639.7845
2022-09-30 16:00:00-04:00,104639.7845
2022-10-03 16:00:00-04:00,104639.7845
2022-10-04 16:00:00-04:00,104639.7845
2022-10-05 16:00:00-04:00,104639.7845
2022-10-06 16:00:00-04:00,104639.7845
2022-10-07 16:00:00-04:00,105358.396
2022-10-10 16:00:00-04:00,105358.396
2022-10-11 16:00:00-04:00,105358.396
2022-10-12 16:00:00-04:00,105358.396
2022-10-13 16:00:00-04:00,104891.3645
2022-10-14 16:00:00-04:00,104266.288
2022-10-17 16:00:00-04:00,105197.1073
2022-10-18 16:00:00-04:00,105197.1073
2022-10-19 16:00:00-04:00,105197.1073
2022-10-20 16:00:00-04:00,105197.1073
2022-10-21 16:00:00-04:00,104489.077
2022-10-24 16:00:00-04:00,104489.077
2022-10-25 16:00:00-04:00,104489.077
2022-10-26 16:00:00-04:00,104489.077
2022-10-27 16:00:00-04:00,104020.0787
2022-10-28 16:00:00-04:00,104886.2836
2022-10-31 16:00:00-04:00,104886.2836
2022-11-01 16:00:00-04:00,104886.2836
2022-11-02 16:00:00-04:00,104886.2836
2022-11-03 16:00:00-04:00,104886.2836
2022-11-04 16:00:00-04:00,104348.8974
2022-11-07 16:00:00-05:00,104348.8974
2022-11-08 16:00:00-05:00,104348.8974
2022-11-09 16:00:00-05:00,104348.8974
2022-11-10 16:00:00-05:00,103628.1344
2022-11-11 16:00:00-05:00,103231.8397
2022-11-14 16:00:00-05:00,103231.8397
2022-11-15 16:00:00-05:00,102851.1118
2022-11-16 16:00:00-05:00,102851.1118
2022-11-17 16:00:00-05:00,103574.9174
2022-11-18 16:00:00-05:00,103574.9174
2022-11-21 16:00:00-05:00,103574.9174
2022-11-22 16:00:00-05:00,103574.9174
2022-11-23 16:00:00-05:00,103574.9174
2022-11-28 16:00:00-05:00,103574.9174
2022-11-29 16:00:00-05:00,103574.9174
2022-11-30 16:00:00-05:00,103574.9174
2022-12-01 16:00:00-05:00,103574.9174
2022-12-02 16:00:00-05:00,104367.2937
2022-12-05 16:00:00-05:00,104367.2937
2022-12-06 16:00:00-05:00,104367.2937
2022-12-07 16:00:00-05:00,103945.3685
2022-12-08 16:00:00-05:00,103945.3685
2022-12-09 16:00:00-05:00,103945.3685
2022-12-12 16:00:00-05:00,103945.3685
2022-12-13 16:00:00-05:00,103945.3685
2022-12-14 16:00:00-05:00,103945.3685
2022-12-15 16:00:00-05:00,103626.0075
2022-12-16 16:00:00-05:00,102924.7801
2022-12-19 16:00:00-05:00,102924.7801
2022-12-20 16:00:00-05:00,102924.7801
2022-12-21 16:00:00-05:00,102924.7801
2022-12-22 16:00:00-05:00,102924.7801
2022-12-23 16:00:00-05:00,102924.7801
2022-12-27 16:00:00-05:00,102924.7801
2022-12-28 16:00:00-05:00,102924.7801
2022-12-29 16:00:00-05:00,102924.7801
2022-12-30 16:00:00-05:00,102924.7801
2023-01-03 16:00:00-05:00,102924.7801
2023-01-04 16:00:00-05:00,102924.7801
2023-01-05 16:00:00-05:00,103497.8413
2023-01-06 16:00:00-05:00,102985.2261
2023-01-09 16:00:00-05:00,103651.2992
2023-01-10 16:00:00-05:00,103651.2992
2023-01-11 16:00:00-05:00,103651.2992
2023-01-12 16:00:00-05:00,102866.7289
2023-01-13 16:00:00-05:00,102866.7289
2023-01-17 16:00:00-05:00,102517.347
2023-01-18 16:00:00-05:00,102517.347
2023-01-19 16:00:00-05:00,102517.347
2023-01-20 16:00:00-05:00,102201.5653
2023-01-23 16:00:00-05:00,102201.5653
2023-01-24 16:00:00-05:00,102201.5653
2023-01-25 16:00:00-05:00,102201.5653
2023-01-26 16:00:00-05:00,101889.792
2023-01-27 16:00:00-05:00,101889.792
2023-01-30 16:00:00-05:00,101889.792
2023-01-31 16:00:00-05:00,101889.792
2023-02-01 16:00:00-05:00,101889.792
2023-02-02 16:00:00-05:00,102782.0294
2023-02-03 16:00:00-05:00,103482.3279
2023-02-06 16:00:00-05:00,103482.3279
2023-02-07 16:00:00-05:00,103482.3279
2023-02-08 16:00:00-05:00,103482.3279
2023-02-09 16:00:00-05:00,103482.3279
2023-02-10 16:00:00-05:00,103482.3279
2023-02-13 16:00:00-05:00,103482.3279
2023-02-14 16:00:00-05:00,102884.7406
2023-02-15 16:00:00-05:00,102884.7406
2023-02-16 16:00:00-05:00,102609.7115
2023-02-17 16:00:00-05:00,102305.1121
2023-02-21 16:00:00-05:00,102305.1121
2023-02-22 16:00:00-05:00,102305.1121
2023-02-23 16:00:00-05:00,102528.2075
2023-02-24 16:00:00-05:00,102246.6042
2023-02-27 16:00:00-05:00,102246.6042
2023-02-28 16:00:00-05:00,102246.6042
2023-03-01 16:00:00-05:00,102246.6042
2023-03-02 16:00:00-05:00,102246.6042
2023-03-03 16:00:00-05:00,102246.6042
2023-03-06 16:00:00-05:00,102246.6042
2023-03-07 16:00:00-05:00,102246.6042
2023-03-08 16:00:00-05:00,102246.6042
2023-03-09 16:00:00-05:00,102246.6042
2023-03-10 16:00:00-05:00,102774.9538
2023-03-13 16:00:00-04:00,102774.9538
2023-03-14 16:00:00-04:00,102774.9538
2023-03-15 16:00:00-04:00,102774.9538
2023-03-16 16:00:00-04:00,102378.8957
2023-03-17 16:00:00-04:00,102804.4661
2023-03-20 16:00:00-04:00,102804.4661
2023-03-21 16:00:00-04:00,102804.4661
2023-03-22 16:00:00-04:00,102804.4661
2023-03-23 16:00:00-04:00,102804.4661
2023-03-24 16:00:00-04:00,102804.4661
2023-03-27 16:00:00-04:00,102804.4661
2023-03-28 16:00:00-04:00,102804.4661
2023-03-29 16:00:00-04:00,103079.6993
2023-03-30 16:00:00-04:00,103079.6993
2023-03-31 16:00:00-04:00,103079.6993
2023-04-03 16:00:00-04:00,103079.6993
2023-04-04 16:00:00-04:00,103079.6993
2023-04-05 16:00:00-04:00,103079.6993
2023-04-06 16:00:00-04:00,103079.6993
2023-04-10 16:00:00-04:00,103079.6993
2023-04-11 16:00:00-04:00,103079.6993
2023-04-12 16:00:00-04:00,103650.399
2023-04-13 16:00:00-04:00,103650.399
2023-04-14 16:00:00-04:00,103650.399
2023-04-17 16:00:00-04:00,103650.399
2023-04-18 16:00:00-04:00,103650.399
2023-04-19 16:00:00-04:00,103650.399
2023-04-20 16:00:00-04:00,103650.399
2023-04-21 16:00:00-04:00,104004.9005
2023-04-24 16:00:00-04:00,104004.9005
2023-04-25 16:00:00-04:00,104004.9005
2023-04-26 16:00:00-04:00,103694.2263
2023-04-27 16:00:00-04:00,103424.4808
2023-04-28 16:00:00-04:00,103424.4808
2023-05-01 16:00:00-04:00,103424.4808
2023-05-02 16:00:00-04:00,103424.4808
2023-05-03 16:00:00-04:00,103424.4808
2023-05-04 16:00:00-04:00,103424.4808
2023-05-05 16:00:00-04:00,103424.4808
2023-05-08 16:00:00-04:00,103424.4808
2023-05-09 16:00:00-04:00,103424.4808
2023-05-10 16:00:00-04:00,103106.9462
2023-05-11 16:00:00-04:00,103106.9462
2023-05-12 16:00:00-04:00,103106.9462
2023-05-15 16:00:00-04:00,103106.9462
2023-05-16 16:00:00-04:00,103106.9462
2023-05-17 16:00:00-04:00,103106.9462
2023-05-18 16:00:00-04:00,103106.9462
2023-05-19 16:00:00-04:00,102851.6811
2023-05-22 16:00:00-04:00,102851.6811
2023-05-23 16:00:00-04:00,102851.6811
2023-05-24 16:00:00-04:00,102665.7102
2023-05-25 16:00:00-04:00,103120.9901
2023-05-26 16:00:00-04:00,103120.9901
2023-05-30 16:00:00-04:00,102784.5265
2023-05-31 16:00:00-04:00,102784.5265
2023-06-01 16:00:00-04:00,102784.5265
2023-06-02 16:00:00-04:00,102784.5265
2023-06-05 16:00:00-04:00,102784.5265
2023-06-06 16:00:00-04:00,102784.5265
2023-06-07 16:00:00-04:00,102784.5265
2023-06-08 16:00:00-04:00,102784.5265
2023-06-09 16:00:00-04:00,102784.5265
2023-06-12 16:00:00-04:00,102784.5265
2023-06-13 16:00:00-04:00,102784.5265
2023-06-14 16:00:00-04:00,102784.5265
2023-06-15 16:00:00-04:00,102583.5571
2023-06-16 16:00:00-04:00,103273.5088
2023-06-20 16:00:00-04:00,103273.5088
2023-06-21 16:00:00-04:00,103273.5088
2023-06-22 16:00:00-04:00,103273.5088
2023-06-23 16:00:00-04:00,103273.5088
2023-06-26 16:00:00-04:00,103273.5088
2023-06-27 16:00:00-04:00,103273.5088
2023-06-28 16:00:00-04:00,103273.5088
2023-06-29 16:00:00-04:00,103115.5877
2023-06-30 16:00:00-04:00,102942.1304
2023-07-03 16:00:00-04:00,102942.1304
2023-07-05 16:00:00-04:00,102942.1304
2023-07-06 16:00:00-04:00,102753.3417
2023-07-07 16:00:00-04:00,102483.9462
2023-07-10 16:00:00-04:00,102483.9462
2023-07-11 16:00:00-04:00,102483.9462
2023-07-12 16:00:00-04:00,102815.682
2023-07-13 16:00:00-04:00,102815.682
2023-07-14 16:00:00-04:00,102815.682
2023-07-17 16:00:00-04:00,102815.682
2023-07-18 16:00:00-04:00,102815.682
2023-07-19 16:00:00-04:00,102815.682
2023-07-20 16:00:00-04:00,102562.8644
2023-07-21 16:00:00-04:00,102248.9924
2023-07-24 16:00:00-04:00,102248.9924
2023-07-25 16:00:00-04:00,102248.9924
2023-07-26 16:00:00-04:00,102248.9924
2023-07-27 16:00:00-04:00,102248.9924
2023-07-28 16:00:00-04:00,102248.9924
2023-07-31 16:00:00-04:00,102248.9924
2023-08-01 16:00:00-04:00,102248.9924
2023-08-02 16:00:00-04:00,102248.9924
2023-08-03 16:00:00-04:00,102521.5446
2023-08-04 16:00:00-04:00,102521.5446
2023-08-07 16:00:00-04:00,102521.5446
2023-08-08 16:00:00-04:00,102521.5446
2023-08-09 16:00:00-04:00,102521.5446
2023-08-10 16:00:00-04:00,102249.0152
2023-08-11 16:00:00-04:00,101982.0507
2023-08-14 16:00:00-04:00,101982.0507
2023-08-15 16:00:00-04:00,101982.0507
2023-08-16 16:00:00-04:00,101982.0507
2023-08-17 16:00:00-04:00,101982.0507
2023-08-18 16:00:00-04:00,101666.8477
2023-08-21 16:00:00-04:00,101666.8477
2023-08-22 16:00:00-04:00,101666.8477
2023-08-23 16:00:00-04:00,101855.7528
2023-08-24 16:00:00-04:00,102305.5115
2023-08-25 16:00:00-04:00,102305.5115
2023-08-28 16:00:00-04:00,102002.532
2023-08-29 16:00:00-04:00,102002.532
2023-08-30 16:00:00-04:00,102002.532
2023-08-31 16:00:00-04:00,102002.532
2023-09-01 16:00:00-04:00,102387.5234
2023-09-05 16:00:00-04:00,102387.5234
2023-09-06 16:00:00-04:00,102387.5234
2023-09-07 16:00:00-04:00,102052.4887
2023-09-08 16:00:00-04:00,102052.4887
2023-09-11 16:00:00-04:00,102052.4887
2023-09-12 16:00:00-04:00,102052.4887
2023-09-13 16:00:00-04:00,102052.4887
2023-09-14 16:00:00-04:00,102465.2207
2023-09-15 16:00:00-04:00,102902.3577
2023-09-18 16:00:00-04:00,102902.3577
2023-09-19 16:00:00-04:00,102721.7995
2023-09-20 16:00:00-04:00,102721.7995
2023-09-21 16:00:00-04:00,102390.6825
2023-09-22 16:00:00-04:00,102390.6825
2023-09-25 16:00:00-04:00,102390.6825
2023-09-26 16:00:00-04:00,102390.6825
2023-09-27 16:00:00-04:00,102390.6825
2023-09-28 16:00:00-04:00,102137.1967
2023-09-29 16:00:00-04:00,102137.1967
2023-10-02 16:00:00-04:00,102496.357
2023-10-03 16:00:00-04:00,102496.357
2023-10-04 16:00:00-04:00,102496.357
2023-10-05 16:00:00-04:00,103014.717
2023-10-06 16:00:00-04:00,102540.2596
2023-10-09 16:00:00-04:00,102540.2596
2023-10-10 16:00:00-04:00,102540.2596
2023-10-11 16:00:00-04:00,102540.2596
2023-10-12 16:00:00-04:00,102540.2596
2023-10-13 16:00:00-04:00,102540.2596
2023-10-16 16:00:00-04:00,102540.2596
2023-10-17 16:00:00-04:00,102869.2622
2023-10-18 16:00:00-04:00,102869.2622
2023-10-19 16:00:00-04:00,102869.2622
2023-10-20 16:00:00-04:00,102526.8288
2023-10-23 16:00:00-04:00,102526.8288
2023-10-24 16:00:00-04:00,102526.8288
2023-10-25 16:00:00-04:00,102526.8288
2023-10-26 16:00:00-04:00,102346.7739
2023-10-27 16:00:00-04:00,102346.7739
2023-10-30 16:00:00-04:00,102346.7739
2023-10-31 16:00:00-04:00,102346.7739
2023-11-01 16:00:00-04:00,102744.3734
2023-11-02 16:00:00-04:00,102744.3734
2023-11-03 16:00:00-04:00,102744.3734
2023-11-06 16:00:00-05:00,102744.3734
2023-11-07 16:00:00-05:00,102404.5056
2023-11-08 16:00:00-05:00,102404.5056
2023-11-09 16:00:00-05:00,102404.5056
2023-11-10 16:00:00-05:00,102404.5056
2023-11-13 16:00:00-05:00,102404.5056
2023-11-14 16:00:00-05:00,102185.9674
2023-11-15 16:00:00-05:00,102185.9674
2023-11-16 16:00:00-05:00,102185.9674
2023-11-17 16:00:00-05:00,101941.2129
2023-11-20 16:00:00-05:00,101941.2129
2023-11-21 16:00:00-05:00,101941.2129
2023-11-22 16:00:00-05:00,101941.2129
2023-11-27 16:00:00-05:00,101941.2129
2023-11-28 16:00:00-05:00,101941.2129
2023-11-29 16:00:00-05:00,101941.2129
2023-11-30 16:00:00-05:00,101941.2129
2023-12-01 16:00:00-05:00,101941.2129
2023-12-04 16:00:00-05:00,102301.2921
2023-12-05 16:00:00-05:00,102301.2921
2023-12-06 16:00:00-05:00,102565.3032
2023-12-07 16:00:00-05:00,102434.9593
2023-12-08 16:00:00-05:00,102434.9593
2023-12-11 16:00:00-05:00,102434.9593
2023-12-12 16:00:00-05:00,102434.9593
2023-12-13 16:00:00-05:00,102434.9593
2023-12-14 16:00:00-05:00,102206.2963
2023-12-15 16:00:00-05:00,102197.0699
2023-12-18 16:00:00-05:00,102197.0699
2023-12-19 16:00:00-05:00,102197.0699
2023-12-20 16:00:00-05:00,102197.0699
2023-12-21 16:00:00-05:00,102197.0699
2023-12-22 16:00:00-05:00,102197.0699
2023-12-26 16:00:00-05:00,102197.0699
2023-12-27 16:00:00-05:00,102197.0699
2023-12-28 16:00:00-05:00,102197.0699
2023-12-29 16:00:00-05:00,102197.0699
2024-01-02 16:00:00-05:00,102197.0699
2024-01-03 16:00:00-05:00,101945.574
2024-01-04 16:00:00-05:00,101945.574
2024-01-05 16:00:00-05:00,102289.6397
2024-01-08 16:00:00-05:00,102289.6397
2024-01-09 16:00:00-05:00,102289.6397
2024-01-10 16:00:00-05:00,102289.6397
2024-01-11 16:00:00-05:00,101908.3231
2024-01-12 16:00:00-05:00,101628.9564
2024-01-16 16:00:00-05:00,101628.9564
2024-01-17 16:00:00-05:00,101628.9564
2024-01-18 16:00:00-05:00,101362.5844
2024-01-19 16:00:00-05:00,101119.8381
2024-01-22 16:00:00-05:00,101119.8381
2024-01-23 16:00:00-05:00,101119.8381
2024-01-24 16:00:00-05:00,101119.8381
2024-01-25 16:00:00-05:00,100872.7808
2024-01-26 16:00:00-05:00,100872.7808
2024-01-29 16:00:00-05:00,100872.7808
2024-01-30 16:00:00-05:00,100872.7808
2024-01-31 16:00:00-05:00,100872.7808
2024-02-01 16:00:00-05:00,100872.7808
2024-02-02 16:00:00-05:00,100623.4875
2024-02-05 16:00:00-05:00,100623.4875
2024-02-06 16:00:00-05:00,100623.4875
2024-02-07 16:00:00-05:00,100623.4875
2024-02-08 16:00:00-05:00,100623.4875
2024-02-09 16:00:00-05:00,100623.4875
2024-02-12 16:00:00-05:00,100623.4875
2024-02-13 16:00:00-05:00,100896.5741
2024-02-14 16:00:00-05:00,100896.5741
2024-02-15 16:00:00-05:00,100896.5741
2024-02-16 16:00:00-05:00,101102.7403
2024-02-20 16:00:00-05:00,100716.1894
2024-02-21 16:00:00-05:00,100716.1894
2024-02-22 16:00:00-05:00,100716.1894
2024-02-23 16:00:00-05:00,100547.9049
2024-02-26 16:00:00-05:00,100547.9049
2024-02-27 16:00:00-05:00,100547.9049
2024-02-28 16:00:00-05:00,100547.9049
2024-02-29 16:00:00-05:00,100547.9049
2024-03-01 16:00:00-05:00,100547.9049
2024-03-04 16:00:00-05:00,100547.9049
2024-03-05 16:00:00-05:00,100547.9049
2024-03-06 16:00:00-05:00,100547.9049
2024-03-07 16:00:00-05:00,100316.9895
2024-03-08 16:00:00-05:00,100078.8765
2024-03-11 16:00:00-04:00,100078.8765
2024-03-12 16:00:00-04:00,100078.8765
2024-03-13 16:00:00-04:00,100078.8765
2024-03-14 16:00:00-04:00,100078.8765
2024-03-15 16:00:00-04:00,100394.1523
2024-03-18 16:00:00-04:00,100753.0569
2024-03-19 16:00:00-04:00,100753.0569
2024-03-20 16:00:00-04:00,100753.0569
2024-03-21 16:00:00-04:00,100427.938
2024-03-22 16:00:00-04:00,100427.938
2024-03-25 16:00:00-04:00,100427.938
2024-03-26 16:00:00-04:00,100427.938
2024-03-27 16:00:00-04:00,100427.938
2024-03-28 16:00:00-04:00,100427.938
2024-04-01 16:00:00-04:00,100734.0847
2024-04-02 16:00:00-04:00,100981.4364
2024-04-03 16:00:00-04:00,100981.4364
2024-04-04 16:00:00-04:00,100981.4364
2024-04-05 16:00:00-04:00,100750.4307
2024-04-08 16:00:00-04:00,100750.4307
2024-04-09 16:00:00-04:00,100750.4307
2024-04-10 16:00:00-04:00,100872.8243
2024-04-11 16:00:00-04:00,100872.8243
2024-04-12 16:00:00-04:00,100599.9559
2024-04-15 16:00:00-04:00,100599.9559
2024-04-16 16:00:00-04:00,100599.9559
2024-04-17 16:00:00-04:00,100599.9559
2024-04-18 16:00:00-04:00,100599.9559
2024-04-19 16:00:00-04:00,100355.4073
2024-04-22 16:00:00-04:00,100355.4073
2024-04-23 16:00:00-04:00,100355.4073
2024-04-24 16:00:00-04:00,100355.4073
2024-04-25 16:00:00-04:00,100093.6356
2024-04-26 16:00:00-04:00,100093.6356
2024-04-29 16:00:00-04:00,100093.6356
2024-04-30 16:00:00-04:00,100093.6356
2024-05-01 16:00:00-04:00,100093.6356
2024-05-02 16:00:00-04:00,100093.6356
2024-05-03 16:00:00-04:00,100093.6356
2024-05-06 16:00:00-04:00,100093.6356
2024-05-07 16:00:00-04:00,100093.6356
2024-05-08 16:00:00-04:00,100093.6356
2024-05-09 16:00:00-04:00,100093.6356
2024-05-10 16:00:00-04:00,100093.6356
2024-05-13 16:00:00-04:00,100093.6356
2024-05-14 16:00:00-04:00,100093.6356
2024-05-15 16:00:00-04:00,100093.6356
2024-05-16 16:00:00-04:00,100093.6356
2024-05-17 16:00:00-04:00,100330.0943
2024-05-20 16:00:00-04:00,100330.0943
2024-05-21 16:00:00-04:00,100156.3252
2024-05-22 16:00:00-04:00,100156.3252
2024-05-23 16:00:00-04:00,100378.8214
2024-05-24 16:00:00-04:00,100378.8214
2024-05-28 16:00:00-04:00,100378.8214
2024-05-29 16:00:00-04:00,100378.8214
2024-05-30 16:00:00-04:00,100378.8214
2024-05-31 16:00:00-04:00,100886.2013
2024-06-03 16:00:00-04:00,100886.2013
2024-06-04 16:00:00-04:00,100886.2013
2024-06-05 16:00:00-04:00,100886.2013
2024-06-06 16:00:00-04:00,100886.2013
2024-06-07 16:00:00-04:00,100599.9887
2024-06-10 16:00:00-04:00,100599.9887
2024-06-11 16:00:00-04:00,100599.9887
2024-06-12 16:00:00-04:00,100599.9887
2024-06-13 16:00:00-04:00,100599.9887
2024-06-14 16:00:00-04:00,100599.9887
2024-06-17 16:00:00-04:00,100599.9887
2024-06-18 16:00:00-04:00,100599.9887
2024-06-20 16:00:00-04:00,100388.2697
2024-06-21 16:00:00-04:00,100106.9444
2024-06-24 16:00:00-04:00,99899.69
2024-06-25 16:00:00-04:00,99899.69
2024-06-26 16:00:00-04:00,99899.69
2024-06-27 16:00:00-04:00,99899.69
2024-06-28 16:00:00-04:00,99686.5007
2024-07-01 16:00:00-04:00,99686.5007
2024-07-02 16:00:00-04:00,99686.5007
2024-07-03 16:00:00-04:00,99948.8065
2024-07-05 16:00:00-04:00,100245.5886
2024-07-08 16:00:00-04:00,100245.5886
2024-07-09 16:00:00-04:00,100245.5886
2024-07-10 16:00:00-04:00,100245.5886
2024-07-11 16:00:00-04:00,100495.5061
2024-07-12 16:00:00-04:00,100771.7472
2024-07-15 16:00:00-04:00,100771.7472
2024-07-16 16:00:00-04:00,100771.7472
2024-07-17 16:00:00-04:00,101064.7525
2024-07-18 16:00:00-04:00,101064.7525
2024-07-19 16:00:00-04:00,100674.009
2024-07-22 16:00:00-04:00,100674.009
2024-07-23 16:00:00-04:00,100674.009
2024-07-24 16:00:00-04:00,100968.9728
2024-07-25 16:00:00-04:00,101332.6006
2024-07-26 16:00:00-04:00,101332.6006
2024-07-29 16:00:00-04:00,101332.6006
2024-07-30 16:00:00-04:00,101332.6006
2024-07-31 16:00:00-04:00,101123.3263
2024-08-01 16:00:00-04:00,100881.2402
2024-08-02 16:00:00-04:00,100282.8764
2024-08-05 16:00:00-04:00,101776.5363
2024-08-06 16:00:00-04:00,101776.5363
2024-08-07 16:00:00-04:00,101776.5363
2024-08-08 16:00:00-04:00,101260.7042
2024-08-09 16:00:00-04:00,101260.7042
2024-08-12 16:00:00-04:00,101260.7042
2024-08-13 16:00:00-04:00,101260.7042
2024-08-14 16:00:00-04:00,101260.7042
2024-08-15 16:00:00-04:00,101260.7042
2024-08-16 16:00:00-04:00,101007.2847
2024-08-19 16:00:00-04:00,101007.2847
2024-08-20 16:00:00-04:00,101007.2847
2024-08-21 16:00:00-04:00,101007.2847
2024-08-22 16:00:00-04:00,101007.2847
2024-08-23 16:00:00-04:00,101007.2847
2024-08-26 16:00:00-04:00,101007.2847
2024-08-27 16:00:00-04:00,101007.2847
2024-08-28 16:00:00-04:00,101007.2847
2024-08-29 16:00:00-04:00,101007.2847
2024-08-30 16:00:00-04:00,101007.2847
2024-09-03 16:00:00-04:00,101007.2847
2024-09-04 16:00:00-04:00,101007.2847
2024-09-05 16:00:00-04:00,101007.2847
2024-09-06 16:00:00-04:00,101647.805
2024-09-09 16:00:00-04:00,101647.805
2024-09-10 16:00:00-04:00,101647.805
2024-09-11 16:00:00-04:00,102188.3983
2024-09-12 16:00:00-04:00,101933.7398
2024-09-13 16:00:00-04:00,101933.7398
2024-09-16 16:00:00-04:00,101933.7398
2024-09-17 16:00:00-04:00,101933.7398
2024-09-18 16:00:00-04:00,101933.7398
2024-09-19 16:00:00-04:00,101750.2387
2024-09-20 16:00:00-04:00,101921.891
2024-09-23 16:00:00-04:00,101921.891
2024-09-24 16:00:00-04:00,101921.891
2024-09-25 16:00:00-04:00,101921.891
2024-09-26 16:00:00-04:00,102330.6451
2024-09-27 16:00:00-04:00,102330.6451
2024-09-30 16:00:00-04:00,102330.6451
2024-10-01 16:00:00-04:00,102330.6451
2024-10-02 16:00:00-04:00,102330.6451
2024-10-03 16:00:00-04:00,102548.6603
2024-10-04 16:00:00-04:00,102921.7469
2024-10-07 16:00:00-04:00,102921.7469
2024-10-08 16:00:00-04:00,102921.7469
2024-10-09 16:00:00-04:00,102921.7469
2024-10-10 16:00:00-04:00,102921.7469
2024-10-11 16:00:00-04:00,102921.7469
2024-10-14 16:00:00-04:00,102921.7469
2024-10-15 16:00:00-04:00,102921.7469
2024-10-16 16:00:00-04:00,102921.7469
2024-10-17 16:00:00-04:00,103218.5334
2024-10-18 16:00:00-04:00,102915.2191
2024-10-21 16:00:00-04:00,102915.2191
2024-10-22 16:00:00-04:00,102915.2191
2024-10-23 16:00:00-04:00,103181.8464
2024-10-24 16:00:00-04:00,103181.8464
2024-10-25 16:00:00-04:00,103396.8527
2024-10-28 16:00:00-04:00,103396.8527
2024-10-29 16:00:00-04:00,103396.8527
2024-10-30 16:00:00-04:00,103396.8527
2024-10-31 16:00:00-04:00,103866.0899
2024-11-01 16:00:00-04:00,103866.0899
2024-11-04 16:00:00-05:00,103548.9039
2024-11-05 16:00:00-05:00,103548.9039
2024-11-06 16:00:00-05:00,103873.4261
2024-11-07 16:00:00-05:00,103873.4261
2024-11-08 16:00:00-05:00,103873.4261
2024-11-11 16:00:00-05:00,103873.4261
2024-11-12 16:00:00-05:00,103873.4261
2024-11-13 16:00:00-05:00,103873.4261
2024-11-14 16:00:00-05:00,103873.4261
2024-11-15 16:00:00-05:00,104229.9903
2024-11-18 16:00:00-05:00,104229.9903
2024-11-19 16:00:00-05:00,104574.564
2024-11-20 16:00:00-05:00,105017.4303
2024-11-21 16:00:00-05:00,105017.4303
2024-11-22 16:00:00-05:00,105017.4303
2024-11-25 16:00:00-05:00,105017.4303
2024-11-26 16:00:00-05:00,104715.0381
2024-11-27 16:00:00-05:00,104715.0381
2024-11-29 16:00:00-05:00,104715.0381
2024-12-02 16:00:00-05:00,104715.0381
2024-12-03 16:00:00-05:00,104524.6943
2024-12-04 16:00:00-05:00,104524.6943
2024-12-05 16:00:00-05:00,104524.6943
2024-12-06 16:00:00-05:00,104524.6943
2024-12-09 16:00:00-05:00,104524.6943
2024-12-10 16:00:00-05:00,104524.6943
2024-12-11 16:00:00-05:00,104524.6943
2024-12-12 16:00:00-05:00,104524.6943
2024-12-13 16:00:00-05:00,104741.4862
2024-12-16 16:00:00-05:00,104741.4862
2024-12-17 16:00:00-05:00,104741.4862
2024-12-18 16:00:00-05:00,104741.4862
2024-12-19 16:00:00-05:00,104517.9966
2024-12-20 16:00:00-05:00,104198.5082
2024-12-23 16:00:00-05:00,104198.5082
2024-12-26 16:00:00-05:00,104198.5082
2024-12-27 16:00:00-05:00,104663.4991
2024-12-30 16:00:00-05:00,104663.4991
2024-12-31 16:00:00-05:00,104663.4991
2025-01-02 16:00:00-05:00,104663.4991
2025-01-03 16:00:00-05:00,104663.4991
2025-01-06 16:00:00-05:00,104625.6826
2025-01-07 16:00:00-05:00,104625.6826
2025-01-08 16:00:00-05:00,104625.6826
2025-01-09 16:00:00-05:00,104625.6826
2025-01-10 16:00:00-05:00,105017.0462
2025-01-13 16:00:00-05:00,104722.6541
2025-01-14 16:00:00-05:00,104364.3015
2025-01-15 16:00:00-05:00,104167.9123
2025-01-16 16:00:00-05:00,104167.9123
2025-01-17 16:00:00-05:00,104076.9889
2025-01-21 16:00:00-05:00,104076.9889
2025-01-22 16:00:00-05:00,104076.9889
2025-01-23 16:00:00-05:00,104076.9889
2025-01-24 16:00:00-05:00,104076.9889
2025-01-27 16:00:00-05:00,104076.9889
2025-01-28 16:00:00-05:00,104076.9889
2025-01-29 16:00:00-05:00,104076.9889
2025-01-30 16:00:00-05:00,104076.9889
2025-01-31 16:00:00-05:00,104076.9889
2025-02-03 16:00:00-05:00,104076.9889
2025-02-04 16:00:00-05:00,104076.9889
2025-02-05 16:00:00-05:00,104076.9889
2025-02-06 16:00:00-05:00,104076.9889
2025-02-07 16:00:00-05:00,104076.9889
2025-02-10 16:00:00-05:00,104076.9889
2025-02-11 16:00:00-05:00,104076.9889
2025-02-12 16:00:00-05:00,104385.9186
2025-02-13 16:00:00-05:00,104385.9186
2025-02-14 16:00:00-05:00,104385.9186
2025-02-18 16:00:00-05:00,104955.5755
2025-02-19 16:00:00-05:00,104955.5755
2025-02-20 16:00:00-05:00,104955.5755
2025-02-21 16:00:00-05:00,105468.0994
2025-02-24 16:00:00-05:00,105871.6843
2025-02-25 16:00:00-05:00,106422.1711
2025-02-26 16:00:00-05:00,106055.8126
2025-02-27 16:00:00-05:00,106055.8126
2025-02-28 16:00:00-05:00,106055.8126
2025-03-03 16:00:00-05:00,106055.8126
2025-03-04 16:00:00-05:00,105585.1112
2025-03-05 16:00:00-05:00,105585.1112
2025-03-06 16:00:00-05:00,105585.1112
2025-03-07 16:00:00-05:00,105585.1112
2025-03-10 16:00:00-04:00,105585.1112
2025-03-11 16:00:00-04:00,105585.1112
2025-03-12 16:00:00-04:00,105585.1112
2025-03-13 16:00:00-04:00,105585.1112
2025-03-14 16:00:00-04:00,105585.1112
2025-03-17 16:00:00-04:00,105585.1112
2025-03-18 16:00:00-04:00,105585.1112
2025-03-19 16:00:00-04:00,105585.1112
2025-03-20 16:00:00-04:00,105585.1112
2025-03-21 16:00:00-04:00,106315.7795
2025-03-24 16:00:00-04:00,106315.7795
2025-03-25 16:00:00-04:00,106315.7795
2025-03-26 16:00:00-04:00,106315.7795
2025-03-27 16:00:00-04:00,106315.7795
2025-03-28 16:00:00-04:00,106939.9331
2025-03-31 16:00:00-04:00,106939.9331
2025-04-01 16:00:00-04:00,106939.9331
2025-04-02 16:00:00-04:00,106939.9331
2025-04-03 16:00:00-04:00,106142.0856
2025-04-04 16:00:00-04:00,105587.8174
2025-04-07 16:00:00-04:00,104519.8479
2025-04-08 16:00:00-04:00,105431.7336
2025-04-09 16:00:00-04:00,105431.7336
2025-04-10 16:00:00-04:00,105431.7336
2025-04-11 16:00:00-04:00,105431.7336
2025-04-14 16:00:00-04:00,105431.7336
2025-04-15 16:00:00-04:00,105431.7336
2025-04-16 16:00:00-04:00,105431.7336
2025-04-17 16:00:00-04:00,105431.7336
2025-04-21 16:00:00-04:00,105431.7336
2025-04-22 16:00:00-04:00,105431.7336
2025-04-23 16:00:00-04:00,105431.7336
2025-04-24 16:00:00-04:00,105431.7336
2025-04-25 16:00:00-04:00,105431.7336
2025-04-28 16:00:00-04:00,105431.7336
2025-04-29 16:00:00-04:00,105431.7336
2025-04-30 16:00:00-04:00,106002.1628
2025-05-01 16:00:00-04:00,106002.1628
2025-05-02 16:00:00-04:00,106002.1628
2025-05-05 16:00:00-04:00,106002.1628
2025-05-06 16:00:00-04:00,106002.1628
2025-05-07 16:00:00-04:00,106002.1628
2025-05-08 16:00:00-04:00,106002.1628
2025-05-09 16:00:00-04:00,106002.1628
2025-05-12 16:00:00-04:00,106002.1628
2025-05-13 16:00:00-04:00,106002.1628
2025-05-14 16:00:00-04:00,106002.1628
2025-05-15 16:00:00-04:00,106002.1628
2025-05-16 16:00:00-04:00,106517.4459
2025-05-19 16:00:00-04:00,107254.0881
2025-05-20 16:00:00-04:00,107254.0881
2025-05-21 16:00:00-04:00,107254.0881
2025-05-22 16:00:00-04:00,107029.1279
2025-05-23 16:00:00-04:00,107936.7045
2025-05-27 16:00:00-04:00,107936.7045
2025-05-28 16:00:00-04:00,107936.7045
2025-05-29 16:00:00-04:00,107936.7045
2025-05-30 16:00:00-04:00,107560.7675
2025-06-02 16:00:00-04:00,107560.7675
2025-06-03 16:00:00-04:00,107560.7675
2025-06-04 16:00:00-04:00,107560.7675
2025-06-05 16:00:00-04:00,107560.7675
2025-06-06 16:00:00-04:00,107279.5928
2025-06-09 16:00:00-04:00,107279.5928
2025-06-10 16:00:00-04:00,107279.5928
2025-06-11 16:00:00-04:00,107279.5928
2025-06-12 16:00:00-04:00,107279.5928
2025-06-13 16:00:00-04:00,107279.5928
2025-06-16 16:00:00-04:00,107279.5928
2025-06-17 16:00:00-04:00,107279.5928
2025-06-18 16:00:00-04:00,107279.5928
2025-06-20 16:00:00-04:00,106878.7165
2025-06-23 16:00:00-04:00,106878.7165
2025-06-24 16:00:00-04:00,106878.7165
2025-06-25 16:00:00-04:00,106878.7165
2025-06-26 16:00:00-04:00,106878.7165
2025-06-27 16:00:00-04:00,106878.7165
2025-06-30 16:00:00-04:00,106878.7165
2025-07-01 16:00:00-04:00,106878.7165
2025-07-02 16:00:00-04:00,106878.7165
2025-07-07 16:00:00-04:00,106878.7165
2025-07-08 16:00:00-04:00,106878.7165
2025-07-09 16:00:00-04:00,106878.7165
2025-07-10 16:00:00-04:00,106878.7165
2025-07-11 16:00:00-04:00,106878.7165
2025-07-14 16:00:00-04:00,106878.7165
2025-07-15 16:00:00-04:00,107064.248
2025-07-16 16:00:00-04:00,107064.248
2025-07-17 16:00:00-04:00,106797.712
2025-07-18 16:00:00-04:00,106918.0748
2025-07-21 16:00:00-04:00,106918.0748
2025-07-22 16:00:00-04:00,106918.0748
2025-07-23 16:00:00-04:00,106662.6458
2025-07-24 16:00:00-04:00,106662.6458
2025-07-25 16:00:00-04:00,106662.6458
2025-07-28 16:00:00-04:00,106662.6458
2025-07-29 16:00:00-04:00,106662.6458
2025-07-30 16:00:00-04:00,106662.6458
2025-07-31 16:00:00-04:00,107312.7657
2025-08-01 16:00:00-04:00,107070.7638
2025-08-04 16:00:00-04:00,107070.7638
2025-08-05 16:00:00-04:00,107070.7638
2025-08-06 16:00:00-04:00,107070.7638
2025-08-07 16:00:00-04:00,107070.7638
2025-08-08 16:00:00-04:00,107070.7638
2025-08-11 16:00:00-04:00,107070.7638
2025-08-12 16:00:00-04:00,107070.7638
2025-08-13 16:00:00-04:00,107070.7638
2025-08-14 16:00:00-04:00,107070.7638
2025-08-15 16:00:00-04:00,107489.9933
2025-08-18 16:00:00-04:00,107489.9933
2025-08-19 16:00:00-04:00,107489.9933
2025-08-20 16:00:00-04:00,107489.9933
2025-08-21 16:00:00-04:00,107489.9933
2025-08-22 16:00:00-04:00,107489.9933
2025-08-25 16:00:00-04:00,107489.9933
2025-08-26 16:00:00-04:00,107489.9933
2025-08-27 16:00:00-04:00,107489.9933
2025-08-28 16:00:00-04:00,107489.9933
2025-08-29 16:00:00-04:00,107489.9933
2025-09-02 16:00:00-04:00,107124.1896
2025-09-03 16:00:00-04:00,107124.1896
2025-09-04 16:00:00-04:00,107124.1896
2025-09-05 16:00:00-04:00,107414.1043
2025-09-08 16:00:00-04:00,107414.1043
2025-09-09 16:00:00-04:00,107414.1043
2025-09-10 16:00:00-04:00,107900.5119
2025-09-11 16:00:00-04:00,107900.5119
2025-09-12 16:00:00-04:00,107900.5119
2025-09-15 16:00:00-04:00,107900.5119
2025-09-16 16:00:00-04:00,107900.5119
2025-09-17 16:00:00-04:00,107900.5119
2025-09-18 16:00:00-04:00,107712.6941
2025-09-19 16:00:00-04:00,107555.26
2025-09-22 16:00:00-04:00,107555.26
2025-09-23 16:00:00-04:00,107555.26
2025-09-24 16:00:00-04:00,107555.26
2025-09-25 16:00:00-04:00,107847.7625
2025-09-26 16:00:00-04:00,107478.9013
2025-09-29 16:00:00-04:00,107478.9013
2025-09-30 16:00:00-04:00,107478.9013
