instrument,outcome,variable,bucket,n,win,win_rate,ci_lo,ci_hi,base_rate,delta_pp,fisher_p_vs_rest,flag
ES,rev30_excl,B1_direction,long,79,44,55.7,44.73,66.13,53.73,1.96,0.6019,
ES,rev30_excl,B1_direction,short,55,28,50.91,38.08,63.62,53.73,-2.82,0.6019,
ES,rev30_excl,B2_dist_atr,small,38,20,52.63,37.26,67.52,53.73,-1.1,1.0,
ES,rev30_excl,B2_dist_atr,med,46,25,54.35,40.18,67.85,53.73,0.62,1.0,
ES,rev30_excl,B2_dist_atr,large,50,27,54.0,40.4,67.03,53.73,0.27,1.0,
ES,rev30_excl,B3_vol_ratio,vol>1.0,89,51,57.3,46.94,67.07,53.73,3.57,0.2742,
ES,rev30_excl,B3_vol_ratio,vol<=1.0,45,21,46.67,32.94,60.92,53.73,-7.06,0.2742,
ES,rev30_excl,B5_origin,overnight/gap(2),106,54,50.94,41.56,60.26,53.73,-2.79,0.2868,
ES,rev30_excl,B5_origin,rth_fresh(1),28,18,64.29,45.83,79.29,53.73,10.55,0.2868,n<30
ES,rev30_excl,B6_poc_dist_atr,poc_low,59,29,49.15,36.84,61.56,53.73,-4.58,0.3855,
ES,rev30_excl,B6_poc_dist_atr,poc_mid,37,22,59.46,43.49,73.65,53.73,5.73,0.4438,
ES,rev30_excl,B6_poc_dist_atr,poc_high,38,21,55.26,39.71,69.85,53.73,1.53,0.8498,
ES,rev30_excl,B8_prevday_body,body_neg,59,30,50.85,38.44,63.16,53.73,-2.88,0.6027,
ES,rev30_excl,B8_prevday_body,body_mid,39,20,51.28,36.2,66.13,53.73,-2.45,0.8489,
ES,rev30_excl,B8_prevday_body,body_pos,36,22,61.11,44.86,75.22,53.73,7.38,0.3332,
ES,rev30_excl,B8_inside_day,inside_day,9,6,66.67,35.42,87.94,53.73,12.94,0.5042,n<30
ES,rev30_excl,B8_inside_day,not_inside,125,66,52.8,44.1,61.34,53.73,-0.93,0.5042,
ES,rev30_excl,B7_calendar,event,12,5,41.67,19.33,68.05,53.73,-12.06,0.5458,n<30
ES,rev30_excl,B7_calendar,non_event,122,67,54.92,46.07,63.46,53.73,1.19,0.5458,
ES,rev30_raw,B1_direction,long,144,44,30.56,23.62,38.5,35.12,-4.57,0.0389,
ES,rev30_raw,B1_direction,short,61,28,45.9,34.01,58.28,35.12,10.78,0.0389,
ES,rev30_raw,B2_dist_atr,small,69,20,28.99,19.62,40.57,35.12,-6.14,0.2172,
ES,rev30_raw,B2_dist_atr,med,68,25,36.76,26.3,48.64,35.12,1.64,0.7574,
ES,rev30_raw,B2_dist_atr,large,68,27,39.71,28.93,51.58,35.12,4.58,0.354,
ES,rev30_raw,B3_vol_ratio,vol>1.0,110,51,46.36,37.33,55.65,35.12,11.24,0.0004,
ES,rev30_raw,B3_vol_ratio,vol<=1.0,95,21,22.11,14.94,31.44,35.12,-13.02,0.0004,
ES,rev30_raw,B5_origin,overnight/gap(2),165,54,32.73,26.03,40.21,35.12,-2.39,0.1956,
ES,rev30_raw,B5_origin,rth_fresh(1),40,18,45.0,30.71,60.17,35.12,9.88,0.1956,
ES,rev30_raw,B6_poc_dist_atr,poc_low,69,29,42.03,31.11,53.79,35.12,6.91,0.1641,
ES,rev30_raw,B6_poc_dist_atr,poc_mid,68,22,32.35,22.44,44.16,35.12,-2.77,0.6417,
ES,rev30_raw,B6_poc_dist_atr,poc_high,68,21,30.88,21.17,42.64,35.12,-4.24,0.4379,
ES,rev30_raw,B8_prevday_body,body_neg,69,30,43.48,32.43,55.21,35.12,8.36,0.0889,
ES,rev30_raw,B8_prevday_body,body_mid,68,20,29.41,19.92,41.11,35.12,-5.71,0.2772,
ES,rev30_raw,B8_prevday_body,body_pos,68,22,32.35,22.44,44.16,35.12,-2.77,0.6417,
ES,rev30_raw,B8_inside_day,inside_day,12,6,50.0,25.38,74.62,35.12,14.88,0.3506,n<30
ES,rev30_raw,B8_inside_day,not_inside,193,66,34.2,27.87,41.14,35.12,-0.93,0.3506,
ES,rev30_raw,B7_calendar,event,17,5,29.41,13.28,53.13,35.12,-5.71,0.7921,n<30
ES,rev30_raw,B7_calendar,non_event,188,67,35.64,29.14,42.71,35.12,0.52,0.7921,
ES,rev10_raw,B1_direction,long,144,75,52.08,43.98,60.08,49.76,2.33,0.3599,
ES,rev10_raw,B1_direction,short,61,27,44.26,32.51,56.7,49.76,-5.49,0.3599,
ES,rev10_raw,B2_dist_atr,small,69,37,53.62,41.98,64.89,49.76,3.87,0.4622,
ES,rev10_raw,B2_dist_atr,med,68,32,47.06,35.67,58.76,49.76,-2.7,0.6569,
ES,rev10_raw,B2_dist_atr,large,68,33,48.53,37.05,60.17,49.76,-1.23,0.8823,
ES,rev10_raw,B3_vol_ratio,vol>1.0,110,56,50.91,41.7,60.06,49.76,1.15,0.7799,
ES,rev10_raw,B3_vol_ratio,vol<=1.0,95,46,48.42,38.63,58.33,49.76,-1.34,0.7799,
ES,rev10_raw,B5_origin,overnight/gap(2),165,77,46.67,39.22,54.27,49.76,-3.09,0.0802,
ES,rev10_raw,B5_origin,rth_fresh(1),40,25,62.5,47.03,75.78,49.76,12.74,0.0802,
ES,rev10_raw,B6_poc_dist_atr,poc_low,69,28,40.58,29.79,52.36,49.76,-9.18,0.0761,
ES,rev10_raw,B6_poc_dist_atr,poc_mid,68,40,58.82,46.96,69.74,49.76,9.07,0.0761,
ES,rev10_raw,B6_poc_dist_atr,poc_high,68,34,50.0,38.44,61.56,49.76,0.24,1.0,
ES,rev10_raw,B8_prevday_body,body_neg,69,37,53.62,41.98,64.89,49.76,3.87,0.4622,
ES,rev10_raw,B8_prevday_body,body_mid,68,27,39.71,28.93,51.58,49.76,-10.05,0.0537,
ES,rev10_raw,B8_prevday_body,body_pos,68,38,55.88,44.08,67.05,49.76,6.13,0.2375,
ES,rev10_raw,B8_inside_day,inside_day,12,10,83.33,55.2,95.3,49.76,33.58,0.0185,n<30
ES,rev10_raw,B8_inside_day,not_inside,193,92,47.67,40.74,54.69,49.76,-2.09,0.0185,
ES,rev10_raw,B7_calendar,event,17,10,58.82,36.01,78.39,49.76,9.07,0.4601,n<30
ES,rev10_raw,B7_calendar,non_event,188,92,48.94,41.88,56.03,49.76,-0.82,0.4601,
SPY,rev30_excl,B1_direction,long,70,41,58.57,46.88,69.37,57.63,0.94,0.8509,
SPY,rev30_excl,B1_direction,short,48,27,56.25,42.28,69.3,57.63,-1.38,0.8509,
SPY,rev30_excl,B2_dist_atr,small,34,16,47.06,31.45,63.26,57.63,-10.57,0.1548,
SPY,rev30_excl,B2_dist_atr,med,39,25,64.1,48.42,77.26,57.63,6.48,0.3313,
SPY,rev30_excl,B2_dist_atr,large,45,27,60.0,45.45,72.98,57.63,2.37,0.7057,
SPY,rev30_excl,B3_vol_ratio,vol>1.0,74,45,60.81,49.42,71.14,57.63,3.18,0.4418,
SPY,rev30_excl,B3_vol_ratio,vol<=1.0,44,23,52.27,37.94,66.25,57.63,-5.35,0.4418,
SPY,rev30_excl,B5_origin,overnight/gap(2),94,52,55.32,45.26,64.96,57.63,-2.31,0.3615,
SPY,rev30_excl,B5_origin,rth_fresh(1),24,16,66.67,46.71,82.03,57.63,9.04,0.3615,n<30
SPY,rev30_excl,B6_poc_dist_atr,poc_low,56,30,53.57,40.7,65.98,57.63,-4.06,0.4573,
SPY,rev30_excl,B6_poc_dist_atr,poc_mid,29,19,65.52,47.35,80.06,57.63,7.89,0.3896,n<30
SPY,rev30_excl,B6_poc_dist_atr,poc_high,33,19,57.58,40.81,72.76,57.63,-0.05,1.0,
SPY,rev30_excl,B8_prevday_body,body_neg,56,33,58.93,45.88,70.83,57.63,1.3,0.8529,
SPY,rev30_excl,B8_prevday_body,body_mid,33,16,48.48,32.5,64.78,57.63,-9.14,0.2212,
SPY,rev30_excl,B8_prevday_body,body_pos,29,19,65.52,47.35,80.06,57.63,7.89,0.3896,n<30
SPY,rev30_excl,B8_inside_day,inside_day,6,5,83.33,43.65,96.99,57.63,25.71,0.2399,n<30
SPY,rev30_excl,B8_inside_day,not_inside,112,63,56.25,47.01,65.08,57.63,-1.38,0.2399,
SPY,rev30_excl,B7_calendar,event,9,5,55.56,26.67,81.12,57.63,-2.07,1.0,n<30
SPY,rev30_excl,B7_calendar,non_event,109,63,57.8,48.42,66.65,57.63,0.17,1.0,
SPY,rev30_raw,B1_direction,long,156,41,26.28,20.0,33.7,31.63,-5.35,0.0084,
SPY,rev30_raw,B1_direction,short,59,27,45.76,33.7,58.34,31.63,14.13,0.0084,
SPY,rev30_raw,B2_dist_atr,small,72,16,22.22,14.17,33.09,31.63,-9.41,0.0433,
SPY,rev30_raw,B2_dist_atr,med,71,25,35.21,25.12,46.82,31.63,3.58,0.4394,
SPY,rev30_raw,B2_dist_atr,large,72,27,37.5,27.22,49.05,31.63,5.87,0.2149,
SPY,rev30_raw,B3_vol_ratio,vol>1.0,110,45,40.91,32.18,50.25,31.63,9.28,0.0033,
SPY,rev30_raw,B3_vol_ratio,vol<=1.0,105,23,21.9,15.06,30.73,31.63,-9.72,0.0033,
SPY,rev30_raw,B5_origin,overnight/gap(2),178,52,29.21,23.03,36.28,31.63,-2.41,0.1197,
SPY,rev30_raw,B5_origin,rth_fresh(1),37,16,43.24,28.67,59.09,31.63,11.62,0.1197,
SPY,rev30_raw,B6_poc_dist_atr,poc_low,72,30,41.67,30.99,53.19,31.63,10.04,0.0298,
SPY,rev30_raw,B6_poc_dist_atr,poc_mid,71,19,26.76,17.85,38.05,31.63,-4.87,0.3497,
SPY,rev30_raw,B6_poc_dist_atr,poc_high,72,19,26.39,17.59,37.58,31.63,-5.24,0.2783,
SPY,rev30_raw,B8_prevday_body,body_neg,72,33,45.83,34.83,57.26,31.63,14.21,0.0019,
SPY,rev30_raw,B8_prevday_body,body_mid,71,16,22.54,14.37,33.52,31.63,-9.09,0.0608,
SPY,rev30_raw,B8_prevday_body,body_pos,72,19,26.39,17.59,37.58,31.63,-5.24,0.2783,
SPY,rev30_raw,B8_inside_day,inside_day,11,5,45.45,21.27,71.99,31.63,13.83,0.3299,n<30
SPY,rev30_raw,B8_inside_day,not_inside,204,63,30.88,24.94,37.53,31.63,-0.75,0.3299,
SPY,rev30_raw,B7_calendar,event,18,5,27.78,12.5,50.87,31.63,-3.85,0.7974,n<30
SPY,rev30_raw,B7_calendar,non_event,197,63,31.98,25.86,38.78,31.63,0.35,0.7974,
SPY,rev10_raw,B1_direction,long,156,81,51.92,44.13,59.62,51.63,0.3,1.0,
SPY,rev10_raw,B1_direction,short,59,30,50.85,38.44,63.16,51.63,-0.78,1.0,
SPY,rev10_raw,B2_dist_atr,small,72,38,52.78,41.4,63.87,51.63,1.15,0.8853,
SPY,rev10_raw,B2_dist_atr,med,71,37,52.11,40.69,63.32,51.63,0.48,1.0,
SPY,rev10_raw,B2_dist_atr,large,72,36,50.0,38.75,61.25,51.63,-1.63,0.7735,
SPY,rev10_raw,B3_vol_ratio,vol>1.0,110,56,50.91,41.7,60.06,51.63,-0.72,0.8916,
SPY,rev10_raw,B3_vol_ratio,vol<=1.0,105,55,52.38,42.91,61.68,51.63,0.75,0.8916,
SPY,rev10_raw,B5_origin,overnight/gap(2),178,86,48.31,41.09,55.61,51.63,-3.31,0.0459,
SPY,rev10_raw,B5_origin,rth_fresh(1),37,25,67.57,51.46,80.37,51.63,15.94,0.0459,
SPY,rev10_raw,B6_poc_dist_atr,poc_low,72,33,45.83,34.83,57.26,51.63,-5.79,0.2494,
SPY,rev10_raw,B6_poc_dist_atr,poc_mid,71,38,53.52,42.04,64.64,51.63,1.89,0.772,
SPY,rev10_raw,B6_poc_dist_atr,poc_high,72,40,55.56,44.09,66.46,51.63,3.93,0.4704,
SPY,rev10_raw,B8_prevday_body,body_neg,72,43,59.72,48.18,70.28,51.63,8.09,0.1119,
SPY,rev10_raw,B8_prevday_body,body_mid,71,26,36.62,26.37,48.24,51.63,-15.01,0.0023,
SPY,rev10_raw,B8_prevday_body,body_pos,72,42,58.33,46.81,69.01,51.63,6.71,0.1936,
SPY,rev10_raw,B8_inside_day,inside_day,11,8,72.73,43.44,90.25,51.63,21.1,0.2172,n<30
SPY,rev10_raw,B8_inside_day,not_inside,204,103,50.49,43.68,57.28,51.63,-1.14,0.2172,
SPY,rev10_raw,B7_calendar,event,18,9,50.0,29.03,70.97,51.63,-1.63,1.0,n<30
SPY,rev10_raw,B7_calendar,non_event,197,102,51.78,44.83,58.65,51.63,0.15,1.0,
